{
  "DLSVersion": "2.1.6",
  "Name": "curren",
  "NameLocation": 1,
  "ChipType": 0,
  "Size": {
    "x": 3.7,
    "y": 1.5
  },
  "Colour": {
    "r": 0.0579043366,
    "g": 0.449866652,
    "b": 0.0532592423,
    "a": 1
  },
  "InputPins":[
    {
      "Name":"IN",
      "ID":1294910615,
      "Position":{
        "x":23.125,
        "y":23.125
      },
      "BitCount":8,
      "Colour":0,
      "ValueDisplayMode":0
    },
    {
      "Name":"IN",
      "ID":184023076,
      "Position":{
        "x":23.125,
        "y":22.625
      },
      "BitCount":8,
      "Colour":0,
      "ValueDisplayMode":0
    },
    {
      "Name":"Store",
      "ID":338969680,
      "Position":{
        "x":22.0,
        "y":22.0625
      },
      "BitCount":1,
      "Colour":3,
      "ValueDisplayMode":0
    },
    {
      "Name":"Clear",
      "ID":531742746,
      "Position":{
        "x":22.625,
        "y":21.5625
      },
      "BitCount":1,
      "Colour":4,
      "ValueDisplayMode":0
    }
  ],
  "OutputPins":[
    {
      "Name":"OUT",
      "ID":1311080486,
      "Position":{
        "x":28.375,
        "y":23.875
      },
      "BitCount":8,
      "Colour":0,
      "ValueDisplayMode":0
    },
    {
      "Name":"OUT",
      "ID":802084817,
      "Position":{
        "x":28.375,
        "y":21.875
      },
      "BitCount":8,
      "Colour":0,
      "ValueDisplayMode":0
    }
  ],
  "SubChips":[
    {
      "Name":"Input Set",
      "ID":2093966863,
      "Label":"",
      "Position":{
        "x":25.735,
        "y":23.4375
      },
      "OutputPinColourInfo":[{"PinColour":0,"PinID":1981046234}],
      "InternalData":null
    },
    {
      "Name":"Input Set",
      "ID":1585026222,
      "Label":"",
      "Position":{
        "x":25.735,
        "y":22.375
      },
      "OutputPinColourInfo":[{"PinColour":0,"PinID":1981046234}],
      "InternalData":null
    },
    {
      "Name":"LED",
      "ID":782909025,
      "Label":"1",
      "Position":{
        "x":31.635,
        "y":23.125
      },
      "OutputPinColourInfo":[],
      "InternalData":[0]
    },
    {
      "Name":"LED",
      "ID":162427683,
      "Label":"6",
      "Position":{
        "x":32.135,
        "y":22.8125
      },
      "OutputPinColourInfo":[],
      "InternalData":[0]
    },
    {
      "Name":"LED",
      "ID":2108743484,
      "Label":"5",
      "Position":{
        "x":31.635,
        "y":22.8125
      },
      "OutputPinColourInfo":[],
      "InternalData":[0]
    },
    {
      "Name":"LED",
      "ID":1558578126,
      "Label":"2",
      "Position":{
        "x":32.135,
        "y":23.125
      },
      "OutputPinColourInfo":[],
      "InternalData":[0]
    },
    {
      "Name":"LED",
      "ID":1622127711,
      "Label":"3",
      "Position":{
        "x":32.635,
        "y":23.125
      },
      "OutputPinColourInfo":[],
      "InternalData":[0]
    },
    {
      "Name":"LED",
      "ID":1726933739,
      "Label":"7",
      "Position":{
        "x":32.635,
        "y":22.8125
      },
      "OutputPinColourInfo":[],
      "InternalData":[0]
    },
    {
      "Name":"LED",
      "ID":1810775950,
      "Label":"4",
      "Position":{
        "x":33.135,
        "y":23.125
      },
      "OutputPinColourInfo":[],
      "InternalData":[0]
    },
    {
      "Name":"LED",
      "ID":944337392,
      "Label":"8",
      "Position":{
        "x":33.135,
        "y":22.8125
      },
      "OutputPinColourInfo":[],
      "InternalData":[0]
    },
    {
      "Name":"LED",
      "ID":909195986,
      "Label":"9",
      "Position":{
        "x":31.635,
        "y":22.5
      },
      "OutputPinColourInfo":[],
      "InternalData":[0]
    },
    {
      "Name":"LED",
      "ID":378747410,
      "Label":"d",
      "Position":{
        "x":31.635,
        "y":22.1875
      },
      "OutputPinColourInfo":[],
      "InternalData":[0]
    },
    {
      "Name":"LED",
      "ID":57099456,
      "Label":"a",
      "Position":{
        "x":32.135,
        "y":22.5
      },
      "OutputPinColourInfo":[],
      "InternalData":[0]
    },
    {
      "Name":"LED",
      "ID":1700593271,
      "Label":"e",
      "Position":{
        "x":32.135,
        "y":22.1875
      },
      "OutputPinColourInfo":[],
      "InternalData":[0]
    },
    {
      "Name":"LED",
      "ID":1502403803,
      "Label":"b",
      "Position":{
        "x":32.635,
        "y":22.5
      },
      "OutputPinColourInfo":[],
      "InternalData":[0]
    },
    {
      "Name":"LED",
      "ID":477015465,
      "Label":"f",
      "Position":{
        "x":32.635,
        "y":22.1875
      },
      "OutputPinColourInfo":[],
      "InternalData":[0]
    },
    {
      "Name":"LED",
      "ID":704515980,
      "Label":"c",
      "Position":{
        "x":33.135,
        "y":22.5
      },
      "OutputPinColourInfo":[],
      "InternalData":[0]
    },
    {
      "Name":"LED",
      "ID":2052734273,
      "Label":"g",
      "Position":{
        "x":33.135,
        "y":22.1875
      },
      "OutputPinColourInfo":[],
      "InternalData":[0]
    },
    {
      "Name":"8-1BIT",
      "ID":1608007394,
      "Label":"",
      "Position":{
        "x":29.5725,
        "y":23.8125
      },
      "OutputPinColourInfo":[{"PinColour":0,"PinID":1},{"PinColour":0,"PinID":2},{"PinColour":0,"PinID":3},{"PinColour":0,"PinID":4},{"PinColour":0,"PinID":5},{"PinColour":0,"PinID":6},{"PinColour":0,"PinID":7},{"PinColour":0,"PinID":8}],
      "InternalData":null
    },
    {
      "Name":"8-1BIT",
      "ID":561885855,
      "Label":"",
      "Position":{
        "x":29.5725,
        "y":21.75
      },
      "OutputPinColourInfo":[{"PinColour":0,"PinID":1},{"PinColour":0,"PinID":2},{"PinColour":0,"PinID":3},{"PinColour":0,"PinID":4},{"PinColour":0,"PinID":5},{"PinColour":0,"PinID":6},{"PinColour":0,"PinID":7},{"PinColour":0,"PinID":8}],
      "InternalData":null
    },
    {
      "Name":"OR",
      "ID":1461729690,
      "Label":"",
      "Position":{
        "x":23.9725,
        "y":21.9375
      },
      "OutputPinColourInfo":[{"PinColour":0,"PinID":1165613228}],
      "InternalData":null
    }
  ],
  "Wires":[
    {
      "SourcePinAddress":{
        "PinID":1,
        "PinOwnerID":1608007394
      },
      "TargetPinAddress":{
        "PinID":0,
        "PinOwnerID":782909025
      },
      "ConnectionType":0,
      "ConnectedWireIndex":-1,
      "ConnectedWireSegmentIndex":-1,
      "Points":[{"x":0.0,"y":0.0},{"x":0.0,"y":0.0}]
    },
    {
      "SourcePinAddress":{
        "PinID":2,
        "PinOwnerID":1608007394
      },
      "TargetPinAddress":{
        "PinID":0,
        "PinOwnerID":1558578126
      },
      "ConnectionType":0,
      "ConnectedWireIndex":-1,
      "ConnectedWireSegmentIndex":-1,
      "Points":[{"x":0.0,"y":0.0},{"x":0.0,"y":0.0}]
    },
    {
      "SourcePinAddress":{
        "PinID":3,
        "PinOwnerID":1608007394
      },
      "TargetPinAddress":{
        "PinID":0,
        "PinOwnerID":1622127711
      },
      "ConnectionType":0,
      "ConnectedWireIndex":-1,
      "ConnectedWireSegmentIndex":-1,
      "Points":[{"x":0.0,"y":0.0},{"x":0.0,"y":0.0}]
    },
    {
      "SourcePinAddress":{
        "PinID":4,
        "PinOwnerID":1608007394
      },
      "TargetPinAddress":{
        "PinID":0,
        "PinOwnerID":1810775950
      },
      "ConnectionType":0,
      "ConnectedWireIndex":-1,
      "ConnectedWireSegmentIndex":-1,
      "Points":[{"x":0.0,"y":0.0},{"x":0.0,"y":0.0}]
    },
    {
      "SourcePinAddress":{
        "PinID":5,
        "PinOwnerID":1608007394
      },
      "TargetPinAddress":{
        "PinID":0,
        "PinOwnerID":2108743484
      },
      "ConnectionType":0,
      "ConnectedWireIndex":-1,
      "ConnectedWireSegmentIndex":-1,
      "Points":[{"x":0.0,"y":0.0},{"x":0.0,"y":0.0}]
    },
    {
      "SourcePinAddress":{
        "PinID":6,
        "PinOwnerID":1608007394
      },
      "TargetPinAddress":{
        "PinID":0,
        "PinOwnerID":162427683
      },
      "ConnectionType":0,
      "ConnectedWireIndex":-1,
      "ConnectedWireSegmentIndex":-1,
      "Points":[{"x":0.0,"y":0.0},{"x":0.0,"y":0.0}]
    },
    {
      "SourcePinAddress":{
        "PinID":7,
        "PinOwnerID":1608007394
      },
      "TargetPinAddress":{
        "PinID":0,
        "PinOwnerID":1726933739
      },
      "ConnectionType":0,
      "ConnectedWireIndex":-1,
      "ConnectedWireSegmentIndex":-1,
      "Points":[{"x":0.0,"y":0.0},{"x":0.0,"y":0.0}]
    },
    {
      "SourcePinAddress":{
        "PinID":8,
        "PinOwnerID":1608007394
      },
      "TargetPinAddress":{
        "PinID":0,
        "PinOwnerID":944337392
      },
      "ConnectionType":0,
      "ConnectedWireIndex":-1,
      "ConnectedWireSegmentIndex":-1,
      "Points":[{"x":0.0,"y":0.0},{"x":0.0,"y":0.0}]
    },
    {
      "SourcePinAddress":{
        "PinID":1,
        "PinOwnerID":561885855
      },
      "TargetPinAddress":{
        "PinID":0,
        "PinOwnerID":909195986
      },
      "ConnectionType":0,
      "ConnectedWireIndex":-1,
      "ConnectedWireSegmentIndex":-1,
      "Points":[{"x":0.0,"y":0.0},{"x":0.0,"y":0.0}]
    },
    {
      "SourcePinAddress":{
        "PinID":2,
        "PinOwnerID":561885855
      },
      "TargetPinAddress":{
        "PinID":0,
        "PinOwnerID":57099456
      },
      "ConnectionType":0,
      "ConnectedWireIndex":-1,
      "ConnectedWireSegmentIndex":-1,
      "Points":[{"x":0.0,"y":0.0},{"x":0.0,"y":0.0}]
    },
    {
      "SourcePinAddress":{
        "PinID":3,
        "PinOwnerID":561885855
      },
      "TargetPinAddress":{
        "PinID":0,
        "PinOwnerID":1502403803
      },
      "ConnectionType":0,
      "ConnectedWireIndex":-1,
      "ConnectedWireSegmentIndex":-1,
      "Points":[{"x":0.0,"y":0.0},{"x":0.0,"y":0.0}]
    },
    {
      "SourcePinAddress":{
        "PinID":4,
        "PinOwnerID":561885855
      },
      "TargetPinAddress":{
        "PinID":0,
        "PinOwnerID":704515980
      },
      "ConnectionType":0,
      "ConnectedWireIndex":-1,
      "ConnectedWireSegmentIndex":-1,
      "Points":[{"x":0.0,"y":0.0},{"x":0.0,"y":0.0}]
    },
    {
      "SourcePinAddress":{
        "PinID":5,
        "PinOwnerID":561885855
      },
      "TargetPinAddress":{
        "PinID":0,
        "PinOwnerID":378747410
      },
      "ConnectionType":0,
      "ConnectedWireIndex":-1,
      "ConnectedWireSegmentIndex":-1,
      "Points":[{"x":0.0,"y":0.0},{"x":0.0,"y":0.0}]
    },
    {
      "SourcePinAddress":{
        "PinID":6,
        "PinOwnerID":561885855
      },
      "TargetPinAddress":{
        "PinID":0,
        "PinOwnerID":1700593271
      },
      "ConnectionType":0,
      "ConnectedWireIndex":-1,
      "ConnectedWireSegmentIndex":-1,
      "Points":[{"x":0.0,"y":0.0},{"x":0.0,"y":0.0}]
    },
    {
      "SourcePinAddress":{
        "PinID":7,
        "PinOwnerID":561885855
      },
      "TargetPinAddress":{
        "PinID":0,
        "PinOwnerID":477015465
      },
      "ConnectionType":0,
      "ConnectedWireIndex":-1,
      "ConnectedWireSegmentIndex":-1,
      "Points":[{"x":0.0,"y":0.0},{"x":0.0,"y":0.0}]
    },
    {
      "SourcePinAddress":{
        "PinID":8,
        "PinOwnerID":561885855
      },
      "TargetPinAddress":{
        "PinID":0,
        "PinOwnerID":2052734273
      },
      "ConnectionType":0,
      "ConnectedWireIndex":-1,
      "ConnectedWireSegmentIndex":-1,
      "Points":[{"x":0.0,"y":0.0},{"x":0.0,"y":0.0}]
    },
    {
      "SourcePinAddress":{
        "PinID":0,
        "PinOwnerID":184023076
      },
      "TargetPinAddress":{
        "PinID":321197957,
        "PinOwnerID":1585026222
      },
      "ConnectionType":0,
      "ConnectedWireIndex":-1,
      "ConnectedWireSegmentIndex":-1,
      "Points":[{"x":0.0,"y":0.0},{"x":0.0,"y":0.0}]
    },
    {
      "SourcePinAddress":{
        "PinID":0,
        "PinOwnerID":1294910615
      },
      "TargetPinAddress":{
        "PinID":321197957,
        "PinOwnerID":2093966863
      },
      "ConnectionType":0,
      "ConnectedWireIndex":-1,
      "ConnectedWireSegmentIndex":-1,
      "Points":[{"x":0.0,"y":0.0},{"x":24.5,"y":23.125},{"x":24.5,"y":23.6875},{"x":0.0,"y":0.0}]
    },
    {
      "SourcePinAddress":{
        "PinID":0,
        "PinOwnerID":338969680
      },
      "TargetPinAddress":{
        "PinID":70153538,
        "PinOwnerID":1461729690
      },
      "ConnectionType":0,
      "ConnectedWireIndex":-1,
      "ConnectedWireSegmentIndex":-1,
      "Points":[{"x":0.0,"y":0.0},{"x":0.0,"y":0.0}]
    },
    {
      "SourcePinAddress":{
        "PinID":1165613228,
        "PinOwnerID":1461729690
      },
      "TargetPinAddress":{
        "PinID":1206600009,
        "PinOwnerID":2093966863
      },
      "ConnectionType":0,
      "ConnectedWireIndex":-1,
      "ConnectedWireSegmentIndex":-1,
      "Points":[{"x":0.0,"y":0.0},{"x":0.0,"y":0.0}]
    },
    {
      "SourcePinAddress":{
        "PinID":1165613228,
        "PinOwnerID":1461729690
      },
      "TargetPinAddress":{
        "PinID":1206600009,
        "PinOwnerID":1585026222
      },
      "ConnectionType":0,
      "ConnectedWireIndex":-1,
      "ConnectedWireSegmentIndex":-1,
      "Points":[{"x":0.0,"y":0.0},{"x":0.0,"y":0.0}]
    },
    {
      "SourcePinAddress":{
        "PinID":0,
        "PinOwnerID":531742746
      },
      "TargetPinAddress":{
        "PinID":1891478222,
        "PinOwnerID":1461729690
      },
      "ConnectionType":0,
      "ConnectedWireIndex":-1,
      "ConnectedWireSegmentIndex":-1,
      "Points":[{"x":0.0,"y":0.0},{"x":0.0,"y":0.0}]
    },
    {
      "SourcePinAddress":{
        "PinID":0,
        "PinOwnerID":531742746
      },
      "TargetPinAddress":{
        "PinID":841455058,
        "PinOwnerID":1585026222
      },
      "ConnectionType":0,
      "ConnectedWireIndex":-1,
      "ConnectedWireSegmentIndex":-1,
      "Points":[{"x":0.0,"y":0.0},{"x":0.0,"y":0.0}]
    },
    {
      "SourcePinAddress":{
        "PinID":0,
        "PinOwnerID":531742746
      },
      "TargetPinAddress":{
        "PinID":841455058,
        "PinOwnerID":2093966863
      },
      "ConnectionType":0,
      "ConnectedWireIndex":-1,
      "ConnectedWireSegmentIndex":-1,
      "Points":[{"x":0.0,"y":0.0},{"x":0.0,"y":0.0}]
    },
    {
      "SourcePinAddress":{
        "PinID":1981046234,
        "PinOwnerID":2093966863
      },
      "TargetPinAddress":{
        "PinID":0,
        "PinOwnerID":1608007394
      },
      "ConnectionType":0,
      "ConnectedWireIndex":-1,
      "ConnectedWireSegmentIndex":-1,
      "Points":[{"x":0.0,"y":0.0},{"x":28.6875,"y":23.4375},{"x":28.6875,"y":23.8125},{"x":0.0,"y":0.0}]
    },
    {
      "SourcePinAddress":{
        "PinID":1981046234,
        "PinOwnerID":1585026222
      },
      "TargetPinAddress":{
        "PinID":0,
        "PinOwnerID":561885855
      },
      "ConnectionType":0,
      "ConnectedWireIndex":-1,
      "ConnectedWireSegmentIndex":-1,
      "Points":[{"x":0.0,"y":0.0},{"x":28.6875,"y":22.375},{"x":28.6875,"y":21.8125},{"x":0.0,"y":0.0}]
    },
    {
      "SourcePinAddress":{
        "PinID":1981046234,
        "PinOwnerID":1585026222
      },
      "TargetPinAddress":{
        "PinID":0,
        "PinOwnerID":802084817
      },
      "ConnectionType":1,
      "ConnectedWireIndex":25,
      "ConnectedWireSegmentIndex":0,
      "Points":[{"x":26.9375,"y":22.375},{"x":26.9375,"y":21.875},{"x":0.0,"y":0.0}]
    },
    {
      "SourcePinAddress":{
        "PinID":1981046234,
        "PinOwnerID":2093966863
      },
      "TargetPinAddress":{
        "PinID":0,
        "PinOwnerID":1311080486
      },
      "ConnectionType":1,
      "ConnectedWireIndex":24,
      "ConnectedWireSegmentIndex":0,
      "Points":[{"x":26.9375,"y":23.4375},{"x":26.9375,"y":23.875},{"x":0.0,"y":0.0}]
    }
  ],
  "Displays":[
    {
      "SubChipID":1585026222,
      "Position":{
        "x":-1.125,
        "y":0.15625
      },
      "Scale":1.0
    },
    {
      "SubChipID":2093966863,
      "Position":{
        "x":-1.125,
        "y":0.65625
      },
      "Scale":1.0
    },
    {
      "SubChipID":1810775950,
      "Position":{
        "x":1.65625,
        "y":0.46875
      },
      "Scale":1.0
    },
    {
      "SubChipID":944337392,
      "Position":{
        "x":1.65625,
        "y":0.15625
      },
      "Scale":1.0
    },
    {
      "SubChipID":704515980,
      "Position":{
        "x":1.65625,
        "y":-0.15625
      },
      "Scale":1.0
    },
    {
      "SubChipID":2052734273,
      "Position":{
        "x":1.65625,
        "y":-0.46875
      },
      "Scale":1.0
    },
    {
      "SubChipID":1622127711,
      "Position":{
        "x":1.34375,
        "y":0.46875
      },
      "Scale":1.0
    },
    {
      "SubChipID":1726933739,
      "Position":{
        "x":1.34375,
        "y":0.15625
      },
      "Scale":1.0
    },
    {
      "SubChipID":1502403803,
      "Position":{
        "x":1.34375,
        "y":-0.15625
      },
      "Scale":1.0
    },
    {
      "SubChipID":477015465,
      "Position":{
        "x":1.34375,
        "y":-0.46875
      },
      "Scale":1.0
    },
    {
      "SubChipID":1558578126,
      "Position":{
        "x":1.03125,
        "y":0.46875
      },
      "Scale":1.0
    },
    {
      "SubChipID":162427683,
      "Position":{
        "x":1.03125,
        "y":0.15625
      },
      "Scale":1.0
    },
    {
      "SubChipID":57099456,
      "Position":{
        "x":1.03125,
        "y":-0.15625
      },
      "Scale":1.0
    },
    {
      "SubChipID":1700593271,
      "Position":{
        "x":1.03125,
        "y":-0.46875
      },
      "Scale":1.0
    },
    {
      "SubChipID":782909025,
      "Position":{
        "x":0.71875,
        "y":0.46875
      },
      "Scale":1.0
    },
    {
      "SubChipID":2108743484,
      "Position":{
        "x":0.71875,
        "y":0.15625
      },
      "Scale":1.0
    },
    {
      "SubChipID":909195986,
      "Position":{
        "x":0.71875,
        "y":-0.15625
      },
      "Scale":1.0
    },
    {
      "SubChipID":378747410,
      "Position":{
        "x":0.71875,
        "y":-0.46875
      },
      "Scale":1.0
    }
  ]
}