{
  "DLSVersion": "2.1.6",
  "Name": "D Latch",
  "NameLocation": 0,
  "ChipType": 0,
  "Size": {
    "x": 1.025,
    "y": 0.5
  },
  "Colour": {
    "r": 0.3746097,
    "g": 0.127482042,
    "b": 0.0398178622,
    "a": 1
  },
  "InputPins":[
    {
      "Name":"D\\",
      "ID":77774206,
      "Position":{
        "x":27.55559,
        "y":19.42269
      },
      "BitCount":1,
      "Colour":0,
      "ValueDisplayMode":0
    },
    {
      "Name":"E",
      "ID":1190534317,
      "Position":{
        "x":27.59417,
        "y":17.80584
      },
      "BitCount":1,
      "Colour":0,
      "ValueDisplayMode":0
    }
  ],
  "OutputPins":[
    {
      "Name":"OUT",
      "ID":1866451594,
      "Position":{
        "x":34.1282,
        "y":18.91063
      },
      "BitCount":1,
      "Colour":0,
      "ValueDisplayMode":0
    }
  ],
  "SubChips":[
    {
      "Name":"NAND",
      "ID":641483419,
      "Label":"",
      "Position":{
        "x":29.75465,
        "y":18.8475
      },
      "OutputPinColourInfo":[{"PinColour":0,"PinID":2}],
      "InternalData":null
    },
    {
      "Name":"NAND",
      "ID":1160879572,
      "Label":"",
      "Position":{
        "x":29.76166,
        "y":18.01979
      },
      "OutputPinColourInfo":[{"PinColour":0,"PinID":2}],
      "InternalData":null
    },
    {
      "Name":"NAND",
      "ID":106479687,
      "Label":"",
      "Position":{
        "x":31.69066,
        "y":18.82295
      },
      "OutputPinColourInfo":[{"PinColour":0,"PinID":2}],
      "InternalData":null
    },
    {
      "Name":"NAND",
      "ID":1289903041,
      "Label":"",
      "Position":{
        "x":31.72924,
        "y":18.08993
      },
      "OutputPinColourInfo":[{"PinColour":0,"PinID":2}],
      "InternalData":null
    }
  ],
  "Wires":[
    {
      "SourcePinAddress":{
        "PinID":0,
        "PinOwnerID":77774206
      },
      "TargetPinAddress":{
        "PinID":0,
        "PinOwnerID":641483419
      },
      "ConnectionType":0,
      "ConnectedWireIndex":-1,
      "ConnectedWireSegmentIndex":-1,
      "Points":[{"x":0.0,"y":0.0},{"x":0.0,"y":0.0}]
    },
    {
      "SourcePinAddress":{
        "PinID":0,
        "PinOwnerID":1190534317
      },
      "TargetPinAddress":{
        "PinID":1,
        "PinOwnerID":1160879572
      },
      "ConnectionType":0,
      "ConnectedWireIndex":-1,
      "ConnectedWireSegmentIndex":-1,
      "Points":[{"x":0.0,"y":0.0},{"x":0.0,"y":0.0}]
    },
    {
      "SourcePinAddress":{
        "PinID":0,
        "PinOwnerID":1190534317
      },
      "TargetPinAddress":{
        "PinID":1,
        "PinOwnerID":641483419
      },
      "ConnectionType":1,
      "ConnectedWireIndex":1,
      "ConnectedWireSegmentIndex":0,
      "Points":[{"x":28.70004,"y":17.84034},{"x":28.68143,"y":18.72475},{"x":0.0,"y":0.0}]
    },
    {
      "SourcePinAddress":{
        "PinID":2,
        "PinOwnerID":641483419
      },
      "TargetPinAddress":{
        "PinID":0,
        "PinOwnerID":106479687
      },
      "ConnectionType":0,
      "ConnectedWireIndex":-1,
      "ConnectedWireSegmentIndex":-1,
      "Points":[{"x":0.0,"y":0.0},{"x":0.0,"y":0.0}]
    },
    {
      "SourcePinAddress":{
        "PinID":2,
        "PinOwnerID":641483419
      },
      "TargetPinAddress":{
        "PinID":0,
        "PinOwnerID":1160879572
      },
      "ConnectionType":1,
      "ConnectedWireIndex":3,
      "ConnectedWireSegmentIndex":0,
      "Points":[{"x":30.64216,"y":18.88909},{"x":30.5999,"y":18.41611},{"x":29.02514,"y":18.37402},{"x":29.00409,"y":18.16008},{"x":0.0,"y":0.0}]
    },
    {
      "SourcePinAddress":{
        "PinID":2,
        "PinOwnerID":1160879572
      },
      "TargetPinAddress":{
        "PinID":1,
        "PinOwnerID":1289903041
      },
      "ConnectionType":0,
      "ConnectedWireIndex":-1,
      "ConnectedWireSegmentIndex":-1,
      "Points":[{"x":0.0,"y":0.0},{"x":0.0,"y":0.0}]
    },
    {
      "SourcePinAddress":{
        "PinID":2,
        "PinOwnerID":106479687
      },
      "TargetPinAddress":{
        "PinID":0,
        "PinOwnerID":1866451594
      },
      "ConnectionType":0,
      "ConnectedWireIndex":-1,
      "ConnectedWireSegmentIndex":-1,
      "Points":[{"x":0.0,"y":0.0},{"x":0.0,"y":0.0}]
    },
    {
      "SourcePinAddress":{
        "PinID":2,
        "PinOwnerID":106479687
      },
      "TargetPinAddress":{
        "PinID":0,
        "PinOwnerID":1289903041
      },
      "ConnectionType":1,
      "ConnectedWireIndex":6,
      "ConnectedWireSegmentIndex":0,
      "Points":[{"x":32.5184,"y":18.84715},{"x":32.56396,"y":18.45469},{"x":30.85242,"y":18.43715},{"x":30.80683,"y":18.21619},{"x":0.0,"y":0.0}]
    },
    {
      "SourcePinAddress":{
        "PinID":2,
        "PinOwnerID":1289903041
      },
      "TargetPinAddress":{
        "PinID":1,
        "PinOwnerID":106479687
      },
      "ConnectionType":0,
      "ConnectedWireIndex":-1,
      "ConnectedWireSegmentIndex":-1,
      "Points":[{"x":0.0,"y":0.0},{"x":32.47628,"y":18.11799},{"x":32.37808,"y":18.34245},{"x":30.85242,"y":18.59147},{"x":30.86996,"y":18.72124},{"x":0.0,"y":0.0}]
    }
  ],
  "Displays": null
}