{
  "DLSVersion": "2.1.6",
  "Name": "GameBorders",
  "NameLocation": 0,
  "ChipType": 0,
  "Size": {
    "x": 1.775,
    "y": 0.75
  },
  "Colour": {
    "r": 0.676356733,
    "g": 0.9340235,
    "b": 0.747875869,
    "a": 1
  },
  "InputPins":[
    {
      "Name":"IN",
      "ID":1445418089,
      "Position":{
        "x":-7.0,
        "y":-0.8125
      },
      "BitCount":8,
      "Colour":0,
      "ValueDisplayMode":0
    }
  ],
  "OutputPins":[
    {
      "Name":"OUT",
      "ID":68612647,
      "Position":{
        "x":1.875,
        "y":-2.0625
      },
      "BitCount":1,
      "Colour":0,
      "ValueDisplayMode":0
    },
    {
      "Name":"OUT",
      "ID":762589140,
      "Position":{
        "x":1.875,
        "y":-2.6875
      },
      "BitCount":1,
      "Colour":0,
      "ValueDisplayMode":0
    },
    {
      "Name":"OUT",
      "ID":2041774487,
      "Position":{
        "x":1.875,
        "y":-3.9375
      },
      "BitCount":1,
      "Colour":0,
      "ValueDisplayMode":0
    }
  ],
  "SubChips":[
    {
      "Name":"Counter8",
      "ID":1757767756,
      "Label":"",
      "Position":{
        "x":-4.8275,
        "y":-0.8125
      },
      "OutputPinColourInfo":[{"PinColour":0,"PinID":1926616319}],
      "InternalData":null
    },
    {
      "Name":"4-1BIT",
      "ID":1290285763,
      "Label":"",
      "Position":{
        "x":-3.1775,
        "y":-0.8125
      },
      "OutputPinColourInfo":[{"PinColour":0,"PinID":1},{"PinColour":0,"PinID":2},{"PinColour":0,"PinID":3},{"PinColour":0,"PinID":4}],
      "InternalData":null
    },
    {
      "Name":"1-4BIT",
      "ID":376367923,
      "Label":"",
      "Position":{
        "x":1.1975,
        "y":-0.8125
      },
      "OutputPinColourInfo":[{"PinColour":0,"PinID":4}],
      "InternalData":null
    },
    {
      "Name":"OR",
      "ID":20939555,
      "Label":"",
      "Position":{
        "x":-1.6525,
        "y":-3.625
      },
      "OutputPinColourInfo":[{"PinColour":0,"PinID":1165613228}],
      "InternalData":null
    },
    {
      "Name":"OR",
      "ID":1207171984,
      "Label":"",
      "Position":{
        "x":-1.6525,
        "y":-4.25
      },
      "OutputPinColourInfo":[{"PinColour":0,"PinID":1165613228}],
      "InternalData":null
    },
    {
      "Name":"OR",
      "ID":525326167,
      "Label":"",
      "Position":{
        "x":-0.9025,
        "y":-3.9375
      },
      "OutputPinColourInfo":[{"PinColour":0,"PinID":1165613228}],
      "InternalData":null
    },
    {
      "Name":"NOT",
      "ID":182758995,
      "Label":"",
      "Position":{
        "x":-0.0775,
        "y":-3.9375
      },
      "OutputPinColourInfo":[{"PinColour":0,"PinID":84425304}],
      "InternalData":null
    },
    {
      "Name":"NOT",
      "ID":1944014158,
      "Label":"",
      "Position":{
        "x":-1.5775,
        "y":-3.125
      },
      "OutputPinColourInfo":[{"PinColour":0,"PinID":84425304}],
      "InternalData":null
    },
    {
      "Name":"NOT",
      "ID":467140752,
      "Label":"",
      "Position":{
        "x":-1.5775,
        "y":-2.6875
      },
      "OutputPinColourInfo":[{"PinColour":0,"PinID":84425304}],
      "InternalData":null
    },
    {
      "Name":"NOT",
      "ID":1893166973,
      "Label":"",
      "Position":{
        "x":-1.5775,
        "y":-2.0625
      },
      "OutputPinColourInfo":[{"PinColour":0,"PinID":84425304}],
      "InternalData":null
    },
    {
      "Name":"AND",
      "ID":832914210,
      "Label":"",
      "Position":{
        "x":-0.5775,
        "y":-2.3125
      },
      "OutputPinColourInfo":[{"PinColour":0,"PinID":726622901}],
      "InternalData":null
    },
    {
      "Name":"AND",
      "ID":447443805,
      "Label":"",
      "Position":{
        "x":-0.5775,
        "y":-2.875
      },
      "OutputPinColourInfo":[{"PinColour":0,"PinID":726622901}],
      "InternalData":null
    },
    {
      "Name":"AND",
      "ID":2064881682,
      "Label":"",
      "Position":{
        "x":0.4225,
        "y":-2.625
      },
      "OutputPinColourInfo":[{"PinColour":0,"PinID":726622901}],
      "InternalData":null
    }
  ],
  "Wires":[
    {
      "SourcePinAddress":{
        "PinID":0,
        "PinOwnerID":1445418089
      },
      "TargetPinAddress":{
        "PinID":1695366687,
        "PinOwnerID":1757767756
      },
      "ConnectionType":0,
      "ConnectedWireIndex":-1,
      "ConnectedWireSegmentIndex":-1,
      "Points":[{"x":0.0,"y":0.0},{"x":0.0,"y":0.0}]
    },
    {
      "SourcePinAddress":{
        "PinID":1926616319,
        "PinOwnerID":1757767756
      },
      "TargetPinAddress":{
        "PinID":0,
        "PinOwnerID":1290285763
      },
      "ConnectionType":0,
      "ConnectedWireIndex":-1,
      "ConnectedWireSegmentIndex":-1,
      "Points":[{"x":0.0,"y":0.0},{"x":0.0,"y":0.0}]
    },
    {
      "SourcePinAddress":{
        "PinID":1,
        "PinOwnerID":1290285763
      },
      "TargetPinAddress":{
        "PinID":0,
        "PinOwnerID":376367923
      },
      "ConnectionType":0,
      "ConnectedWireIndex":-1,
      "ConnectedWireSegmentIndex":-1,
      "Points":[{"x":0.0,"y":0.0},{"x":0.0,"y":0.0}]
    },
    {
      "SourcePinAddress":{
        "PinID":2,
        "PinOwnerID":1290285763
      },
      "TargetPinAddress":{
        "PinID":1,
        "PinOwnerID":376367923
      },
      "ConnectionType":0,
      "ConnectedWireIndex":-1,
      "ConnectedWireSegmentIndex":-1,
      "Points":[{"x":0.0,"y":0.0},{"x":0.0,"y":0.0}]
    },
    {
      "SourcePinAddress":{
        "PinID":3,
        "PinOwnerID":1290285763
      },
      "TargetPinAddress":{
        "PinID":2,
        "PinOwnerID":376367923
      },
      "ConnectionType":0,
      "ConnectedWireIndex":-1,
      "ConnectedWireSegmentIndex":-1,
      "Points":[{"x":0.0,"y":0.0},{"x":0.0,"y":0.0}]
    },
    {
      "SourcePinAddress":{
        "PinID":4,
        "PinOwnerID":1290285763
      },
      "TargetPinAddress":{
        "PinID":3,
        "PinOwnerID":376367923
      },
      "ConnectionType":0,
      "ConnectedWireIndex":-1,
      "ConnectedWireSegmentIndex":-1,
      "Points":[{"x":0.0,"y":0.0},{"x":0.0,"y":0.0}]
    },
    {
      "SourcePinAddress":{
        "PinID":3,
        "PinOwnerID":1290285763
      },
      "TargetPinAddress":{
        "PinID":70153538,
        "PinOwnerID":1207171984
      },
      "ConnectionType":1,
      "ConnectedWireIndex":4,
      "ConnectedWireSegmentIndex":0,
      "Points":[{"x":-2.3125,"y":-0.9375},{"x":-2.3125,"y":-4.125},{"x":-2.1875,"y":-4.125},{"x":-2.125,"y":-4.125},{"x":0.0,"y":0.0}]
    },
    {
      "SourcePinAddress":{
        "PinID":4,
        "PinOwnerID":1290285763
      },
      "TargetPinAddress":{
        "PinID":1891478222,
        "PinOwnerID":1207171984
      },
      "ConnectionType":1,
      "ConnectedWireIndex":5,
      "ConnectedWireSegmentIndex":0,
      "Points":[{"x":-2.375,"y":-1.1875},{"x":-2.375,"y":-4.375},{"x":-2.25,"y":-4.375},{"x":-2.125,"y":-4.375},{"x":0.0,"y":0.0}]
    },
    {
      "SourcePinAddress":{
        "PinID":1,
        "PinOwnerID":1290285763
      },
      "TargetPinAddress":{
        "PinID":70153538,
        "PinOwnerID":20939555
      },
      "ConnectionType":1,
      "ConnectedWireIndex":2,
      "ConnectedWireSegmentIndex":0,
      "Points":[{"x":-2.1875,"y":-0.4375},{"x":-2.1875,"y":-3.5},{"x":-2.125,"y":-3.5},{"x":0.0,"y":0.0}]
    },
    {
      "SourcePinAddress":{
        "PinID":2,
        "PinOwnerID":1290285763
      },
      "TargetPinAddress":{
        "PinID":1891478222,
        "PinOwnerID":20939555
      },
      "ConnectionType":1,
      "ConnectedWireIndex":3,
      "ConnectedWireSegmentIndex":0,
      "Points":[{"x":-2.25,"y":-0.6875},{"x":-2.25,"y":-3.75},{"x":-2.1875,"y":-3.75},{"x":0.0,"y":0.0}]
    },
    {
      "SourcePinAddress":{
        "PinID":1165613228,
        "PinOwnerID":20939555
      },
      "TargetPinAddress":{
        "PinID":70153538,
        "PinOwnerID":525326167
      },
      "ConnectionType":0,
      "ConnectedWireIndex":-1,
      "ConnectedWireSegmentIndex":-1,
      "Points":[{"x":0.0,"y":0.0},{"x":0.0,"y":0.0}]
    },
    {
      "SourcePinAddress":{
        "PinID":1165613228,
        "PinOwnerID":1207171984
      },
      "TargetPinAddress":{
        "PinID":1891478222,
        "PinOwnerID":525326167
      },
      "ConnectionType":0,
      "ConnectedWireIndex":-1,
      "ConnectedWireSegmentIndex":-1,
      "Points":[{"x":0.0,"y":0.0},{"x":0.0,"y":0.0}]
    },
    {
      "SourcePinAddress":{
        "PinID":1165613228,
        "PinOwnerID":525326167
      },
      "TargetPinAddress":{
        "PinID":1012375142,
        "PinOwnerID":182758995
      },
      "ConnectionType":0,
      "ConnectedWireIndex":-1,
      "ConnectedWireSegmentIndex":-1,
      "Points":[{"x":0.0,"y":0.0},{"x":0.0,"y":0.0}]
    },
    {
      "SourcePinAddress":{
        "PinID":84425304,
        "PinOwnerID":182758995
      },
      "TargetPinAddress":{
        "PinID":0,
        "PinOwnerID":2041774487
      },
      "ConnectionType":0,
      "ConnectedWireIndex":-1,
      "ConnectedWireSegmentIndex":-1,
      "Points":[{"x":0.0,"y":0.0},{"x":0.0,"y":0.0}]
    },
    {
      "SourcePinAddress":{
        "PinID":84425304,
        "PinOwnerID":1893166973
      },
      "TargetPinAddress":{
        "PinID":1010112276,
        "PinOwnerID":832914210
      },
      "ConnectionType":0,
      "ConnectedWireIndex":-1,
      "ConnectedWireSegmentIndex":-1,
      "Points":[{"x":0.0,"y":0.0},{"x":0.0,"y":0.0}]
    },
    {
      "SourcePinAddress":{
        "PinID":1,
        "PinOwnerID":1290285763
      },
      "TargetPinAddress":{
        "PinID":1012375142,
        "PinOwnerID":1893166973
      },
      "ConnectionType":1,
      "ConnectedWireIndex":8,
      "ConnectedWireSegmentIndex":0,
      "Points":[{"x":-2.1875,"y":-2.0625},{"x":0.0,"y":0.0}]
    },
    {
      "SourcePinAddress":{
        "PinID":2,
        "PinOwnerID":1290285763
      },
      "TargetPinAddress":{
        "PinID":865093321,
        "PinOwnerID":832914210
      },
      "ConnectionType":1,
      "ConnectedWireIndex":9,
      "ConnectedWireSegmentIndex":0,
      "Points":[{"x":-2.25,"y":-2.4375},{"x":0.0,"y":0.0}]
    },
    {
      "SourcePinAddress":{
        "PinID":3,
        "PinOwnerID":1290285763
      },
      "TargetPinAddress":{
        "PinID":1012375142,
        "PinOwnerID":467140752
      },
      "ConnectionType":1,
      "ConnectedWireIndex":6,
      "ConnectedWireSegmentIndex":0,
      "Points":[{"x":-2.3125,"y":-2.6875},{"x":0.0,"y":0.0}]
    },
    {
      "SourcePinAddress":{
        "PinID":4,
        "PinOwnerID":1290285763
      },
      "TargetPinAddress":{
        "PinID":1012375142,
        "PinOwnerID":1944014158
      },
      "ConnectionType":1,
      "ConnectedWireIndex":7,
      "ConnectedWireSegmentIndex":0,
      "Points":[{"x":-2.375,"y":-3.125},{"x":0.0,"y":0.0}]
    },
    {
      "SourcePinAddress":{
        "PinID":84425304,
        "PinOwnerID":467140752
      },
      "TargetPinAddress":{
        "PinID":1010112276,
        "PinOwnerID":447443805
      },
      "ConnectionType":0,
      "ConnectedWireIndex":-1,
      "ConnectedWireSegmentIndex":-1,
      "Points":[{"x":0.0,"y":0.0},{"x":0.0,"y":0.0}]
    },
    {
      "SourcePinAddress":{
        "PinID":84425304,
        "PinOwnerID":1944014158
      },
      "TargetPinAddress":{
        "PinID":865093321,
        "PinOwnerID":447443805
      },
      "ConnectionType":0,
      "ConnectedWireIndex":-1,
      "ConnectedWireSegmentIndex":-1,
      "Points":[{"x":0.0,"y":0.0},{"x":0.0,"y":0.0}]
    },
    {
      "SourcePinAddress":{
        "PinID":726622901,
        "PinOwnerID":832914210
      },
      "TargetPinAddress":{
        "PinID":1010112276,
        "PinOwnerID":2064881682
      },
      "ConnectionType":0,
      "ConnectedWireIndex":-1,
      "ConnectedWireSegmentIndex":-1,
      "Points":[{"x":0.0,"y":0.0},{"x":0.0,"y":0.0}]
    },
    {
      "SourcePinAddress":{
        "PinID":726622901,
        "PinOwnerID":447443805
      },
      "TargetPinAddress":{
        "PinID":865093321,
        "PinOwnerID":2064881682
      },
      "ConnectionType":0,
      "ConnectedWireIndex":-1,
      "ConnectedWireSegmentIndex":-1,
      "Points":[{"x":0.0,"y":0.0},{"x":0.0,"y":0.0}]
    },
    {
      "SourcePinAddress":{
        "PinID":726622901,
        "PinOwnerID":2064881682
      },
      "TargetPinAddress":{
        "PinID":0,
        "PinOwnerID":762589140
      },
      "ConnectionType":0,
      "ConnectedWireIndex":-1,
      "ConnectedWireSegmentIndex":-1,
      "Points":[{"x":0.0,"y":0.0},{"x":0.0,"y":0.0}]
    }
  ],
  "Displays": null
}