{
  "DLSVersion": "2.1.6",
  "Name": "Invert",
  "NameLocation": 0,
  "ChipType": 0,
  "Size": {
    "x": 1.025,
    "y": 4.5
  },
  "Colour": {
    "r": 0.241337463,
    "g": 0.08839825,
    "b": 0.07667355,
    "a": 1
  },
  "InputPins":[
    {
      "Name":"IN",
      "ID":1288397096,
      "Position":{
        "x":-8.875,
        "y":-2.875
      },
      "BitCount":8,
      "Colour":0,
      "ValueDisplayMode":0
    },
    {
      "Name":"IN",
      "ID":891280074,
      "Position":{
        "x":-8.875,
        "y":-3.6875
      },
      "BitCount":8,
      "Colour":0,
      "ValueDisplayMode":0
    },
    {
      "Name":"IN",
      "ID":348567721,
      "Position":{
        "x":-8.875,
        "y":-4.5
      },
      "BitCount":8,
      "Colour":0,
      "ValueDisplayMode":0
    },
    {
      "Name":"IN",
      "ID":131645078,
      "Position":{
        "x":-8.875,
        "y":-5.3125
      },
      "BitCount":8,
      "Colour":0,
      "ValueDisplayMode":0
    },
    {
      "Name":"IN",
      "ID":597849836,
      "Position":{
        "x":-8.875,
        "y":-6.125
      },
      "BitCount":8,
      "Colour":0,
      "ValueDisplayMode":0
    },
    {
      "Name":"IN",
      "ID":2055526872,
      "Position":{
        "x":-8.875,
        "y":-6.9375
      },
      "BitCount":8,
      "Colour":0,
      "ValueDisplayMode":0
    },
    {
      "Name":"IN",
      "ID":121607729,
      "Position":{
        "x":-8.875,
        "y":-7.75
      },
      "BitCount":8,
      "Colour":0,
      "ValueDisplayMode":0
    },
    {
      "Name":"IN",
      "ID":79215512,
      "Position":{
        "x":-13.375,
        "y":-8.8125
      },
      "BitCount":8,
      "Colour":0,
      "ValueDisplayMode":0
    },
    {
      "Name":"Clock",
      "ID":1242946715,
      "Position":{
        "x":-9.125,
        "y":-9.375
      },
      "BitCount":1,
      "Colour":4,
      "ValueDisplayMode":0
    },
    {
      "Name":"IN",
      "ID":684774462,
      "Position":{
        "x":-13.625,
        "y":-9.5625
      },
      "BitCount":1,
      "Colour":0,
      "ValueDisplayMode":0
    }
  ],
  "OutputPins":[
    {
      "Name":"OUT",
      "ID":256107025,
      "Position":{
        "x":-1.5,
        "y":-3.8125
      },
      "BitCount":8,
      "Colour":0,
      "ValueDisplayMode":0
    },
    {
      "Name":"OUT",
      "ID":445160203,
      "Position":{
        "x":-1.5,
        "y":-4.625
      },
      "BitCount":8,
      "Colour":0,
      "ValueDisplayMode":0
    },
    {
      "Name":"OUT",
      "ID":1677019899,
      "Position":{
        "x":-1.5,
        "y":-5.4375
      },
      "BitCount":8,
      "Colour":0,
      "ValueDisplayMode":0
    },
    {
      "Name":"OUT",
      "ID":1613693211,
      "Position":{
        "x":-1.5,
        "y":-6.25
      },
      "BitCount":8,
      "Colour":0,
      "ValueDisplayMode":0
    },
    {
      "Name":"OUT",
      "ID":1212163735,
      "Position":{
        "x":-1.5,
        "y":-7.0625
      },
      "BitCount":8,
      "Colour":0,
      "ValueDisplayMode":0
    },
    {
      "Name":"OUT",
      "ID":1790163047,
      "Position":{
        "x":-1.5,
        "y":-7.875
      },
      "BitCount":8,
      "Colour":0,
      "ValueDisplayMode":0
    },
    {
      "Name":"OUT",
      "ID":234645838,
      "Position":{
        "x":-0.5,
        "y":-8.75
      },
      "BitCount":8,
      "Colour":0,
      "ValueDisplayMode":0
    }
  ],
  "SubChips":[
    {
      "Name":"DFF,8Bit",
      "ID":143846431,
      "Label":"",
      "Position":{
        "x":-6.8275,
        "y":-3.0
      },
      "OutputPinColourInfo":[{"PinColour":0,"PinID":153081805}],
      "InternalData":null
    },
    {
      "Name":"NOT,8Bit",
      "ID":901802607,
      "Label":"",
      "Position":{
        "x":-5.2025,
        "y":-2.875
      },
      "OutputPinColourInfo":[{"PinColour":0,"PinID":1386793146}],
      "InternalData":null
    },
    {
      "Name":"DFF,8Bit",
      "ID":52795694,
      "Label":"",
      "Position":{
        "x":-3.5775,
        "y":-3.0
      },
      "OutputPinColourInfo":[{"PinColour":0,"PinID":153081805}],
      "InternalData":null
    },
    {
      "Name":"DFF,8Bit",
      "ID":686872241,
      "Label":"",
      "Position":{
        "x":-6.8275,
        "y":-3.8125
      },
      "OutputPinColourInfo":[{"PinColour":0,"PinID":153081805}],
      "InternalData":null
    },
    {
      "Name":"DFF,8Bit",
      "ID":506723971,
      "Label":"",
      "Position":{
        "x":-6.8275,
        "y":-4.625
      },
      "OutputPinColourInfo":[{"PinColour":0,"PinID":153081805}],
      "InternalData":null
    },
    {
      "Name":"DFF,8Bit",
      "ID":1368627818,
      "Label":"",
      "Position":{
        "x":-6.8275,
        "y":-5.4375
      },
      "OutputPinColourInfo":[{"PinColour":0,"PinID":153081805}],
      "InternalData":null
    },
    {
      "Name":"DFF,8Bit",
      "ID":1306844921,
      "Label":"",
      "Position":{
        "x":-6.8275,
        "y":-6.25
      },
      "OutputPinColourInfo":[{"PinColour":0,"PinID":153081805}],
      "InternalData":null
    },
    {
      "Name":"DFF,8Bit",
      "ID":1020715194,
      "Label":"",
      "Position":{
        "x":-6.8275,
        "y":-7.0625
      },
      "OutputPinColourInfo":[{"PinColour":0,"PinID":153081805}],
      "InternalData":null
    },
    {
      "Name":"DFF,8Bit",
      "ID":2062447668,
      "Label":"",
      "Position":{
        "x":-6.8275,
        "y":-7.875
      },
      "OutputPinColourInfo":[{"PinColour":0,"PinID":153081805}],
      "InternalData":null
    },
    {
      "Name":"DFF,8Bit",
      "ID":1984416477,
      "Label":"",
      "Position":{
        "x":-6.8275,
        "y":-8.6875
      },
      "OutputPinColourInfo":[{"PinColour":0,"PinID":153081805}],
      "InternalData":null
    },
    {
      "Name":"DFF,8Bit",
      "ID":1306538458,
      "Label":"",
      "Position":{
        "x":-3.5775,
        "y":-3.8125
      },
      "OutputPinColourInfo":[{"PinColour":0,"PinID":153081805}],
      "InternalData":null
    },
    {
      "Name":"DFF,8Bit",
      "ID":1214071584,
      "Label":"",
      "Position":{
        "x":-3.5775,
        "y":-4.625
      },
      "OutputPinColourInfo":[{"PinColour":0,"PinID":153081805}],
      "InternalData":null
    },
    {
      "Name":"DFF,8Bit",
      "ID":354211336,
      "Label":"",
      "Position":{
        "x":-3.5775,
        "y":-5.4375
      },
      "OutputPinColourInfo":[{"PinColour":0,"PinID":153081805}],
      "InternalData":null
    },
    {
      "Name":"DFF,8Bit",
      "ID":1795668929,
      "Label":"",
      "Position":{
        "x":-3.5775,
        "y":-6.25
      },
      "OutputPinColourInfo":[{"PinColour":0,"PinID":153081805}],
      "InternalData":null
    },
    {
      "Name":"DFF,8Bit",
      "ID":1949932394,
      "Label":"",
      "Position":{
        "x":-3.5775,
        "y":-7.0625
      },
      "OutputPinColourInfo":[{"PinColour":0,"PinID":153081805}],
      "InternalData":null
    },
    {
      "Name":"DFF,8Bit",
      "ID":1957613323,
      "Label":"",
      "Position":{
        "x":-3.5775,
        "y":-7.875
      },
      "OutputPinColourInfo":[{"PinColour":0,"PinID":153081805}],
      "InternalData":null
    },
    {
      "Name":"DFF,8Bit",
      "ID":1164898404,
      "Label":"",
      "Position":{
        "x":-3.5775,
        "y":-8.6875
      },
      "OutputPinColourInfo":[{"PinColour":0,"PinID":153081805}],
      "InternalData":null
    },
    {
      "Name":"NOT,8Bit",
      "ID":1577045726,
      "Label":"",
      "Position":{
        "x":-5.2025,
        "y":-3.6875
      },
      "OutputPinColourInfo":[{"PinColour":0,"PinID":1386793146}],
      "InternalData":null
    },
    {
      "Name":"NOT,8Bit",
      "ID":1594281519,
      "Label":"",
      "Position":{
        "x":-5.2025,
        "y":-4.5
      },
      "OutputPinColourInfo":[{"PinColour":0,"PinID":1386793146}],
      "InternalData":null
    },
    {
      "Name":"NOT,8Bit",
      "ID":586169083,
      "Label":"",
      "Position":{
        "x":-5.2025,
        "y":-5.3125
      },
      "OutputPinColourInfo":[{"PinColour":0,"PinID":1386793146}],
      "InternalData":null
    },
    {
      "Name":"NOT,8Bit",
      "ID":1398871469,
      "Label":"",
      "Position":{
        "x":-5.2025,
        "y":-6.125
      },
      "OutputPinColourInfo":[{"PinColour":0,"PinID":1386793146}],
      "InternalData":null
    },
    {
      "Name":"NOT,8Bit",
      "ID":221470468,
      "Label":"",
      "Position":{
        "x":-5.2025,
        "y":-6.9375
      },
      "OutputPinColourInfo":[{"PinColour":0,"PinID":1386793146}],
      "InternalData":null
    },
    {
      "Name":"NOT,8Bit",
      "ID":759286538,
      "Label":"",
      "Position":{
        "x":-5.2025,
        "y":-7.75
      },
      "OutputPinColourInfo":[{"PinColour":0,"PinID":1386793146}],
      "InternalData":null
    },
    {
      "Name":"NOT,8Bit",
      "ID":34339696,
      "Label":"",
      "Position":{
        "x":-5.2025,
        "y":-8.5625
      },
      "OutputPinColourInfo":[{"PinColour":0,"PinID":1386793146}],
      "InternalData":null
    },
    {
      "Name":"NOT",
      "ID":1482985425,
      "Label":"",
      "Position":{
        "x":-5.3275,
        "y":-9.375
      },
      "OutputPinColourInfo":[{"PinColour":0,"PinID":84425304}],
      "InternalData":null
    },
    {
      "Name":"2-1MUX,8Bit",
      "ID":713334358,
      "Label":"",
      "Position":{
        "x":-10.2275,
        "y":-8.625
      },
      "OutputPinColourInfo":[{"PinColour":0,"PinID":1786653634}],
      "InternalData":null
    }
  ],
  "Wires":[
    {
      "SourcePinAddress":{
        "PinID":153081805,
        "PinOwnerID":143846431
      },
      "TargetPinAddress":{
        "PinID":1649915574,
        "PinOwnerID":901802607
      },
      "ConnectionType":0,
      "ConnectedWireIndex":-1,
      "ConnectedWireSegmentIndex":-1,
      "Points":[{"x":0.0,"y":0.0},{"x":0.0,"y":0.0}]
    },
    {
      "SourcePinAddress":{
        "PinID":1386793146,
        "PinOwnerID":901802607
      },
      "TargetPinAddress":{
        "PinID":90397391,
        "PinOwnerID":52795694
      },
      "ConnectionType":0,
      "ConnectedWireIndex":-1,
      "ConnectedWireSegmentIndex":-1,
      "Points":[{"x":0.0,"y":0.0},{"x":0.0,"y":0.0}]
    },
    {
      "SourcePinAddress":{
        "PinID":153081805,
        "PinOwnerID":686872241
      },
      "TargetPinAddress":{
        "PinID":1649915574,
        "PinOwnerID":1577045726
      },
      "ConnectionType":0,
      "ConnectedWireIndex":-1,
      "ConnectedWireSegmentIndex":-1,
      "Points":[{"x":0.0,"y":0.0},{"x":0.0,"y":0.0}]
    },
    {
      "SourcePinAddress":{
        "PinID":153081805,
        "PinOwnerID":506723971
      },
      "TargetPinAddress":{
        "PinID":1649915574,
        "PinOwnerID":1594281519
      },
      "ConnectionType":0,
      "ConnectedWireIndex":-1,
      "ConnectedWireSegmentIndex":-1,
      "Points":[{"x":0.0,"y":0.0},{"x":0.0,"y":0.0}]
    },
    {
      "SourcePinAddress":{
        "PinID":153081805,
        "PinOwnerID":1368627818
      },
      "TargetPinAddress":{
        "PinID":1649915574,
        "PinOwnerID":586169083
      },
      "ConnectionType":0,
      "ConnectedWireIndex":-1,
      "ConnectedWireSegmentIndex":-1,
      "Points":[{"x":0.0,"y":0.0},{"x":0.0,"y":0.0}]
    },
    {
      "SourcePinAddress":{
        "PinID":153081805,
        "PinOwnerID":1306844921
      },
      "TargetPinAddress":{
        "PinID":1649915574,
        "PinOwnerID":1398871469
      },
      "ConnectionType":0,
      "ConnectedWireIndex":-1,
      "ConnectedWireSegmentIndex":-1,
      "Points":[{"x":0.0,"y":0.0},{"x":0.0,"y":0.0}]
    },
    {
      "SourcePinAddress":{
        "PinID":153081805,
        "PinOwnerID":1020715194
      },
      "TargetPinAddress":{
        "PinID":1649915574,
        "PinOwnerID":221470468
      },
      "ConnectionType":0,
      "ConnectedWireIndex":-1,
      "ConnectedWireSegmentIndex":-1,
      "Points":[{"x":0.0,"y":0.0},{"x":0.0,"y":0.0}]
    },
    {
      "SourcePinAddress":{
        "PinID":153081805,
        "PinOwnerID":2062447668
      },
      "TargetPinAddress":{
        "PinID":1649915574,
        "PinOwnerID":759286538
      },
      "ConnectionType":0,
      "ConnectedWireIndex":-1,
      "ConnectedWireSegmentIndex":-1,
      "Points":[{"x":0.0,"y":0.0},{"x":0.0,"y":0.0}]
    },
    {
      "SourcePinAddress":{
        "PinID":153081805,
        "PinOwnerID":1984416477
      },
      "TargetPinAddress":{
        "PinID":1649915574,
        "PinOwnerID":34339696
      },
      "ConnectionType":0,
      "ConnectedWireIndex":-1,
      "ConnectedWireSegmentIndex":-1,
      "Points":[{"x":0.0,"y":0.0},{"x":0.0,"y":0.0}]
    },
    {
      "SourcePinAddress":{
        "PinID":1386793146,
        "PinOwnerID":34339696
      },
      "TargetPinAddress":{
        "PinID":90397391,
        "PinOwnerID":1164898404
      },
      "ConnectionType":0,
      "ConnectedWireIndex":-1,
      "ConnectedWireSegmentIndex":-1,
      "Points":[{"x":0.0,"y":0.0},{"x":0.0,"y":0.0}]
    },
    {
      "SourcePinAddress":{
        "PinID":1386793146,
        "PinOwnerID":759286538
      },
      "TargetPinAddress":{
        "PinID":90397391,
        "PinOwnerID":1957613323
      },
      "ConnectionType":0,
      "ConnectedWireIndex":-1,
      "ConnectedWireSegmentIndex":-1,
      "Points":[{"x":0.0,"y":0.0},{"x":0.0,"y":0.0}]
    },
    {
      "SourcePinAddress":{
        "PinID":1386793146,
        "PinOwnerID":221470468
      },
      "TargetPinAddress":{
        "PinID":90397391,
        "PinOwnerID":1949932394
      },
      "ConnectionType":0,
      "ConnectedWireIndex":-1,
      "ConnectedWireSegmentIndex":-1,
      "Points":[{"x":0.0,"y":0.0},{"x":0.0,"y":0.0}]
    },
    {
      "SourcePinAddress":{
        "PinID":1386793146,
        "PinOwnerID":1398871469
      },
      "TargetPinAddress":{
        "PinID":90397391,
        "PinOwnerID":1795668929
      },
      "ConnectionType":0,
      "ConnectedWireIndex":-1,
      "ConnectedWireSegmentIndex":-1,
      "Points":[{"x":0.0,"y":0.0},{"x":0.0,"y":0.0}]
    },
    {
      "SourcePinAddress":{
        "PinID":0,
        "PinOwnerID":1288397096
      },
      "TargetPinAddress":{
        "PinID":90397391,
        "PinOwnerID":143846431
      },
      "ConnectionType":0,
      "ConnectedWireIndex":-1,
      "ConnectedWireSegmentIndex":-1,
      "Points":[{"x":0.0,"y":0.0},{"x":0.0,"y":0.0}]
    },
    {
      "SourcePinAddress":{
        "PinID":0,
        "PinOwnerID":891280074
      },
      "TargetPinAddress":{
        "PinID":90397391,
        "PinOwnerID":686872241
      },
      "ConnectionType":0,
      "ConnectedWireIndex":-1,
      "ConnectedWireSegmentIndex":-1,
      "Points":[{"x":0.0,"y":0.0},{"x":0.0,"y":0.0}]
    },
    {
      "SourcePinAddress":{
        "PinID":0,
        "PinOwnerID":348567721
      },
      "TargetPinAddress":{
        "PinID":90397391,
        "PinOwnerID":506723971
      },
      "ConnectionType":0,
      "ConnectedWireIndex":-1,
      "ConnectedWireSegmentIndex":-1,
      "Points":[{"x":0.0,"y":0.0},{"x":0.0,"y":0.0}]
    },
    {
      "SourcePinAddress":{
        "PinID":0,
        "PinOwnerID":131645078
      },
      "TargetPinAddress":{
        "PinID":90397391,
        "PinOwnerID":1368627818
      },
      "ConnectionType":0,
      "ConnectedWireIndex":-1,
      "ConnectedWireSegmentIndex":-1,
      "Points":[{"x":0.0,"y":0.0},{"x":0.0,"y":0.0}]
    },
    {
      "SourcePinAddress":{
        "PinID":0,
        "PinOwnerID":597849836
      },
      "TargetPinAddress":{
        "PinID":90397391,
        "PinOwnerID":1306844921
      },
      "ConnectionType":0,
      "ConnectedWireIndex":-1,
      "ConnectedWireSegmentIndex":-1,
      "Points":[{"x":0.0,"y":0.0},{"x":0.0,"y":0.0}]
    },
    {
      "SourcePinAddress":{
        "PinID":0,
        "PinOwnerID":2055526872
      },
      "TargetPinAddress":{
        "PinID":90397391,
        "PinOwnerID":1020715194
      },
      "ConnectionType":0,
      "ConnectedWireIndex":-1,
      "ConnectedWireSegmentIndex":-1,
      "Points":[{"x":0.0,"y":0.0},{"x":0.0,"y":0.0}]
    },
    {
      "SourcePinAddress":{
        "PinID":0,
        "PinOwnerID":121607729
      },
      "TargetPinAddress":{
        "PinID":90397391,
        "PinOwnerID":2062447668
      },
      "ConnectionType":0,
      "ConnectedWireIndex":-1,
      "ConnectedWireSegmentIndex":-1,
      "Points":[{"x":0.0,"y":0.0},{"x":0.0,"y":0.0}]
    },
    {
      "SourcePinAddress":{
        "PinID":153081805,
        "PinOwnerID":1957613323
      },
      "TargetPinAddress":{
        "PinID":0,
        "PinOwnerID":1790163047
      },
      "ConnectionType":0,
      "ConnectedWireIndex":-1,
      "ConnectedWireSegmentIndex":-1,
      "Points":[{"x":0.0,"y":0.0},{"x":0.0,"y":0.0}]
    },
    {
      "SourcePinAddress":{
        "PinID":153081805,
        "PinOwnerID":1949932394
      },
      "TargetPinAddress":{
        "PinID":0,
        "PinOwnerID":1212163735
      },
      "ConnectionType":0,
      "ConnectedWireIndex":-1,
      "ConnectedWireSegmentIndex":-1,
      "Points":[{"x":0.0,"y":0.0},{"x":0.0,"y":0.0}]
    },
    {
      "SourcePinAddress":{
        "PinID":153081805,
        "PinOwnerID":1795668929
      },
      "TargetPinAddress":{
        "PinID":0,
        "PinOwnerID":1613693211
      },
      "ConnectionType":0,
      "ConnectedWireIndex":-1,
      "ConnectedWireSegmentIndex":-1,
      "Points":[{"x":0.0,"y":0.0},{"x":0.0,"y":0.0}]
    },
    {
      "SourcePinAddress":{
        "PinID":153081805,
        "PinOwnerID":354211336
      },
      "TargetPinAddress":{
        "PinID":0,
        "PinOwnerID":1677019899
      },
      "ConnectionType":0,
      "ConnectedWireIndex":-1,
      "ConnectedWireSegmentIndex":-1,
      "Points":[{"x":0.0,"y":0.0},{"x":0.0,"y":0.0}]
    },
    {
      "SourcePinAddress":{
        "PinID":153081805,
        "PinOwnerID":1214071584
      },
      "TargetPinAddress":{
        "PinID":0,
        "PinOwnerID":445160203
      },
      "ConnectionType":0,
      "ConnectedWireIndex":-1,
      "ConnectedWireSegmentIndex":-1,
      "Points":[{"x":0.0,"y":0.0},{"x":0.0,"y":0.0}]
    },
    {
      "SourcePinAddress":{
        "PinID":153081805,
        "PinOwnerID":1306538458
      },
      "TargetPinAddress":{
        "PinID":0,
        "PinOwnerID":256107025
      },
      "ConnectionType":0,
      "ConnectedWireIndex":-1,
      "ConnectedWireSegmentIndex":-1,
      "Points":[{"x":0.0,"y":0.0},{"x":0.0,"y":0.0}]
    },
    {
      "SourcePinAddress":{
        "PinID":0,
        "PinOwnerID":1242946715
      },
      "TargetPinAddress":{
        "PinID":1012375142,
        "PinOwnerID":1482985425
      },
      "ConnectionType":0,
      "ConnectedWireIndex":-1,
      "ConnectedWireSegmentIndex":-1,
      "Points":[{"x":0.0,"y":0.0},{"x":0.0,"y":0.0}]
    },
    {
      "SourcePinAddress":{
        "PinID":0,
        "PinOwnerID":1242946715
      },
      "TargetPinAddress":{
        "PinID":497955897,
        "PinOwnerID":1984416477
      },
      "ConnectionType":1,
      "ConnectedWireIndex":26,
      "ConnectedWireSegmentIndex":0,
      "Points":[{"x":-8.0,"y":-9.375},{"x":-8.0,"y":-8.9375},{"x":0.0,"y":0.0}]
    },
    {
      "SourcePinAddress":{
        "PinID":0,
        "PinOwnerID":1242946715
      },
      "TargetPinAddress":{
        "PinID":497955897,
        "PinOwnerID":143846431
      },
      "ConnectionType":1,
      "ConnectedWireIndex":27,
      "ConnectedWireSegmentIndex":0,
      "Points":[{"x":-8.0,"y":-8.9375},{"x":-8.0,"y":-3.25},{"x":0.0,"y":0.0}]
    },
    {
      "SourcePinAddress":{
        "PinID":0,
        "PinOwnerID":1242946715
      },
      "TargetPinAddress":{
        "PinID":497955897,
        "PinOwnerID":686872241
      },
      "ConnectionType":1,
      "ConnectedWireIndex":28,
      "ConnectedWireSegmentIndex":0,
      "Points":[{"x":-8.0,"y":-4.0625},{"x":0.0,"y":0.0}]
    },
    {
      "SourcePinAddress":{
        "PinID":0,
        "PinOwnerID":1242946715
      },
      "TargetPinAddress":{
        "PinID":497955897,
        "PinOwnerID":506723971
      },
      "ConnectionType":1,
      "ConnectedWireIndex":28,
      "ConnectedWireSegmentIndex":0,
      "Points":[{"x":-8.0,"y":-4.875},{"x":0.0,"y":0.0}]
    },
    {
      "SourcePinAddress":{
        "PinID":0,
        "PinOwnerID":1242946715
      },
      "TargetPinAddress":{
        "PinID":497955897,
        "PinOwnerID":1368627818
      },
      "ConnectionType":1,
      "ConnectedWireIndex":28,
      "ConnectedWireSegmentIndex":0,
      "Points":[{"x":-8.0,"y":-5.6875},{"x":0.0,"y":0.0}]
    },
    {
      "SourcePinAddress":{
        "PinID":0,
        "PinOwnerID":1242946715
      },
      "TargetPinAddress":{
        "PinID":497955897,
        "PinOwnerID":1306844921
      },
      "ConnectionType":1,
      "ConnectedWireIndex":28,
      "ConnectedWireSegmentIndex":0,
      "Points":[{"x":-8.0,"y":-6.5},{"x":0.0,"y":0.0}]
    },
    {
      "SourcePinAddress":{
        "PinID":0,
        "PinOwnerID":1242946715
      },
      "TargetPinAddress":{
        "PinID":497955897,
        "PinOwnerID":1020715194
      },
      "ConnectionType":1,
      "ConnectedWireIndex":28,
      "ConnectedWireSegmentIndex":0,
      "Points":[{"x":-8.0,"y":-7.3125},{"x":0.0,"y":0.0}]
    },
    {
      "SourcePinAddress":{
        "PinID":0,
        "PinOwnerID":1242946715
      },
      "TargetPinAddress":{
        "PinID":497955897,
        "PinOwnerID":2062447668
      },
      "ConnectionType":1,
      "ConnectedWireIndex":28,
      "ConnectedWireSegmentIndex":0,
      "Points":[{"x":-8.0,"y":-8.125},{"x":0.0,"y":0.0}]
    },
    {
      "SourcePinAddress":{
        "PinID":84425304,
        "PinOwnerID":1482985425
      },
      "TargetPinAddress":{
        "PinID":497955897,
        "PinOwnerID":1164898404
      },
      "ConnectionType":0,
      "ConnectedWireIndex":-1,
      "ConnectedWireSegmentIndex":-1,
      "Points":[{"x":0.0,"y":0.0},{"x":-4.75,"y":-9.375},{"x":-4.75,"y":-8.9375},{"x":0.0,"y":0.0}]
    },
    {
      "SourcePinAddress":{
        "PinID":84425304,
        "PinOwnerID":1482985425
      },
      "TargetPinAddress":{
        "PinID":497955897,
        "PinOwnerID":52795694
      },
      "ConnectionType":1,
      "ConnectedWireIndex":35,
      "ConnectedWireSegmentIndex":1,
      "Points":[{"x":-4.75,"y":-8.9375},{"x":-4.8125,"y":-3.25},{"x":0.0,"y":0.0}]
    },
    {
      "SourcePinAddress":{
        "PinID":84425304,
        "PinOwnerID":1482985425
      },
      "TargetPinAddress":{
        "PinID":497955897,
        "PinOwnerID":1306538458
      },
      "ConnectionType":1,
      "ConnectedWireIndex":36,
      "ConnectedWireSegmentIndex":0,
      "Points":[{"x":-4.80357,"y":-4.0624},{"x":0.0,"y":0.0}]
    },
    {
      "SourcePinAddress":{
        "PinID":84425304,
        "PinOwnerID":1482985425
      },
      "TargetPinAddress":{
        "PinID":497955897,
        "PinOwnerID":1214071584
      },
      "ConnectionType":1,
      "ConnectedWireIndex":36,
      "ConnectedWireSegmentIndex":0,
      "Points":[{"x":-4.79464,"y":-4.8748},{"x":0.0,"y":0.0}]
    },
    {
      "SourcePinAddress":{
        "PinID":84425304,
        "PinOwnerID":1482985425
      },
      "TargetPinAddress":{
        "PinID":497955897,
        "PinOwnerID":354211336
      },
      "ConnectionType":1,
      "ConnectedWireIndex":36,
      "ConnectedWireSegmentIndex":0,
      "Points":[{"x":-4.78571,"y":-5.68789},{"x":0.0,"y":0.0}]
    },
    {
      "SourcePinAddress":{
        "PinID":84425304,
        "PinOwnerID":1482985425
      },
      "TargetPinAddress":{
        "PinID":497955897,
        "PinOwnerID":1795668929
      },
      "ConnectionType":1,
      "ConnectedWireIndex":36,
      "ConnectedWireSegmentIndex":0,
      "Points":[{"x":-4.77678,"y":-6.50029},{"x":0.0,"y":0.0}]
    },
    {
      "SourcePinAddress":{
        "PinID":84425304,
        "PinOwnerID":1482985425
      },
      "TargetPinAddress":{
        "PinID":497955897,
        "PinOwnerID":1949932394
      },
      "ConnectionType":1,
      "ConnectedWireIndex":36,
      "ConnectedWireSegmentIndex":0,
      "Points":[{"x":-4.76786,"y":-7.3127},{"x":0.0,"y":0.0}]
    },
    {
      "SourcePinAddress":{
        "PinID":84425304,
        "PinOwnerID":1482985425
      },
      "TargetPinAddress":{
        "PinID":497955897,
        "PinOwnerID":1957613323
      },
      "ConnectionType":1,
      "ConnectedWireIndex":36,
      "ConnectedWireSegmentIndex":0,
      "Points":[{"x":-4.75893,"y":-8.1251},{"x":0.0,"y":0.0}]
    },
    {
      "SourcePinAddress":{
        "PinID":1386793146,
        "PinOwnerID":586169083
      },
      "TargetPinAddress":{
        "PinID":90397391,
        "PinOwnerID":354211336
      },
      "ConnectionType":0,
      "ConnectedWireIndex":-1,
      "ConnectedWireSegmentIndex":-1,
      "Points":[{"x":0.0,"y":0.0},{"x":0.0,"y":0.0}]
    },
    {
      "SourcePinAddress":{
        "PinID":1386793146,
        "PinOwnerID":1594281519
      },
      "TargetPinAddress":{
        "PinID":90397391,
        "PinOwnerID":1214071584
      },
      "ConnectionType":0,
      "ConnectedWireIndex":-1,
      "ConnectedWireSegmentIndex":-1,
      "Points":[{"x":0.0,"y":0.0},{"x":0.0,"y":0.0}]
    },
    {
      "SourcePinAddress":{
        "PinID":1386793146,
        "PinOwnerID":1577045726
      },
      "TargetPinAddress":{
        "PinID":90397391,
        "PinOwnerID":1306538458
      },
      "ConnectionType":0,
      "ConnectedWireIndex":-1,
      "ConnectedWireSegmentIndex":-1,
      "Points":[{"x":0.0,"y":0.0},{"x":0.0,"y":0.0}]
    },
    {
      "SourcePinAddress":{
        "PinID":1786653634,
        "PinOwnerID":713334358
      },
      "TargetPinAddress":{
        "PinID":90397391,
        "PinOwnerID":1984416477
      },
      "ConnectionType":0,
      "ConnectedWireIndex":-1,
      "ConnectedWireSegmentIndex":-1,
      "Points":[{"x":0.0,"y":0.0},{"x":0.0,"y":0.0}]
    },
    {
      "SourcePinAddress":{
        "PinID":0,
        "PinOwnerID":684774462
      },
      "TargetPinAddress":{
        "PinID":540429229,
        "PinOwnerID":713334358
      },
      "ConnectionType":0,
      "ConnectedWireIndex":-1,
      "ConnectedWireSegmentIndex":-1,
      "Points":[{"x":0.0,"y":0.0},{"x":-11.625,"y":-9.125},{"x":0.0,"y":0.0}]
    },
    {
      "SourcePinAddress":{
        "PinID":153081805,
        "PinOwnerID":1164898404
      },
      "TargetPinAddress":{
        "PinID":0,
        "PinOwnerID":234645838
      },
      "ConnectionType":0,
      "ConnectedWireIndex":-1,
      "ConnectedWireSegmentIndex":-1,
      "Points":[{"x":0.0,"y":0.0},{"x":-2.375,"y":-8.6875},{"x":0.0,"y":0.0}]
    },
    {
      "SourcePinAddress":{
        "PinID":0,
        "PinOwnerID":79215512
      },
      "TargetPinAddress":{
        "PinID":1875139927,
        "PinOwnerID":713334358
      },
      "ConnectionType":0,
      "ConnectedWireIndex":-1,
      "ConnectedWireSegmentIndex":-1,
      "Points":[{"x":0.0,"y":0.0},{"x":0.0,"y":0.0}]
    }
  ],
  "Displays": null
}