{
  "DLSVersion": "2.1.6",
  "Name": "JK FF",
  "NameLocation": 0,
  "ChipType": 0,
  "Size": {
    "x": 0.875,
    "y": 0.75
  },
  "Colour": {
    "r": 0.550084054,
    "g": 0.3179024,
    "b": 0.146734938,
    "a": 1
  },
  "InputPins":[
    {
      "Name":"IN",
      "ID":1605827994,
      "Position":{
        "x":-5.25,
        "y":-1.125
      },
      "BitCount":1,
      "Colour":0,
      "ValueDisplayMode":0
    },
    {
      "Name":"IN",
      "ID":615135684,
      "Position":{
        "x":-5.25,
        "y":-1.8125
      },
      "BitCount":1,
      "Colour":0,
      "ValueDisplayMode":0
    },
    {
      "Name":"IN",
      "ID":897866887,
      "Position":{
        "x":-5.25,
        "y":-2.4375
      },
      "BitCount":1,
      "Colour":0,
      "ValueDisplayMode":0
    }
  ],
  "OutputPins":[
    {
      "Name":"OUT",
      "ID":908881694,
      "Position":{
        "x":0.375,
        "y":-1.25
      },
      "BitCount":1,
      "Colour":0,
      "ValueDisplayMode":0
    },
    {
      "Name":"OUT",
      "ID":1966508204,
      "Position":{
        "x":0.375,
        "y":-2.3125
      },
      "BitCount":1,
      "Colour":0,
      "ValueDisplayMode":0
    }
  ],
  "SubChips":[
    {
      "Name":"NAND3",
      "ID":984929171,
      "Label":"",
      "Position":{
        "x":-3.1775,
        "y":-1.125
      },
      "OutputPinColourInfo":[{"PinColour":0,"PinID":567646957}],
      "InternalData":null
    },
    {
      "Name":"NAND3",
      "ID":1033497744,
      "Label":"",
      "Position":{
        "x":-3.1775,
        "y":-2.4375
      },
      "OutputPinColourInfo":[{"PinColour":0,"PinID":567646957}],
      "InternalData":null
    },
    {
      "Name":"NAND",
      "ID":1467420721,
      "Label":"",
      "Position":{
        "x":-1.875,
        "y":-1.25
      },
      "OutputPinColourInfo":[{"PinColour":0,"PinID":2}],
      "InternalData":null
    },
    {
      "Name":"NAND",
      "ID":1847498584,
      "Label":"",
      "Position":{
        "x":-1.875,
        "y":-2.3125
      },
      "OutputPinColourInfo":[{"PinColour":0,"PinID":2}],
      "InternalData":null
    }
  ],
  "Wires":[
    {
      "SourcePinAddress":{
        "PinID":0,
        "PinOwnerID":897866887
      },
      "TargetPinAddress":{
        "PinID":1005487386,
        "PinOwnerID":1033497744
      },
      "ConnectionType":0,
      "ConnectedWireIndex":-1,
      "ConnectedWireSegmentIndex":-1,
      "Points":[{"x":0.0,"y":0.0},{"x":0.0,"y":0.0}]
    },
    {
      "SourcePinAddress":{
        "PinID":0,
        "PinOwnerID":1605827994
      },
      "TargetPinAddress":{
        "PinID":1005487386,
        "PinOwnerID":984929171
      },
      "ConnectionType":0,
      "ConnectedWireIndex":-1,
      "ConnectedWireSegmentIndex":-1,
      "Points":[{"x":0.0,"y":0.0},{"x":0.0,"y":0.0}]
    },
    {
      "SourcePinAddress":{
        "PinID":0,
        "PinOwnerID":615135684
      },
      "TargetPinAddress":{
        "PinID":1320409786,
        "PinOwnerID":984929171
      },
      "ConnectionType":0,
      "ConnectedWireIndex":-1,
      "ConnectedWireSegmentIndex":-1,
      "Points":[{"x":0.0,"y":0.0},{"x":-4.0,"y":-1.8125},{"x":-4.0,"y":-1.375},{"x":0.0,"y":0.0}]
    },
    {
      "SourcePinAddress":{
        "PinID":0,
        "PinOwnerID":615135684
      },
      "TargetPinAddress":{
        "PinID":332835654,
        "PinOwnerID":1033497744
      },
      "ConnectionType":1,
      "ConnectedWireIndex":2,
      "ConnectedWireSegmentIndex":0,
      "Points":[{"x":-4.0,"y":-1.8125},{"x":-4.0,"y":-2.1875},{"x":0.0,"y":0.0}]
    },
    {
      "SourcePinAddress":{
        "PinID":567646957,
        "PinOwnerID":984929171
      },
      "TargetPinAddress":{
        "PinID":0,
        "PinOwnerID":1467420721
      },
      "ConnectionType":0,
      "ConnectedWireIndex":-1,
      "ConnectedWireSegmentIndex":-1,
      "Points":[{"x":0.0,"y":0.0},{"x":0.0,"y":0.0}]
    },
    {
      "SourcePinAddress":{
        "PinID":567646957,
        "PinOwnerID":1033497744
      },
      "TargetPinAddress":{
        "PinID":1,
        "PinOwnerID":1847498584
      },
      "ConnectionType":0,
      "ConnectedWireIndex":-1,
      "ConnectedWireSegmentIndex":-1,
      "Points":[{"x":0.0,"y":0.0},{"x":0.0,"y":0.0}]
    },
    {
      "SourcePinAddress":{
        "PinID":2,
        "PinOwnerID":1467420721
      },
      "TargetPinAddress":{
        "PinID":0,
        "PinOwnerID":1847498584
      },
      "ConnectionType":0,
      "ConnectedWireIndex":-1,
      "ConnectedWireSegmentIndex":-1,
      "Points":[{"x":0.0,"y":0.0},{"x":0.0,"y":0.0}]
    },
    {
      "SourcePinAddress":{
        "PinID":2,
        "PinOwnerID":1847498584
      },
      "TargetPinAddress":{
        "PinID":1,
        "PinOwnerID":1467420721
      },
      "ConnectionType":0,
      "ConnectedWireIndex":-1,
      "ConnectedWireSegmentIndex":-1,
      "Points":[{"x":0.0,"y":0.0},{"x":0.0,"y":0.0}]
    },
    {
      "SourcePinAddress":{
        "PinID":2,
        "PinOwnerID":1847498584
      },
      "TargetPinAddress":{
        "PinID":332835654,
        "PinOwnerID":984929171
      },
      "ConnectionType":0,
      "ConnectedWireIndex":-1,
      "ConnectedWireSegmentIndex":-1,
      "Points":[{"x":0.0,"y":0.0},{"x":-1.0625,"y":-2.3125},{"x":-1.0625,"y":-0.625},{"x":-3.8125,"y":-0.625},{"x":-3.8125,"y":-0.8125},{"x":-3.8125,"y":-0.875},{"x":0.0,"y":0.0}]
    },
    {
      "SourcePinAddress":{
        "PinID":2,
        "PinOwnerID":1467420721
      },
      "TargetPinAddress":{
        "PinID":1320409786,
        "PinOwnerID":1033497744
      },
      "ConnectionType":0,
      "ConnectedWireIndex":-1,
      "ConnectedWireSegmentIndex":-1,
      "Points":[{"x":0.0,"y":0.0},{"x":-0.875,"y":-1.25},{"x":-0.875,"y":-3.0},{"x":-3.8125,"y":-3.0},{"x":-3.8125,"y":-2.6875},{"x":0.0,"y":0.0}]
    },
    {
      "SourcePinAddress":{
        "PinID":2,
        "PinOwnerID":1467420721
      },
      "TargetPinAddress":{
        "PinID":0,
        "PinOwnerID":908881694
      },
      "ConnectionType":1,
      "ConnectedWireIndex":9,
      "ConnectedWireSegmentIndex":0,
      "Points":[{"x":-0.875,"y":-1.25},{"x":0.0,"y":0.0}]
    },
    {
      "SourcePinAddress":{
        "PinID":2,
        "PinOwnerID":1847498584
      },
      "TargetPinAddress":{
        "PinID":0,
        "PinOwnerID":1966508204
      },
      "ConnectionType":1,
      "ConnectedWireIndex":8,
      "ConnectedWireSegmentIndex":0,
      "Points":[{"x":-1.0625,"y":-2.3125},{"x":0.0,"y":0.0}]
    }
  ],
  "Displays": null
}