{
  "DLSVersion": "2.1.6",
  "Name": "NAND3",
  "NameLocation": 0,
  "ChipType": 0,
  "Size": {
    "x": 0.875,
    "y": 0.75
  },
  "Colour": {
    "r": 0.244036987,
    "g": 0.3042809,
    "b": 0.402090847,
    "a": 1
  },
  "InputPins":[
    {
      "Name":"IN",
      "ID":332835654,
      "Position":{
        "x":26.375,
        "y":16.5
      },
      "BitCount":1,
      "Colour":0,
      "ValueDisplayMode":0
    },
    {
      "Name":"IN",
      "ID":1005487386,
      "Position":{
        "x":26.375,
        "y":15.875
      },
      "BitCount":1,
      "Colour":0,
      "ValueDisplayMode":0
    },
    {
      "Name":"IN",
      "ID":1320409786,
      "Position":{
        "x":26.375,
        "y":15.25
      },
      "BitCount":1,
      "Colour":0,
      "ValueDisplayMode":0
    }
  ],
  "OutputPins":[
    {
      "Name":"OUT",
      "ID":567646957,
      "Position":{
        "x":31.75,
        "y":15.375
      },
      "BitCount":1,
      "Colour":0,
      "ValueDisplayMode":0
    }
  ],
  "SubChips":[
    {
      "Name":"NOT",
      "ID":1291539088,
      "Label":"",
      "Position":{
        "x":27.6725,
        "y":16.5
      },
      "OutputPinColourInfo":[{"PinColour":0,"PinID":84425304}],
      "InternalData":null
    },
    {
      "Name":"NOT",
      "ID":568491245,
      "Label":"",
      "Position":{
        "x":27.6725,
        "y":15.875
      },
      "OutputPinColourInfo":[{"PinColour":0,"PinID":84425304}],
      "InternalData":null
    },
    {
      "Name":"NOT",
      "ID":1467351043,
      "Label":"",
      "Position":{
        "x":27.6725,
        "y":15.25
      },
      "OutputPinColourInfo":[{"PinColour":0,"PinID":84425304}],
      "InternalData":null
    },
    {
      "Name":"AND",
      "ID":620023978,
      "Label":"",
      "Position":{
        "x":28.6725,
        "y":16.0
      },
      "OutputPinColourInfo":[{"PinColour":0,"PinID":726622901}],
      "InternalData":null
    },
    {
      "Name":"AND",
      "ID":739490547,
      "Label":"",
      "Position":{
        "x":29.5475,
        "y":15.375
      },
      "OutputPinColourInfo":[{"PinColour":0,"PinID":726622901}],
      "InternalData":null
    },
    {
      "Name":"NOT",
      "ID":696926873,
      "Label":"",
      "Position":{
        "x":30.4225,
        "y":15.375
      },
      "OutputPinColourInfo":[{"PinColour":0,"PinID":84425304}],
      "InternalData":null
    }
  ],
  "Wires":[
    {
      "SourcePinAddress":{
        "PinID":0,
        "PinOwnerID":332835654
      },
      "TargetPinAddress":{
        "PinID":1012375142,
        "PinOwnerID":1291539088
      },
      "ConnectionType":0,
      "ConnectedWireIndex":-1,
      "ConnectedWireSegmentIndex":-1,
      "Points":[{"x":0.0,"y":0.0},{"x":0.0,"y":0.0}]
    },
    {
      "SourcePinAddress":{
        "PinID":0,
        "PinOwnerID":1005487386
      },
      "TargetPinAddress":{
        "PinID":1012375142,
        "PinOwnerID":568491245
      },
      "ConnectionType":0,
      "ConnectedWireIndex":-1,
      "ConnectedWireSegmentIndex":-1,
      "Points":[{"x":0.0,"y":0.0},{"x":0.0,"y":0.0}]
    },
    {
      "SourcePinAddress":{
        "PinID":0,
        "PinOwnerID":1320409786
      },
      "TargetPinAddress":{
        "PinID":1012375142,
        "PinOwnerID":1467351043
      },
      "ConnectionType":0,
      "ConnectedWireIndex":-1,
      "ConnectedWireSegmentIndex":-1,
      "Points":[{"x":0.0,"y":0.0},{"x":0.0,"y":0.0}]
    },
    {
      "SourcePinAddress":{
        "PinID":84425304,
        "PinOwnerID":568491245
      },
      "TargetPinAddress":{
        "PinID":865093321,
        "PinOwnerID":620023978
      },
      "ConnectionType":0,
      "ConnectedWireIndex":-1,
      "ConnectedWireSegmentIndex":-1,
      "Points":[{"x":0.0,"y":0.0},{"x":0.0,"y":0.0}]
    },
    {
      "SourcePinAddress":{
        "PinID":84425304,
        "PinOwnerID":1291539088
      },
      "TargetPinAddress":{
        "PinID":1010112276,
        "PinOwnerID":620023978
      },
      "ConnectionType":0,
      "ConnectedWireIndex":-1,
      "ConnectedWireSegmentIndex":-1,
      "Points":[{"x":0.0,"y":0.0},{"x":0.0,"y":0.0}]
    },
    {
      "SourcePinAddress":{
        "PinID":84425304,
        "PinOwnerID":1467351043
      },
      "TargetPinAddress":{
        "PinID":865093321,
        "PinOwnerID":739490547
      },
      "ConnectionType":0,
      "ConnectedWireIndex":-1,
      "ConnectedWireSegmentIndex":-1,
      "Points":[{"x":0.0,"y":0.0},{"x":0.0,"y":0.0}]
    },
    {
      "SourcePinAddress":{
        "PinID":726622901,
        "PinOwnerID":620023978
      },
      "TargetPinAddress":{
        "PinID":1010112276,
        "PinOwnerID":739490547
      },
      "ConnectionType":0,
      "ConnectedWireIndex":-1,
      "ConnectedWireSegmentIndex":-1,
      "Points":[{"x":0.0,"y":0.0},{"x":0.0,"y":0.0}]
    },
    {
      "SourcePinAddress":{
        "PinID":726622901,
        "PinOwnerID":739490547
      },
      "TargetPinAddress":{
        "PinID":1012375142,
        "PinOwnerID":696926873
      },
      "ConnectionType":0,
      "ConnectedWireIndex":-1,
      "ConnectedWireSegmentIndex":-1,
      "Points":[{"x":0.0,"y":0.0},{"x":0.0,"y":0.0}]
    },
    {
      "SourcePinAddress":{
        "PinID":84425304,
        "PinOwnerID":696926873
      },
      "TargetPinAddress":{
        "PinID":0,
        "PinOwnerID":567646957
      },
      "ConnectionType":0,
      "ConnectedWireIndex":-1,
      "ConnectedWireSegmentIndex":-1,
      "Points":[{"x":0.0,"y":0.0},{"x":0.0,"y":0.0}]
    }
  ],
  "Displays": null
}