{
  "DLSVersion": "2.1.6",
  "Name": "open",
  "NameLocation": 0,
  "ChipType": 0,
  "Size": {
    "x": 6.45,
    "y": 2.625
  },
  "Colour": {
    "r": 0.112308279,
    "g": 0.6867545,
    "b": 0.123000368,
    "a": 1
  },
  "InputPins":[
    {
      "Name":"IN",
      "ID":111186874,
      "Position":{
        "x":24.75,
        "y":25.125
      },
      "BitCount":8,
      "Colour":0,
      "ValueDisplayMode":0
    },
    {
      "Name":"IN",
      "ID":1334089753,
      "Position":{
        "x":24.75,
        "y":24.625
      },
      "BitCount":8,
      "Colour":0,
      "ValueDisplayMode":0
    },
    {
      "Name":"IN",
      "ID":2033284534,
      "Position":{
        "x":24.75,
        "y":23.5
      },
      "BitCount":8,
      "Colour":0,
      "ValueDisplayMode":0
    },
    {
      "Name":"IN",
      "ID":794361416,
      "Position":{
        "x":24.75,
        "y":23.0
      },
      "BitCount":8,
      "Colour":0,
      "ValueDisplayMode":0
    },
    {
      "Name":"IN",
      "ID":444710935,
      "Position":{
        "x":24.75,
        "y":22.5
      },
      "BitCount":1,
      "Colour":3,
      "ValueDisplayMode":0
    },
    {
      "Name":"IN",
      "ID":2125488288,
      "Position":{
        "x":24.75,
        "y":22.0
      },
      "BitCount":1,
      "Colour":4,
      "ValueDisplayMode":0
    }
  ],
  "OutputPins":[],
  "SubChips":[
    {
      "Name":"current",
      "ID":20771089,
      "Label":"",
      "Position":{
        "x":27.985,
        "y":23.0
      },
      "OutputPinColourInfo":[{"PinColour":0,"PinID":1311080486},{"PinColour":0,"PinID":802084817}],
      "InternalData":null
    },
    {
      "Name":"current",
      "ID":1766886650,
      "Label":"",
      "Position":{
        "x":27.985,
        "y":24.625
      },
      "OutputPinColourInfo":[{"PinColour":0,"PinID":1311080486},{"PinColour":0,"PinID":802084817}],
      "InternalData":null
    }
  ],
  "Wires":[
    {
      "SourcePinAddress":{
        "PinID":0,
        "PinOwnerID":794361416
      },
      "TargetPinAddress":{
        "PinID":184023076,
        "PinOwnerID":20771089
      },
      "ConnectionType":0,
      "ConnectedWireIndex":-1,
      "ConnectedWireSegmentIndex":-1,
      "Points":[{"x":0.0,"y":0.0},{"x":0.0,"y":0.0}]
    },
    {
      "SourcePinAddress":{
        "PinID":0,
        "PinOwnerID":2033284534
      },
      "TargetPinAddress":{
        "PinID":1294910615,
        "PinOwnerID":20771089
      },
      "ConnectionType":0,
      "ConnectedWireIndex":-1,
      "ConnectedWireSegmentIndex":-1,
      "Points":[{"x":0.0,"y":0.0},{"x":0.0,"y":0.0}]
    },
    {
      "SourcePinAddress":{
        "PinID":0,
        "PinOwnerID":444710935
      },
      "TargetPinAddress":{
        "PinID":338969680,
        "PinOwnerID":20771089
      },
      "ConnectionType":0,
      "ConnectedWireIndex":-1,
      "ConnectedWireSegmentIndex":-1,
      "Points":[{"x":0.0,"y":0.0},{"x":25.5,"y":22.625},{"x":0.0,"y":0.0}]
    },
    {
      "SourcePinAddress":{
        "PinID":0,
        "PinOwnerID":2125488288
      },
      "TargetPinAddress":{
        "PinID":531742746,
        "PinOwnerID":20771089
      },
      "ConnectionType":0,
      "ConnectedWireIndex":-1,
      "ConnectedWireSegmentIndex":-1,
      "Points":[{"x":0.0,"y":0.0},{"x":25.75,"y":22.0},{"x":25.75,"y":22.375},{"x":0.0,"y":0.0}]
    },
    {
      "SourcePinAddress":{
        "PinID":0,
        "PinOwnerID":2125488288
      },
      "TargetPinAddress":{
        "PinID":531742746,
        "PinOwnerID":1766886650
      },
      "ConnectionType":1,
      "ConnectedWireIndex":3,
      "ConnectedWireSegmentIndex":1,
      "Points":[{"x":25.75,"y":22.375},{"x":25.75,"y":24.0},{"x":0.0,"y":0.0}]
    },
    {
      "SourcePinAddress":{
        "PinID":0,
        "PinOwnerID":444710935
      },
      "TargetPinAddress":{
        "PinID":338969680,
        "PinOwnerID":1766886650
      },
      "ConnectionType":1,
      "ConnectedWireIndex":2,
      "ConnectedWireSegmentIndex":0,
      "Points":[{"x":25.5,"y":22.625},{"x":25.5,"y":24.25},{"x":0.0,"y":0.0}]
    },
    {
      "SourcePinAddress":{
        "PinID":0,
        "PinOwnerID":1334089753
      },
      "TargetPinAddress":{
        "PinID":184023076,
        "PinOwnerID":1766886650
      },
      "ConnectionType":0,
      "ConnectedWireIndex":-1,
      "ConnectedWireSegmentIndex":-1,
      "Points":[{"x":0.0,"y":0.0},{"x":0.0,"y":0.0}]
    },
    {
      "SourcePinAddress":{
        "PinID":0,
        "PinOwnerID":111186874
      },
      "TargetPinAddress":{
        "PinID":1294910615,
        "PinOwnerID":1766886650
      },
      "ConnectionType":0,
      "ConnectedWireIndex":-1,
      "ConnectedWireSegmentIndex":-1,
      "Points":[{"x":0.0,"y":0.0},{"x":0.0,"y":0.0}]
    }
  ],
  "Displays":[
    {
      "SubChipID":1766886650,
      "Position":{
        "x":-1.53125,
        "y":-0.70312
      },
      "Scale":1.0
    },
    {
      "SubChipID":20771089,
      "Position":{
        "x":-1.53125,
        "y":0.54688
      },
      "Scale":1.0
    }
  ]
}