{
  "DLSVersion": "2.1.6",
  "Name": "work",
  "NameLocation": 0,
  "ChipType": 0,
  "Size": {
    "x": 0.725,
    "y": 1.25
  },
  "Colour": {
    "r": 0.3072791,
    "g": 0.8536106,
    "b": 0.4075819,
    "a": 1
  },
  "InputPins":[
    {
      "Name":"IN",
      "ID":1632999636,
      "Position":{
        "x":29.2269,
        "y":19.55582
      },
      "BitCount":8,
      "Colour":0,
      "ValueDisplayMode":0
    },
    {
      "Name":"IN",
      "ID":746954583,
      "Position":{
        "x":26.732,
        "y":18.77629
      },
      "BitCount":1,
      "Colour":0,
      "ValueDisplayMode":0
    },
    {
      "Name":"IN",
      "ID":1387781863,
      "Position":{
        "x":26.77457,
        "y":18.21907
      },
      "BitCount":1,
      "Colour":0,
      "ValueDisplayMode":0
    },
    {
      "Name":"IN",
      "ID":1450028883,
      "Position":{
        "x":27.83222,
        "y":17.61869
      },
      "BitCount":1,
      "Colour":0,
      "ValueDisplayMode":0
    }
  ],
  "OutputPins":[],
  "SubChips":[
    {
      "Name":"RGB DISPLAY",
      "ID":1154710181,
      "Label":"",
      "Position":{
        "x":32.08256,
        "y":18.52096
      },
      "OutputPinColourInfo":[{"PinColour":0,"PinID":8},{"PinColour":0,"PinID":9},{"PinColour":0,"PinID":10}],
      "InternalData":null
    },
    {
      "Name":"1-4BIT",
      "ID":1989918296,
      "Label":"",
      "Position":{
        "x":29.79389,
        "y":18.72011
      },
      "OutputPinColourInfo":[{"PinColour":0,"PinID":4}],
      "InternalData":null
    },
    {
      "Name":"CLOCK",
      "ID":1338575223,
      "Label":"",
      "Position":{
        "x":28.63379,
        "y":15.96888
      },
      "OutputPinColourInfo":[{"PinColour":0,"PinID":0}],
      "InternalData":null
    },
    {
      "Name":"DOT DISPLAY",
      "ID":924166625,
      "Label":"",
      "Position":{
        "x":34.86581,
        "y":18.712
      },
      "OutputPinColourInfo":[{"PinColour":0,"PinID":6}],
      "InternalData":null
    }
  ],
  "Wires":[
    {
      "SourcePinAddress":{
        "PinID":0,
        "PinOwnerID":746954583
      },
      "TargetPinAddress":{
        "PinID":0,
        "PinOwnerID":1989918296
      },
      "ConnectionType":0,
      "ConnectedWireIndex":-1,
      "ConnectedWireSegmentIndex":-1,
      "Points":[{"x":0.0,"y":0.0},{"x":0.0,"y":0.0}]
    },
    {
      "SourcePinAddress":{
        "PinID":0,
        "PinOwnerID":746954583
      },
      "TargetPinAddress":{
        "PinID":1,
        "PinOwnerID":1989918296
      },
      "ConnectionType":0,
      "ConnectedWireIndex":-1,
      "ConnectedWireSegmentIndex":-1,
      "Points":[{"x":0.0,"y":0.0},{"x":0.0,"y":0.0}]
    },
    {
      "SourcePinAddress":{
        "PinID":0,
        "PinOwnerID":746954583
      },
      "TargetPinAddress":{
        "PinID":3,
        "PinOwnerID":1989918296
      },
      "ConnectionType":0,
      "ConnectedWireIndex":-1,
      "ConnectedWireSegmentIndex":-1,
      "Points":[{"x":0.0,"y":0.0},{"x":0.0,"y":0.0}]
    },
    {
      "SourcePinAddress":{
        "PinID":4,
        "PinOwnerID":1989918296
      },
      "TargetPinAddress":{
        "PinID":3,
        "PinOwnerID":1154710181
      },
      "ConnectionType":0,
      "ConnectedWireIndex":-1,
      "ConnectedWireSegmentIndex":-1,
      "Points":[{"x":0.0,"y":0.0},{"x":0.0,"y":0.0}]
    },
    {
      "SourcePinAddress":{
        "PinID":0,
        "PinOwnerID":1632999636
      },
      "TargetPinAddress":{
        "PinID":0,
        "PinOwnerID":1154710181
      },
      "ConnectionType":0,
      "ConnectedWireIndex":-1,
      "ConnectedWireSegmentIndex":-1,
      "Points":[{"x":0.0,"y":0.0},{"x":0.0,"y":0.0}]
    },
    {
      "SourcePinAddress":{
        "PinID":0,
        "PinOwnerID":1450028883
      },
      "TargetPinAddress":{
        "PinID":4,
        "PinOwnerID":1154710181
      },
      "ConnectionType":0,
      "ConnectedWireIndex":-1,
      "ConnectedWireSegmentIndex":-1,
      "Points":[{"x":0.0,"y":0.0},{"x":0.0,"y":0.0}]
    },
    {
      "SourcePinAddress":{
        "PinID":0,
        "PinOwnerID":1387781863
      },
      "TargetPinAddress":{
        "PinID":5,
        "PinOwnerID":1154710181
      },
      "ConnectionType":0,
      "ConnectedWireIndex":-1,
      "ConnectedWireSegmentIndex":-1,
      "Points":[{"x":0.0,"y":0.0},{"x":0.0,"y":0.0}]
    },
    {
      "SourcePinAddress":{
        "PinID":4,
        "PinOwnerID":1989918296
      },
      "TargetPinAddress":{
        "PinID":2,
        "PinOwnerID":1154710181
      },
      "ConnectionType":0,
      "ConnectedWireIndex":-1,
      "ConnectedWireSegmentIndex":-1,
      "Points":[{"x":0.0,"y":0.0},{"x":0.0,"y":0.0}]
    },
    {
      "SourcePinAddress":{
        "PinID":4,
        "PinOwnerID":1989918296
      },
      "TargetPinAddress":{
        "PinID":1,
        "PinOwnerID":1154710181
      },
      "ConnectionType":0,
      "ConnectedWireIndex":-1,
      "ConnectedWireSegmentIndex":-1,
      "Points":[{"x":0.0,"y":0.0},{"x":0.0,"y":0.0}]
    },
    {
      "SourcePinAddress":{
        "PinID":0,
        "PinOwnerID":746954583
      },
      "TargetPinAddress":{
        "PinID":2,
        "PinOwnerID":1989918296
      },
      "ConnectionType":0,
      "ConnectedWireIndex":-1,
      "ConnectedWireSegmentIndex":-1,
      "Points":[{"x":0.0,"y":0.0},{"x":0.0,"y":0.0}]
    },
    {
      "SourcePinAddress":{
        "PinID":0,
        "PinOwnerID":1338575223
      },
      "TargetPinAddress":{
        "PinID":7,
        "PinOwnerID":1154710181
      },
      "ConnectionType":0,
      "ConnectedWireIndex":-1,
      "ConnectedWireSegmentIndex":-1,
      "Points":[{"x":0.0,"y":0.0},{"x":30.65202,"y":17.31063},{"x":0.0,"y":0.0}]
    },
    {
      "SourcePinAddress":{
        "PinID":0,
        "PinOwnerID":1387781863
      },
      "TargetPinAddress":{
        "PinID":6,
        "PinOwnerID":1154710181
      },
      "ConnectionType":0,
      "ConnectedWireIndex":-1,
      "ConnectedWireSegmentIndex":-1,
      "Points":[{"x":0.0,"y":0.0},{"x":0.0,"y":0.0}]
    },
    {
      "SourcePinAddress":{
        "PinID":0,
        "PinOwnerID":1632999636
      },
      "TargetPinAddress":{
        "PinID":0,
        "PinOwnerID":924166625
      },
      "ConnectionType":0,
      "ConnectedWireIndex":-1,
      "ConnectedWireSegmentIndex":-1,
      "Points":[{"x":0.0,"y":0.0},{"x":30.435669999999998,"y":20.45891},{"x":33.97606,"y":20.67785},{"x":0.0,"y":0.0}]
    },
    {
      "SourcePinAddress":{
        "PinID":0,
        "PinOwnerID":746954583
      },
      "TargetPinAddress":{
        "PinID":1,
        "PinOwnerID":924166625
      },
      "ConnectionType":0,
      "ConnectedWireIndex":-1,
      "ConnectedWireSegmentIndex":-1,
      "Points":[{"x":0.0,"y":0.0},{"x":0.0,"y":0.0}]
    },
    {
      "SourcePinAddress":{
        "PinID":0,
        "PinOwnerID":1450028883
      },
      "TargetPinAddress":{
        "PinID":2,
        "PinOwnerID":924166625
      },
      "ConnectionType":0,
      "ConnectedWireIndex":-1,
      "ConnectedWireSegmentIndex":-1,
      "Points":[{"x":0.0,"y":0.0},{"x":0.0,"y":0.0}]
    },
    {
      "SourcePinAddress":{
        "PinID":0,
        "PinOwnerID":1387781863
      },
      "TargetPinAddress":{
        "PinID":3,
        "PinOwnerID":924166625
      },
      "ConnectionType":1,
      "ConnectedWireIndex":6,
      "ConnectedWireSegmentIndex":0,
      "Points":[{"x":30.50386,"y":17.86399},{"x":0.0,"y":0.0}]
    },
    {
      "SourcePinAddress":{
        "PinID":0,
        "PinOwnerID":1387781863
      },
      "TargetPinAddress":{
        "PinID":4,
        "PinOwnerID":924166625
      },
      "ConnectionType":1,
      "ConnectedWireIndex":11,
      "ConnectedWireSegmentIndex":0,
      "Points":[{"x":30.39198,"y":17.65577},{"x":0.0,"y":0.0}]
    },
    {
      "SourcePinAddress":{
        "PinID":0,
        "PinOwnerID":1338575223
      },
      "TargetPinAddress":{
        "PinID":5,
        "PinOwnerID":924166625
      },
      "ConnectionType":1,
      "ConnectedWireIndex":10,
      "ConnectedWireSegmentIndex":0,
      "Points":[{"x":30.33541,"y":17.02897},{"x":0.0,"y":0.0}]
    }
  ],
  "Displays": null
}