{
  "ProjectName": "Game Of Life By Alex",
  "DLSVersion_LastSaved": "2.1.6",
  "DLSVersion_EarliestCompatible": "2.0.0",
  "CreationTime": "2025-12-11T22:10:17.119+04:00",
  "LastSaveTime": "2025-12-15T12:43:36.796+04:00",
  "Prefs_MainPinNamesDisplayMode": 2,
  "Prefs_ChipPinNamesDisplayMode": 1,
  "Prefs_GridDisplayMode": 1,
  "Prefs_Snapping": 1,
  "Prefs_StraightWires": 0,
  "Prefs_SimPaused": false,
  "Prefs_SimTargetStepsPerSecond": 1000,
  "Prefs_SimStepsPerClockTick": 250,
  "AllCustomChipNames":[
    "NOT",
    "OR",
    "AND",
    "D FF",
    "D Latch",
    "T Latch",
    "Input Set",
    "current",
    "Output Enable",
    "4x4 Toggle",
    "4x4 Display",
    "8x8 Toggle",
    "Game",
    "2-1MUX",
    "2-1MUX,8Bit",
    "8-1MUX,8Bit",
    "JKFF",
    "4Bit Counter",
    "2-1MUX,64Bit",
    "NOT,8Bit",
    "DFF,8Bit",
    "Invert,8bit",
    "8x8 Display",
    "NOT,64bit w Enable",
    "AND,8bit",
    "OR,8bit",
    "8OR",
    "XOR",
    "Adder",
    "PopCount, 8Bit",
    "NOT,4bit",
    "4AND",
    "Logic Cell",
    "Game Logic",
    "Game,enable",
    "64NAND",
    "2x4 toggle"
  ],
  "StarredList":[
    {
      "Name":"Game",
      "IsCollection":true
    },
    {
      "Name":"IN/OUT",
      "IsCollection":true
    },
    {
      "Name":"MERGE/SPLIT",
      "IsCollection":true
    },
    {
      "Name":"Gates",
      "IsCollection":true
    },
    {
      "Name":"Sequential",
      "IsCollection":true
    },
    {
      "Name":"MUX",
      "IsCollection":true
    },
    {
      "Name":"OTHER",
      "IsCollection":true
    },
    {
      "Name":"LED",
      "IsCollection":false
    },
    {
      "Name":"DISPLAY",
      "IsCollection":true
    },
    {
      "Name":"BUS",
      "IsCollection":true
    }
  ],
  "ChipCollections":[
    {
      "Chips":["CLOCK","PULSE","KEY","3-STATE BUFFER"],
      "IsToggledOpen":false,
      "Name":"BASIC"
    },
    {
      "Chips":["IN-1","IN-4","IN-8","OUT-1","OUT-4","OUT-8"],
      "IsToggledOpen":false,
      "Name":"IN/OUT"
    },
    {
      "Chips":["1-4BIT","1-8BIT","4-8BIT","4-1BIT","8-4BIT","8-1BIT"],
      "IsToggledOpen":false,
      "Name":"MERGE/SPLIT"
    },
    {
      "Chips":["BUS-1","BUS-4","BUS-8"],
      "IsToggledOpen":false,
      "Name":"BUS"
    },
    {
      "Chips":["7-SEGMENT","DOT DISPLAY","RGB DISPLAY","LED","8x8 Display","4x4 Display"],
      "IsToggledOpen":false,
      "Name":"DISPLAY"
    },
    {
      "Chips":["ROM 256×16"],
      "IsToggledOpen":false,
      "Name":"MEMORY"
    },
    {
      "Chips":["NAND","4AND","AND","NOT","OR","64NAND","AND,8bit","NOT,8Bit","DFF,8Bit","NOT,4bit","XOR"],
      "IsToggledOpen":false,
      "Name":"Gates"
    },
    {
      "Chips":["2-1MUX,64Bit","2-1MUX,8Bit","2-1MUX"],
      "IsToggledOpen":false,
      "Name":"MUX"
    },
    {
      "Chips":["D FF","T Latch","D Latch","Input Set","8x8 Toggle","4x4 Toggle","2x4 toggle"],
      "IsToggledOpen":false,
      "Name":"Sequential"
    },
    {
      "Chips":["Game"],
      "IsToggledOpen":true,
      "Name":"Game"
    },
    {
      "Chips":["Game Logic","Logic Cell","Game,enable","PopCount, 8Bit","Adder","BUZZER"],
      "IsToggledOpen":false,
      "Name":"OTHER"
    },
    {
      "Chips":["current","Output Enable","JKFF","4Bit Counter","Invert,8bit","NOT,64bit w Enable","8OR","OR,8bit","8-1MUX,8Bit"],
      "IsToggledOpen":false,
      "Name":"not used"
    }
  ]
}