{
  "DLSVersion": "2.1.6",
  "Name": "2-1MUX,64Bit",
  "NameLocation": 1,
  "ChipType": 0,
  "Size": {
    "x": 1.925,
    "y": 9.625
  },
  "Colour": {
    "r": 0.881635249,
    "g": 0.498683661,
    "b": 0.224771425,
    "a": 1
  },
  "InputPins":[
    {
      "Name":"a1",
      "ID":2013786966,
      "Position":{
        "x":-5.0,
        "y":3.0625
      },
      "BitCount":8,
      "Colour":2,
      "ValueDisplayMode":0
    },
    {
      "Name":"a2",
      "ID":787627853,
      "Position":{
        "x":-5.0,
        "y":2.5625
      },
      "BitCount":8,
      "Colour":1,
      "ValueDisplayMode":0
    },
    {
      "Name":"a3",
      "ID":285850438,
      "Position":{
        "x":-5.0,
        "y":2.0625
      },
      "BitCount":8,
      "Colour":2,
      "ValueDisplayMode":0
    },
    {
      "Name":"a4",
      "ID":1814874324,
      "Position":{
        "x":-5.0,
        "y":1.5625
      },
      "BitCount":8,
      "Colour":1,
      "ValueDisplayMode":0
    },
    {
      "Name":"a5",
      "ID":693460423,
      "Position":{
        "x":-5.0,
        "y":1.0625
      },
      "BitCount":8,
      "Colour":2,
      "ValueDisplayMode":0
    },
    {
      "Name":"a6",
      "ID":672547226,
      "Position":{
        "x":-5.0,
        "y":0.5625
      },
      "BitCount":8,
      "Colour":1,
      "ValueDisplayMode":0
    },
    {
      "Name":"a7",
      "ID":819698637,
      "Position":{
        "x":-5.0,
        "y":0.0625
      },
      "BitCount":8,
      "Colour":2,
      "ValueDisplayMode":0
    },
    {
      "Name":"a8",
      "ID":1925713208,
      "Position":{
        "x":-5.0,
        "y":-0.4375
      },
      "BitCount":8,
      "Colour":1,
      "ValueDisplayMode":0
    },
    {
      "Name":"b1",
      "ID":1456840443,
      "Position":{
        "x":-5.0,
        "y":-3.125
      },
      "BitCount":8,
      "Colour":6,
      "ValueDisplayMode":0
    },
    {
      "Name":"b2",
      "ID":678797741,
      "Position":{
        "x":-5.0,
        "y":-3.625
      },
      "BitCount":8,
      "Colour":0,
      "ValueDisplayMode":0
    },
    {
      "Name":"b3",
      "ID":1608146643,
      "Position":{
        "x":-5.0,
        "y":-4.125
      },
      "BitCount":8,
      "Colour":6,
      "ValueDisplayMode":0
    },
    {
      "Name":"b4",
      "ID":509407401,
      "Position":{
        "x":-5.0,
        "y":-4.625
      },
      "BitCount":8,
      "Colour":0,
      "ValueDisplayMode":0
    },
    {
      "Name":"b5",
      "ID":1450082488,
      "Position":{
        "x":-5.0,
        "y":-5.125
      },
      "BitCount":8,
      "Colour":6,
      "ValueDisplayMode":0
    },
    {
      "Name":"b6",
      "ID":1959852637,
      "Position":{
        "x":-5.0,
        "y":-5.625
      },
      "BitCount":8,
      "Colour":0,
      "ValueDisplayMode":0
    },
    {
      "Name":"b7",
      "ID":2078715179,
      "Position":{
        "x":-5.0,
        "y":-6.125
      },
      "BitCount":8,
      "Colour":6,
      "ValueDisplayMode":0
    },
    {
      "Name":"b8",
      "ID":1507910218,
      "Position":{
        "x":-5.0,
        "y":-6.625
      },
      "BitCount":8,
      "Colour":0,
      "ValueDisplayMode":0
    },
    {
      "Name":"Select",
      "ID":1222551488,
      "Position":{
        "x":-5.0,
        "y":-7.1875
      },
      "BitCount":1,
      "Colour":4,
      "ValueDisplayMode":0
    }
  ],
  "OutputPins":[
    {
      "Name":"OUT",
      "ID":1243424859,
      "Position":{
        "x":0.25,
        "y":2.6875
      },
      "BitCount":8,
      "Colour":0,
      "ValueDisplayMode":0
    },
    {
      "Name":"OUT",
      "ID":640546091,
      "Position":{
        "x":0.25,
        "y":1.375
      },
      "BitCount":8,
      "Colour":0,
      "ValueDisplayMode":0
    },
    {
      "Name":"OUT",
      "ID":453381083,
      "Position":{
        "x":0.25,
        "y":0.0625
      },
      "BitCount":8,
      "Colour":0,
      "ValueDisplayMode":0
    },
    {
      "Name":"OUT",
      "ID":444608727,
      "Position":{
        "x":0.25,
        "y":-1.25
      },
      "BitCount":8,
      "Colour":0,
      "ValueDisplayMode":0
    },
    {
      "Name":"OUT",
      "ID":1095320803,
      "Position":{
        "x":0.25,
        "y":-2.5625
      },
      "BitCount":8,
      "Colour":0,
      "ValueDisplayMode":0
    },
    {
      "Name":"OUT",
      "ID":300404644,
      "Position":{
        "x":0.25,
        "y":-3.875
      },
      "BitCount":8,
      "Colour":0,
      "ValueDisplayMode":0
    },
    {
      "Name":"OUT",
      "ID":789452553,
      "Position":{
        "x":0.25,
        "y":-5.1875
      },
      "BitCount":8,
      "Colour":0,
      "ValueDisplayMode":0
    },
    {
      "Name":"OUT",
      "ID":458105090,
      "Position":{
        "x":0.25,
        "y":-6.5
      },
      "BitCount":8,
      "Colour":0,
      "ValueDisplayMode":0
    }
  ],
  "SubChips":[
    {
      "Name":"2-1MUX,8Bit",
      "ID":2112934442,
      "Label":"",
      "Position":{
        "x":-2.1025,
        "y":-1.25
      },
      "OutputPinColourInfo":[{"PinColour":0,"PinID":1786653634}],
      "InternalData":null
    },
    {
      "Name":"2-1MUX,8Bit",
      "ID":391102696,
      "Label":"",
      "Position":{
        "x":-2.1025,
        "y":0.0625
      },
      "OutputPinColourInfo":[{"PinColour":0,"PinID":1786653634}],
      "InternalData":null
    },
    {
      "Name":"2-1MUX,8Bit",
      "ID":942538750,
      "Label":"",
      "Position":{
        "x":-2.1025,
        "y":1.375
      },
      "OutputPinColourInfo":[{"PinColour":0,"PinID":1786653634}],
      "InternalData":null
    },
    {
      "Name":"2-1MUX,8Bit",
      "ID":1864127190,
      "Label":"",
      "Position":{
        "x":-2.1025,
        "y":2.6875
      },
      "OutputPinColourInfo":[{"PinColour":0,"PinID":1786653634}],
      "InternalData":null
    },
    {
      "Name":"2-1MUX,8Bit",
      "ID":503512947,
      "Label":"",
      "Position":{
        "x":-2.1025,
        "y":-2.5625
      },
      "OutputPinColourInfo":[{"PinColour":0,"PinID":1786653634}],
      "InternalData":null
    },
    {
      "Name":"2-1MUX,8Bit",
      "ID":1881425115,
      "Label":"",
      "Position":{
        "x":-2.1025,
        "y":-3.875
      },
      "OutputPinColourInfo":[{"PinColour":0,"PinID":1786653634}],
      "InternalData":null
    },
    {
      "Name":"2-1MUX,8Bit",
      "ID":1976450643,
      "Label":"",
      "Position":{
        "x":-2.1025,
        "y":-5.1875
      },
      "OutputPinColourInfo":[{"PinColour":0,"PinID":1786653634}],
      "InternalData":null
    },
    {
      "Name":"2-1MUX,8Bit",
      "ID":437964383,
      "Label":"",
      "Position":{
        "x":-2.1025,
        "y":-6.5
      },
      "OutputPinColourInfo":[{"PinColour":0,"PinID":1786653634}],
      "InternalData":null
    }
  ],
  "Wires":[
    {
      "SourcePinAddress":{
        "PinID":0,
        "PinOwnerID":787627853
      },
      "TargetPinAddress":{
        "PinID":317052020,
        "PinOwnerID":942538750
      },
      "ConnectionType":0,
      "ConnectedWireIndex":-1,
      "ConnectedWireSegmentIndex":-1,
      "Points":[{"x":0.0,"y":0.0},{"x":-3.375,"y":2.5625},{"x":-3.375,"y":1.75},{"x":0.0,"y":0.0}]
    },
    {
      "SourcePinAddress":{
        "PinID":0,
        "PinOwnerID":678797741
      },
      "TargetPinAddress":{
        "PinID":1875139927,
        "PinOwnerID":942538750
      },
      "ConnectionType":0,
      "ConnectedWireIndex":-1,
      "ConnectedWireSegmentIndex":-1,
      "Points":[{"x":0.0,"y":0.0},{"x":-3.375,"y":-3.625},{"x":-3.375,"y":1.25},{"x":0.0,"y":0.0}]
    },
    {
      "SourcePinAddress":{
        "PinID":0,
        "PinOwnerID":1456840443
      },
      "TargetPinAddress":{
        "PinID":1875139927,
        "PinOwnerID":1864127190
      },
      "ConnectionType":0,
      "ConnectedWireIndex":-1,
      "ConnectedWireSegmentIndex":-1,
      "Points":[{"x":0.0,"y":0.0},{"x":-3.375,"y":-3.125},{"x":-3.375,"y":2.5625},{"x":0.0,"y":0.0}]
    },
    {
      "SourcePinAddress":{
        "PinID":0,
        "PinOwnerID":2013786966
      },
      "TargetPinAddress":{
        "PinID":317052020,
        "PinOwnerID":1864127190
      },
      "ConnectionType":0,
      "ConnectedWireIndex":-1,
      "ConnectedWireSegmentIndex":-1,
      "Points":[{"x":0.0,"y":0.0},{"x":0.0,"y":0.0}]
    },
    {
      "SourcePinAddress":{
        "PinID":0,
        "PinOwnerID":1925713208
      },
      "TargetPinAddress":{
        "PinID":317052020,
        "PinOwnerID":437964383
      },
      "ConnectionType":0,
      "ConnectedWireIndex":-1,
      "ConnectedWireSegmentIndex":-1,
      "Points":[{"x":0.0,"y":0.0},{"x":-3.375,"y":-0.4375},{"x":-3.375,"y":-6.125},{"x":0.0,"y":0.0}]
    },
    {
      "SourcePinAddress":{
        "PinID":0,
        "PinOwnerID":1507910218
      },
      "TargetPinAddress":{
        "PinID":1875139927,
        "PinOwnerID":437964383
      },
      "ConnectionType":0,
      "ConnectedWireIndex":-1,
      "ConnectedWireSegmentIndex":-1,
      "Points":[{"x":0.0,"y":0.0},{"x":0.0,"y":0.0}]
    },
    {
      "SourcePinAddress":{
        "PinID":0,
        "PinOwnerID":819698637
      },
      "TargetPinAddress":{
        "PinID":317052020,
        "PinOwnerID":1976450643
      },
      "ConnectionType":0,
      "ConnectedWireIndex":-1,
      "ConnectedWireSegmentIndex":-1,
      "Points":[{"x":0.0,"y":0.0},{"x":-3.375,"y":0.0625},{"x":-3.375,"y":-4.8125},{"x":0.0,"y":0.0}]
    },
    {
      "SourcePinAddress":{
        "PinID":0,
        "PinOwnerID":2078715179
      },
      "TargetPinAddress":{
        "PinID":1875139927,
        "PinOwnerID":1976450643
      },
      "ConnectionType":0,
      "ConnectedWireIndex":-1,
      "ConnectedWireSegmentIndex":-1,
      "Points":[{"x":0.0,"y":0.0},{"x":-3.375,"y":-6.125},{"x":-3.375,"y":-5.3125},{"x":0.0,"y":0.0}]
    },
    {
      "SourcePinAddress":{
        "PinID":0,
        "PinOwnerID":672547226
      },
      "TargetPinAddress":{
        "PinID":317052020,
        "PinOwnerID":1881425115
      },
      "ConnectionType":0,
      "ConnectedWireIndex":-1,
      "ConnectedWireSegmentIndex":-1,
      "Points":[{"x":0.0,"y":0.0},{"x":-3.375,"y":0.5625},{"x":-3.375,"y":-3.5},{"x":0.0,"y":0.0}]
    },
    {
      "SourcePinAddress":{
        "PinID":0,
        "PinOwnerID":1959852637
      },
      "TargetPinAddress":{
        "PinID":1875139927,
        "PinOwnerID":1881425115
      },
      "ConnectionType":0,
      "ConnectedWireIndex":-1,
      "ConnectedWireSegmentIndex":-1,
      "Points":[{"x":0.0,"y":0.0},{"x":-3.375,"y":-5.625},{"x":-3.375,"y":-4.0},{"x":0.0,"y":0.0}]
    },
    {
      "SourcePinAddress":{
        "PinID":0,
        "PinOwnerID":693460423
      },
      "TargetPinAddress":{
        "PinID":317052020,
        "PinOwnerID":503512947
      },
      "ConnectionType":0,
      "ConnectedWireIndex":-1,
      "ConnectedWireSegmentIndex":-1,
      "Points":[{"x":0.0,"y":0.0},{"x":-3.375,"y":1.0625},{"x":-3.375,"y":-2.1875},{"x":0.0,"y":0.0}]
    },
    {
      "SourcePinAddress":{
        "PinID":0,
        "PinOwnerID":1450082488
      },
      "TargetPinAddress":{
        "PinID":1875139927,
        "PinOwnerID":503512947
      },
      "ConnectionType":0,
      "ConnectedWireIndex":-1,
      "ConnectedWireSegmentIndex":-1,
      "Points":[{"x":0.0,"y":0.0},{"x":-3.375,"y":-5.125},{"x":-3.375,"y":-2.6875},{"x":0.0,"y":0.0}]
    },
    {
      "SourcePinAddress":{
        "PinID":0,
        "PinOwnerID":1814874324
      },
      "TargetPinAddress":{
        "PinID":317052020,
        "PinOwnerID":2112934442
      },
      "ConnectionType":0,
      "ConnectedWireIndex":-1,
      "ConnectedWireSegmentIndex":-1,
      "Points":[{"x":0.0,"y":0.0},{"x":-3.375,"y":1.5625},{"x":-3.375,"y":-0.875},{"x":0.0,"y":0.0}]
    },
    {
      "SourcePinAddress":{
        "PinID":0,
        "PinOwnerID":509407401
      },
      "TargetPinAddress":{
        "PinID":1875139927,
        "PinOwnerID":2112934442
      },
      "ConnectionType":0,
      "ConnectedWireIndex":-1,
      "ConnectedWireSegmentIndex":-1,
      "Points":[{"x":0.0,"y":0.0},{"x":-3.375,"y":-4.625},{"x":-3.375,"y":-1.375},{"x":0.0,"y":0.0}]
    },
    {
      "SourcePinAddress":{
        "PinID":0,
        "PinOwnerID":285850438
      },
      "TargetPinAddress":{
        "PinID":317052020,
        "PinOwnerID":391102696
      },
      "ConnectionType":0,
      "ConnectedWireIndex":-1,
      "ConnectedWireSegmentIndex":-1,
      "Points":[{"x":0.0,"y":0.0},{"x":-3.375,"y":2.0625},{"x":-3.375,"y":0.4375},{"x":0.0,"y":0.0}]
    },
    {
      "SourcePinAddress":{
        "PinID":0,
        "PinOwnerID":1608146643
      },
      "TargetPinAddress":{
        "PinID":1875139927,
        "PinOwnerID":391102696
      },
      "ConnectionType":0,
      "ConnectedWireIndex":-1,
      "ConnectedWireSegmentIndex":-1,
      "Points":[{"x":0.0,"y":0.0},{"x":-3.375,"y":-4.125},{"x":-3.375,"y":-0.0625},{"x":0.0,"y":0.0}]
    },
    {
      "SourcePinAddress":{
        "PinID":0,
        "PinOwnerID":1222551488
      },
      "TargetPinAddress":{
        "PinID":540429229,
        "PinOwnerID":437964383
      },
      "ConnectionType":0,
      "ConnectedWireIndex":-1,
      "ConnectedWireSegmentIndex":-1,
      "Points":[{"x":0.0,"y":0.0},{"x":-3.375,"y":-7.1875},{"x":-3.375,"y":-7.0},{"x":0.0,"y":0.0}]
    },
    {
      "SourcePinAddress":{
        "PinID":0,
        "PinOwnerID":1222551488
      },
      "TargetPinAddress":{
        "PinID":540429229,
        "PinOwnerID":1976450643
      },
      "ConnectionType":1,
      "ConnectedWireIndex":16,
      "ConnectedWireSegmentIndex":1,
      "Points":[{"x":-3.375,"y":-7.0},{"x":-3.375,"y":-5.6875},{"x":0.0,"y":0.0}]
    },
    {
      "SourcePinAddress":{
        "PinID":0,
        "PinOwnerID":1222551488
      },
      "TargetPinAddress":{
        "PinID":540429229,
        "PinOwnerID":1881425115
      },
      "ConnectionType":1,
      "ConnectedWireIndex":17,
      "ConnectedWireSegmentIndex":0,
      "Points":[{"x":-3.375,"y":-5.6875},{"x":-3.375,"y":-4.375},{"x":0.0,"y":0.0}]
    },
    {
      "SourcePinAddress":{
        "PinID":0,
        "PinOwnerID":1222551488
      },
      "TargetPinAddress":{
        "PinID":540429229,
        "PinOwnerID":503512947
      },
      "ConnectionType":1,
      "ConnectedWireIndex":18,
      "ConnectedWireSegmentIndex":0,
      "Points":[{"x":-3.375,"y":-4.375},{"x":-3.375,"y":-3.0625},{"x":0.0,"y":0.0}]
    },
    {
      "SourcePinAddress":{
        "PinID":0,
        "PinOwnerID":1222551488
      },
      "TargetPinAddress":{
        "PinID":540429229,
        "PinOwnerID":2112934442
      },
      "ConnectionType":1,
      "ConnectedWireIndex":19,
      "ConnectedWireSegmentIndex":0,
      "Points":[{"x":-3.375,"y":-3.0625},{"x":-3.375,"y":-1.75},{"x":0.0,"y":0.0}]
    },
    {
      "SourcePinAddress":{
        "PinID":0,
        "PinOwnerID":1222551488
      },
      "TargetPinAddress":{
        "PinID":540429229,
        "PinOwnerID":391102696
      },
      "ConnectionType":1,
      "ConnectedWireIndex":20,
      "ConnectedWireSegmentIndex":0,
      "Points":[{"x":-3.375,"y":-1.75},{"x":-3.375,"y":-0.4375},{"x":0.0,"y":0.0}]
    },
    {
      "SourcePinAddress":{
        "PinID":0,
        "PinOwnerID":1222551488
      },
      "TargetPinAddress":{
        "PinID":540429229,
        "PinOwnerID":942538750
      },
      "ConnectionType":1,
      "ConnectedWireIndex":21,
      "ConnectedWireSegmentIndex":0,
      "Points":[{"x":-3.375,"y":-0.4375},{"x":-3.375,"y":0.875},{"x":0.0,"y":0.0}]
    },
    {
      "SourcePinAddress":{
        "PinID":0,
        "PinOwnerID":1222551488
      },
      "TargetPinAddress":{
        "PinID":540429229,
        "PinOwnerID":1864127190
      },
      "ConnectionType":1,
      "ConnectedWireIndex":22,
      "ConnectedWireSegmentIndex":0,
      "Points":[{"x":-3.375,"y":0.875},{"x":-3.375,"y":2.1875},{"x":0.0,"y":0.0}]
    },
    {
      "SourcePinAddress":{
        "PinID":1786653634,
        "PinOwnerID":437964383
      },
      "TargetPinAddress":{
        "PinID":0,
        "PinOwnerID":458105090
      },
      "ConnectionType":0,
      "ConnectedWireIndex":-1,
      "ConnectedWireSegmentIndex":-1,
      "Points":[{"x":0.0,"y":0.0},{"x":0.0,"y":0.0}]
    },
    {
      "SourcePinAddress":{
        "PinID":1786653634,
        "PinOwnerID":1976450643
      },
      "TargetPinAddress":{
        "PinID":0,
        "PinOwnerID":789452553
      },
      "ConnectionType":0,
      "ConnectedWireIndex":-1,
      "ConnectedWireSegmentIndex":-1,
      "Points":[{"x":0.0,"y":0.0},{"x":0.0,"y":0.0}]
    },
    {
      "SourcePinAddress":{
        "PinID":1786653634,
        "PinOwnerID":1881425115
      },
      "TargetPinAddress":{
        "PinID":0,
        "PinOwnerID":300404644
      },
      "ConnectionType":0,
      "ConnectedWireIndex":-1,
      "ConnectedWireSegmentIndex":-1,
      "Points":[{"x":0.0,"y":0.0},{"x":0.0,"y":0.0}]
    },
    {
      "SourcePinAddress":{
        "PinID":1786653634,
        "PinOwnerID":503512947
      },
      "TargetPinAddress":{
        "PinID":0,
        "PinOwnerID":1095320803
      },
      "ConnectionType":0,
      "ConnectedWireIndex":-1,
      "ConnectedWireSegmentIndex":-1,
      "Points":[{"x":0.0,"y":0.0},{"x":0.0,"y":0.0}]
    },
    {
      "SourcePinAddress":{
        "PinID":1786653634,
        "PinOwnerID":2112934442
      },
      "TargetPinAddress":{
        "PinID":0,
        "PinOwnerID":444608727
      },
      "ConnectionType":0,
      "ConnectedWireIndex":-1,
      "ConnectedWireSegmentIndex":-1,
      "Points":[{"x":0.0,"y":0.0},{"x":0.0,"y":0.0}]
    },
    {
      "SourcePinAddress":{
        "PinID":1786653634,
        "PinOwnerID":391102696
      },
      "TargetPinAddress":{
        "PinID":0,
        "PinOwnerID":453381083
      },
      "ConnectionType":0,
      "ConnectedWireIndex":-1,
      "ConnectedWireSegmentIndex":-1,
      "Points":[{"x":0.0,"y":0.0},{"x":0.0,"y":0.0}]
    },
    {
      "SourcePinAddress":{
        "PinID":1786653634,
        "PinOwnerID":942538750
      },
      "TargetPinAddress":{
        "PinID":0,
        "PinOwnerID":640546091
      },
      "ConnectionType":0,
      "ConnectedWireIndex":-1,
      "ConnectedWireSegmentIndex":-1,
      "Points":[{"x":0.0,"y":0.0},{"x":0.0,"y":0.0}]
    },
    {
      "SourcePinAddress":{
        "PinID":1786653634,
        "PinOwnerID":1864127190
      },
      "TargetPinAddress":{
        "PinID":0,
        "PinOwnerID":1243424859
      },
      "ConnectionType":0,
      "ConnectedWireIndex":-1,
      "ConnectedWireSegmentIndex":-1,
      "Points":[{"x":0.0,"y":0.0},{"x":0.0,"y":0.0}]
    }
  ],
  "Displays":[]
}