{
  "DLSVersion": "2.1.6",
  "Name": "2-1MUX,8Bit",
  "NameLocation": 0,
  "ChipType": 0,
  "Size": {
    "x": 1.775,
    "y": 1.25
  },
  "Colour": {
    "r": 0.0425142422,
    "g": 0.328417778,
    "b": 0.0420885347,
    "a": 1
  },
  "InputPins":[
    {
      "Name":"D1",
      "ID":317052020,
      "Position":{
        "x":-8.375,
        "y":2.0
      },
      "BitCount":8,
      "Colour":0,
      "ValueDisplayMode":0
    },
    {
      "Name":"D2",
      "ID":1875139927,
      "Position":{
        "x":-8.375,
        "y":-2.0
      },
      "BitCount":8,
      "Colour":0,
      "ValueDisplayMode":0
    },
    {
      "Name":"Select",
      "ID":540429229,
      "Position":{
        "x":-7.125,
        "y":-3.3125
      },
      "BitCount":1,
      "Colour":4,
      "ValueDisplayMode":0
    }
  ],
  "OutputPins":[
    {
      "Name":"OUT",
      "ID":1786653634,
      "Position":{
        "x":0.125,
        "y":-0.1875
      },
      "BitCount":8,
      "Colour":0,
      "ValueDisplayMode":0
    }
  ],
  "SubChips":[
    {
      "Name":"2-1MUX",
      "ID":527243436,
      "Label":"",
      "Position":{
        "x":-4.2275,
        "y":2.625
      },
      "OutputPinColourInfo":[{"PinColour":0,"PinID":629207799}],
      "InternalData":null
    },
    {
      "Name":"2-1MUX",
      "ID":2059835559,
      "Label":"",
      "Position":{
        "x":-4.2275,
        "y":1.8125
      },
      "OutputPinColourInfo":[{"PinColour":0,"PinID":629207799}],
      "InternalData":null
    },
    {
      "Name":"2-1MUX",
      "ID":1847469570,
      "Label":"",
      "Position":{
        "x":-4.2275,
        "y":1.0
      },
      "OutputPinColourInfo":[{"PinColour":0,"PinID":629207799}],
      "InternalData":null
    },
    {
      "Name":"2-1MUX",
      "ID":1723544119,
      "Label":"",
      "Position":{
        "x":-4.2275,
        "y":0.1875
      },
      "OutputPinColourInfo":[{"PinColour":0,"PinID":629207799}],
      "InternalData":null
    },
    {
      "Name":"2-1MUX",
      "ID":2124663249,
      "Label":"",
      "Position":{
        "x":-4.2275,
        "y":-0.625
      },
      "OutputPinColourInfo":[{"PinColour":0,"PinID":629207799}],
      "InternalData":null
    },
    {
      "Name":"2-1MUX",
      "ID":1550247016,
      "Label":"",
      "Position":{
        "x":-4.2275,
        "y":-1.4375
      },
      "OutputPinColourInfo":[{"PinColour":0,"PinID":629207799}],
      "InternalData":null
    },
    {
      "Name":"2-1MUX",
      "ID":871042233,
      "Label":"",
      "Position":{
        "x":-4.2275,
        "y":-2.25
      },
      "OutputPinColourInfo":[{"PinColour":0,"PinID":629207799}],
      "InternalData":null
    },
    {
      "Name":"2-1MUX",
      "ID":314959643,
      "Label":"",
      "Position":{
        "x":-4.2275,
        "y":-3.0625
      },
      "OutputPinColourInfo":[{"PinColour":0,"PinID":629207799}],
      "InternalData":null
    },
    {
      "Name":"8-1BIT",
      "ID":1701258310,
      "Label":"D1",
      "Position":{
        "x":-6.3025,
        "y":2.0
      },
      "OutputPinColourInfo":[{"PinColour":0,"PinID":1},{"PinColour":0,"PinID":2},{"PinColour":0,"PinID":3},{"PinColour":0,"PinID":4},{"PinColour":0,"PinID":5},{"PinColour":0,"PinID":6},{"PinColour":0,"PinID":7},{"PinColour":0,"PinID":8}],
      "InternalData":null
    },
    {
      "Name":"8-1BIT",
      "ID":2090588678,
      "Label":"",
      "Position":{
        "x":-6.3025,
        "y":-2.0
      },
      "OutputPinColourInfo":[{"PinColour":1,"PinID":1},{"PinColour":1,"PinID":2},{"PinColour":1,"PinID":3},{"PinColour":1,"PinID":4},{"PinColour":1,"PinID":5},{"PinColour":1,"PinID":6},{"PinColour":1,"PinID":7},{"PinColour":1,"PinID":8}],
      "InternalData":null
    },
    {
      "Name":"1-8BIT",
      "ID":1748308416,
      "Label":"",
      "Position":{
        "x":-1.9275,
        "y":-0.1875
      },
      "OutputPinColourInfo":[{"PinColour":0,"PinID":8}],
      "InternalData":null
    }
  ],
  "Wires":[
    {
      "SourcePinAddress":{
        "PinID":1,
        "PinOwnerID":1701258310
      },
      "TargetPinAddress":{
        "PinID":340240834,
        "PinOwnerID":527243436
      },
      "ConnectionType":0,
      "ConnectedWireIndex":-1,
      "ConnectedWireSegmentIndex":-1,
      "Points":[{"x":0.0,"y":0.0},{"x":0.0,"y":0.0}]
    },
    {
      "SourcePinAddress":{
        "PinID":2,
        "PinOwnerID":1701258310
      },
      "TargetPinAddress":{
        "PinID":340240834,
        "PinOwnerID":2059835559
      },
      "ConnectionType":0,
      "ConnectedWireIndex":-1,
      "ConnectedWireSegmentIndex":-1,
      "Points":[{"x":0.0,"y":0.0},{"x":0.0,"y":0.0}]
    },
    {
      "SourcePinAddress":{
        "PinID":3,
        "PinOwnerID":1701258310
      },
      "TargetPinAddress":{
        "PinID":340240834,
        "PinOwnerID":1847469570
      },
      "ConnectionType":0,
      "ConnectedWireIndex":-1,
      "ConnectedWireSegmentIndex":-1,
      "Points":[{"x":0.0,"y":0.0},{"x":0.0,"y":0.0}]
    },
    {
      "SourcePinAddress":{
        "PinID":0,
        "PinOwnerID":540429229
      },
      "TargetPinAddress":{
        "PinID":1233651610,
        "PinOwnerID":314959643
      },
      "ConnectionType":0,
      "ConnectedWireIndex":-1,
      "ConnectedWireSegmentIndex":-1,
      "Points":[{"x":0.0,"y":0.0},{"x":0.0,"y":0.0}]
    },
    {
      "SourcePinAddress":{
        "PinID":0,
        "PinOwnerID":540429229
      },
      "TargetPinAddress":{
        "PinID":1233651610,
        "PinOwnerID":871042233
      },
      "ConnectionType":1,
      "ConnectedWireIndex":3,
      "ConnectedWireSegmentIndex":0,
      "Points":[{"x":-5.25,"y":-3.3125},{"x":-5.25,"y":-2.5},{"x":0.0,"y":0.0}]
    },
    {
      "SourcePinAddress":{
        "PinID":0,
        "PinOwnerID":540429229
      },
      "TargetPinAddress":{
        "PinID":1233651610,
        "PinOwnerID":1723544119
      },
      "ConnectionType":1,
      "ConnectedWireIndex":4,
      "ConnectedWireSegmentIndex":0,
      "Points":[{"x":-5.25,"y":-2.625},{"x":-5.25,"y":-1.6875},{"x":-5.25,"y":-0.875},{"x":-5.25,"y":-0.0625},{"x":0.0,"y":0.0}]
    },
    {
      "SourcePinAddress":{
        "PinID":0,
        "PinOwnerID":540429229
      },
      "TargetPinAddress":{
        "PinID":1233651610,
        "PinOwnerID":1847469570
      },
      "ConnectionType":1,
      "ConnectedWireIndex":5,
      "ConnectedWireSegmentIndex":2,
      "Points":[{"x":-5.25,"y":-0.0625},{"x":-5.25,"y":0.75},{"x":0.0,"y":0.0}]
    },
    {
      "SourcePinAddress":{
        "PinID":0,
        "PinOwnerID":540429229
      },
      "TargetPinAddress":{
        "PinID":1233651610,
        "PinOwnerID":2059835559
      },
      "ConnectionType":1,
      "ConnectedWireIndex":6,
      "ConnectedWireSegmentIndex":0,
      "Points":[{"x":-5.25,"y":0.75},{"x":-5.25,"y":1.5625},{"x":0.0,"y":0.0}]
    },
    {
      "SourcePinAddress":{
        "PinID":0,
        "PinOwnerID":540429229
      },
      "TargetPinAddress":{
        "PinID":1233651610,
        "PinOwnerID":527243436
      },
      "ConnectionType":1,
      "ConnectedWireIndex":7,
      "ConnectedWireSegmentIndex":0,
      "Points":[{"x":-5.25,"y":1.5625},{"x":-5.25,"y":2.375},{"x":0.0,"y":0.0}]
    },
    {
      "SourcePinAddress":{
        "PinID":0,
        "PinOwnerID":540429229
      },
      "TargetPinAddress":{
        "PinID":1233651610,
        "PinOwnerID":1550247016
      },
      "ConnectionType":1,
      "ConnectedWireIndex":4,
      "ConnectedWireSegmentIndex":0,
      "Points":[{"x":-5.25,"y":-2.625},{"x":-5.25,"y":-1.6875},{"x":0.0,"y":0.0}]
    },
    {
      "SourcePinAddress":{
        "PinID":0,
        "PinOwnerID":540429229
      },
      "TargetPinAddress":{
        "PinID":1233651610,
        "PinOwnerID":2124663249
      },
      "ConnectionType":1,
      "ConnectedWireIndex":5,
      "ConnectedWireSegmentIndex":1,
      "Points":[{"x":-5.25,"y":-0.875},{"x":0.0,"y":0.0}]
    },
    {
      "SourcePinAddress":{
        "PinID":4,
        "PinOwnerID":1701258310
      },
      "TargetPinAddress":{
        "PinID":340240834,
        "PinOwnerID":1723544119
      },
      "ConnectionType":0,
      "ConnectedWireIndex":-1,
      "ConnectedWireSegmentIndex":-1,
      "Points":[{"x":0.0,"y":0.0},{"x":0.0,"y":0.0}]
    },
    {
      "SourcePinAddress":{
        "PinID":5,
        "PinOwnerID":1701258310
      },
      "TargetPinAddress":{
        "PinID":340240834,
        "PinOwnerID":2124663249
      },
      "ConnectionType":0,
      "ConnectedWireIndex":-1,
      "ConnectedWireSegmentIndex":-1,
      "Points":[{"x":0.0,"y":0.0},{"x":0.0,"y":0.0}]
    },
    {
      "SourcePinAddress":{
        "PinID":6,
        "PinOwnerID":1701258310
      },
      "TargetPinAddress":{
        "PinID":340240834,
        "PinOwnerID":1550247016
      },
      "ConnectionType":0,
      "ConnectedWireIndex":-1,
      "ConnectedWireSegmentIndex":-1,
      "Points":[{"x":0.0,"y":0.0},{"x":0.0,"y":0.0}]
    },
    {
      "SourcePinAddress":{
        "PinID":7,
        "PinOwnerID":1701258310
      },
      "TargetPinAddress":{
        "PinID":340240834,
        "PinOwnerID":871042233
      },
      "ConnectionType":0,
      "ConnectedWireIndex":-1,
      "ConnectedWireSegmentIndex":-1,
      "Points":[{"x":0.0,"y":0.0},{"x":0.0,"y":0.0}]
    },
    {
      "SourcePinAddress":{
        "PinID":8,
        "PinOwnerID":1701258310
      },
      "TargetPinAddress":{
        "PinID":340240834,
        "PinOwnerID":314959643
      },
      "ConnectionType":0,
      "ConnectedWireIndex":-1,
      "ConnectedWireSegmentIndex":-1,
      "Points":[{"x":0.0,"y":0.0},{"x":0.0,"y":0.0}]
    },
    {
      "SourcePinAddress":{
        "PinID":1,
        "PinOwnerID":2090588678
      },
      "TargetPinAddress":{
        "PinID":1905013618,
        "PinOwnerID":527243436
      },
      "ConnectionType":0,
      "ConnectedWireIndex":-1,
      "ConnectedWireSegmentIndex":-1,
      "Points":[{"x":0.0,"y":0.0},{"x":0.0,"y":0.0}]
    },
    {
      "SourcePinAddress":{
        "PinID":2,
        "PinOwnerID":2090588678
      },
      "TargetPinAddress":{
        "PinID":1905013618,
        "PinOwnerID":2059835559
      },
      "ConnectionType":0,
      "ConnectedWireIndex":-1,
      "ConnectedWireSegmentIndex":-1,
      "Points":[{"x":0.0,"y":0.0},{"x":0.0,"y":0.0}]
    },
    {
      "SourcePinAddress":{
        "PinID":3,
        "PinOwnerID":2090588678
      },
      "TargetPinAddress":{
        "PinID":1905013618,
        "PinOwnerID":1847469570
      },
      "ConnectionType":0,
      "ConnectedWireIndex":-1,
      "ConnectedWireSegmentIndex":-1,
      "Points":[{"x":0.0,"y":0.0},{"x":0.0,"y":0.0}]
    },
    {
      "SourcePinAddress":{
        "PinID":4,
        "PinOwnerID":2090588678
      },
      "TargetPinAddress":{
        "PinID":1905013618,
        "PinOwnerID":1723544119
      },
      "ConnectionType":0,
      "ConnectedWireIndex":-1,
      "ConnectedWireSegmentIndex":-1,
      "Points":[{"x":0.0,"y":0.0},{"x":0.0,"y":0.0}]
    },
    {
      "SourcePinAddress":{
        "PinID":5,
        "PinOwnerID":2090588678
      },
      "TargetPinAddress":{
        "PinID":1905013618,
        "PinOwnerID":2124663249
      },
      "ConnectionType":0,
      "ConnectedWireIndex":-1,
      "ConnectedWireSegmentIndex":-1,
      "Points":[{"x":0.0,"y":0.0},{"x":0.0,"y":0.0}]
    },
    {
      "SourcePinAddress":{
        "PinID":6,
        "PinOwnerID":2090588678
      },
      "TargetPinAddress":{
        "PinID":1905013618,
        "PinOwnerID":1550247016
      },
      "ConnectionType":0,
      "ConnectedWireIndex":-1,
      "ConnectedWireSegmentIndex":-1,
      "Points":[{"x":0.0,"y":0.0},{"x":0.0,"y":0.0}]
    },
    {
      "SourcePinAddress":{
        "PinID":7,
        "PinOwnerID":2090588678
      },
      "TargetPinAddress":{
        "PinID":1905013618,
        "PinOwnerID":871042233
      },
      "ConnectionType":0,
      "ConnectedWireIndex":-1,
      "ConnectedWireSegmentIndex":-1,
      "Points":[{"x":0.0,"y":0.0},{"x":0.0,"y":0.0}]
    },
    {
      "SourcePinAddress":{
        "PinID":8,
        "PinOwnerID":2090588678
      },
      "TargetPinAddress":{
        "PinID":1905013618,
        "PinOwnerID":314959643
      },
      "ConnectionType":0,
      "ConnectedWireIndex":-1,
      "ConnectedWireSegmentIndex":-1,
      "Points":[{"x":0.0,"y":0.0},{"x":0.0,"y":0.0}]
    },
    {
      "SourcePinAddress":{
        "PinID":0,
        "PinOwnerID":317052020
      },
      "TargetPinAddress":{
        "PinID":0,
        "PinOwnerID":1701258310
      },
      "ConnectionType":0,
      "ConnectedWireIndex":-1,
      "ConnectedWireSegmentIndex":-1,
      "Points":[{"x":0.0,"y":0.0},{"x":0.0,"y":0.0}]
    },
    {
      "SourcePinAddress":{
        "PinID":0,
        "PinOwnerID":1875139927
      },
      "TargetPinAddress":{
        "PinID":0,
        "PinOwnerID":2090588678
      },
      "ConnectionType":0,
      "ConnectedWireIndex":-1,
      "ConnectedWireSegmentIndex":-1,
      "Points":[{"x":0.0,"y":0.0},{"x":0.0,"y":0.0}]
    },
    {
      "SourcePinAddress":{
        "PinID":629207799,
        "PinOwnerID":527243436
      },
      "TargetPinAddress":{
        "PinID":0,
        "PinOwnerID":1748308416
      },
      "ConnectionType":0,
      "ConnectedWireIndex":-1,
      "ConnectedWireSegmentIndex":-1,
      "Points":[{"x":0.0,"y":0.0},{"x":0.0,"y":0.0}]
    },
    {
      "SourcePinAddress":{
        "PinID":629207799,
        "PinOwnerID":2059835559
      },
      "TargetPinAddress":{
        "PinID":1,
        "PinOwnerID":1748308416
      },
      "ConnectionType":0,
      "ConnectedWireIndex":-1,
      "ConnectedWireSegmentIndex":-1,
      "Points":[{"x":0.0,"y":0.0},{"x":0.0,"y":0.0}]
    },
    {
      "SourcePinAddress":{
        "PinID":629207799,
        "PinOwnerID":1847469570
      },
      "TargetPinAddress":{
        "PinID":2,
        "PinOwnerID":1748308416
      },
      "ConnectionType":0,
      "ConnectedWireIndex":-1,
      "ConnectedWireSegmentIndex":-1,
      "Points":[{"x":0.0,"y":0.0},{"x":0.0,"y":0.0}]
    },
    {
      "SourcePinAddress":{
        "PinID":629207799,
        "PinOwnerID":1723544119
      },
      "TargetPinAddress":{
        "PinID":3,
        "PinOwnerID":1748308416
      },
      "ConnectionType":0,
      "ConnectedWireIndex":-1,
      "ConnectedWireSegmentIndex":-1,
      "Points":[{"x":0.0,"y":0.0},{"x":0.0,"y":0.0}]
    },
    {
      "SourcePinAddress":{
        "PinID":629207799,
        "PinOwnerID":2124663249
      },
      "TargetPinAddress":{
        "PinID":4,
        "PinOwnerID":1748308416
      },
      "ConnectionType":0,
      "ConnectedWireIndex":-1,
      "ConnectedWireSegmentIndex":-1,
      "Points":[{"x":0.0,"y":0.0},{"x":0.0,"y":0.0}]
    },
    {
      "SourcePinAddress":{
        "PinID":629207799,
        "PinOwnerID":1550247016
      },
      "TargetPinAddress":{
        "PinID":5,
        "PinOwnerID":1748308416
      },
      "ConnectionType":0,
      "ConnectedWireIndex":-1,
      "ConnectedWireSegmentIndex":-1,
      "Points":[{"x":0.0,"y":0.0},{"x":0.0,"y":0.0}]
    },
    {
      "SourcePinAddress":{
        "PinID":629207799,
        "PinOwnerID":871042233
      },
      "TargetPinAddress":{
        "PinID":6,
        "PinOwnerID":1748308416
      },
      "ConnectionType":0,
      "ConnectedWireIndex":-1,
      "ConnectedWireSegmentIndex":-1,
      "Points":[{"x":0.0,"y":0.0},{"x":0.0,"y":0.0}]
    },
    {
      "SourcePinAddress":{
        "PinID":629207799,
        "PinOwnerID":314959643
      },
      "TargetPinAddress":{
        "PinID":7,
        "PinOwnerID":1748308416
      },
      "ConnectionType":0,
      "ConnectedWireIndex":-1,
      "ConnectedWireSegmentIndex":-1,
      "Points":[{"x":0.0,"y":0.0},{"x":0.0,"y":0.0}]
    },
    {
      "SourcePinAddress":{
        "PinID":8,
        "PinOwnerID":1748308416
      },
      "TargetPinAddress":{
        "PinID":0,
        "PinOwnerID":1786653634
      },
      "ConnectionType":0,
      "ConnectedWireIndex":-1,
      "ConnectedWireSegmentIndex":-1,
      "Points":[{"x":0.0,"y":0.0},{"x":0.0,"y":0.0}]
    }
  ],
  "Displays": null
}