{
  "DLSVersion": "2.1.6",
  "Name": "2-1MUX",
  "NameLocation": 0,
  "ChipType": 0,
  "Size": {
    "x": 1.025,
    "y": 0.75
  },
  "Colour": {
    "r": 0.368739963,
    "g": 0.0475408658,
    "b": 0.265696883,
    "a": 1
  },
  "InputPins":[
    {
      "Name":"D1",
      "ID":340240834,
      "Position":{
        "x":-6.0,
        "y":2.4375
      },
      "BitCount":1,
      "Colour":0,
      "ValueDisplayMode":0
    },
    {
      "Name":"D2",
      "ID":1905013618,
      "Position":{
        "x":-6.0,
        "y":2.0
      },
      "BitCount":1,
      "Colour":0,
      "ValueDisplayMode":0
    },
    {
      "Name":"Select",
      "ID":1233651610,
      "Position":{
        "x":-6.0,
        "y":1.5625
      },
      "BitCount":1,
      "Colour":0,
      "ValueDisplayMode":0
    }
  ],
  "OutputPins":[
    {
      "Name":"OUT",
      "ID":629207799,
      "Position":{
        "x":-2.375,
        "y":2.0625
      },
      "BitCount":1,
      "Colour":0,
      "ValueDisplayMode":0
    }
  ],
  "SubChips":[
    {
      "Name":"AND",
      "ID":624099158,
      "Label":"",
      "Position":{
        "x":-4.4525,
        "y":2.3125
      },
      "OutputPinColourInfo":[{"PinColour":0,"PinID":726622901}],
      "InternalData":null
    },
    {
      "Name":"AND",
      "ID":1674700410,
      "Label":"",
      "Position":{
        "x":-4.4525,
        "y":1.75
      },
      "OutputPinColourInfo":[{"PinColour":0,"PinID":726622901}],
      "InternalData":null
    },
    {
      "Name":"OR",
      "ID":254080455,
      "Label":"",
      "Position":{
        "x":-3.6525,
        "y":2.0625
      },
      "OutputPinColourInfo":[{"PinColour":0,"PinID":1165613228}],
      "InternalData":null
    },
    {
      "Name":"NOT",
      "ID":2121031695,
      "Label":"",
      "Position":{
        "x":-4.4525,
        "y":1.1875
      },
      "OutputPinColourInfo":[{"PinColour":0,"PinID":84425304}],
      "InternalData":null
    }
  ],
  "Wires":[
    {
      "SourcePinAddress":{
        "PinID":0,
        "PinOwnerID":1905013618
      },
      "TargetPinAddress":{
        "PinID":1010112276,
        "PinOwnerID":1674700410
      },
      "ConnectionType":0,
      "ConnectedWireIndex":-1,
      "ConnectedWireSegmentIndex":-1,
      "Points":[{"x":0.0,"y":0.0},{"x":-5.25,"y":1.875},{"x":0.0,"y":0.0}]
    },
    {
      "SourcePinAddress":{
        "PinID":0,
        "PinOwnerID":340240834
      },
      "TargetPinAddress":{
        "PinID":1010112276,
        "PinOwnerID":624099158
      },
      "ConnectionType":0,
      "ConnectedWireIndex":-1,
      "ConnectedWireSegmentIndex":-1,
      "Points":[{"x":0.0,"y":0.0},{"x":0.0,"y":0.0}]
    },
    {
      "SourcePinAddress":{
        "PinID":726622901,
        "PinOwnerID":624099158
      },
      "TargetPinAddress":{
        "PinID":70153538,
        "PinOwnerID":254080455
      },
      "ConnectionType":0,
      "ConnectedWireIndex":-1,
      "ConnectedWireSegmentIndex":-1,
      "Points":[{"x":0.0,"y":0.0},{"x":0.0,"y":0.0}]
    },
    {
      "SourcePinAddress":{
        "PinID":726622901,
        "PinOwnerID":1674700410
      },
      "TargetPinAddress":{
        "PinID":1891478222,
        "PinOwnerID":254080455
      },
      "ConnectionType":0,
      "ConnectedWireIndex":-1,
      "ConnectedWireSegmentIndex":-1,
      "Points":[{"x":0.0,"y":0.0},{"x":0.0,"y":0.0}]
    },
    {
      "SourcePinAddress":{
        "PinID":1165613228,
        "PinOwnerID":254080455
      },
      "TargetPinAddress":{
        "PinID":0,
        "PinOwnerID":629207799
      },
      "ConnectionType":0,
      "ConnectedWireIndex":-1,
      "ConnectedWireSegmentIndex":-1,
      "Points":[{"x":0.0,"y":0.0},{"x":0.0,"y":0.0}]
    },
    {
      "SourcePinAddress":{
        "PinID":84425304,
        "PinOwnerID":2121031695
      },
      "TargetPinAddress":{
        "PinID":865093321,
        "PinOwnerID":624099158
      },
      "ConnectionType":0,
      "ConnectedWireIndex":-1,
      "ConnectedWireSegmentIndex":-1,
      "Points":[{"x":0.0,"y":0.0},{"x":-3.9375,"y":1.1875},{"x":-3.9375,"y":1.4375},{"x":-4.9375,"y":1.4375},{"x":-4.9375,"y":2.1875},{"x":0.0,"y":0.0}]
    },
    {
      "SourcePinAddress":{
        "PinID":0,
        "PinOwnerID":1233651610
      },
      "TargetPinAddress":{
        "PinID":865093321,
        "PinOwnerID":1674700410
      },
      "ConnectionType":0,
      "ConnectedWireIndex":-1,
      "ConnectedWireSegmentIndex":-1,
      "Points":[{"x":0.0,"y":0.0},{"x":-5.25,"y":1.625},{"x":0.0,"y":0.0}]
    },
    {
      "SourcePinAddress":{
        "PinID":0,
        "PinOwnerID":1233651610
      },
      "TargetPinAddress":{
        "PinID":1012375142,
        "PinOwnerID":2121031695
      },
      "ConnectionType":0,
      "ConnectedWireIndex":-1,
      "ConnectedWireSegmentIndex":-1,
      "Points":[{"x":0.0,"y":0.0},{"x":-5.25,"y":1.1875},{"x":0.0,"y":0.0}]
    }
  ],
  "Displays": null
}