{
  "DLSVersion": "2.1.6",
  "Name": "4AND",
  "NameLocation": 0,
  "ChipType": 0,
  "Size": {
    "x": 1.325,
    "y": 1.0
  },
  "Colour": {
    "r": 0.6574252,
    "g": 0.489502817,
    "b": 0.06492027,
    "a": 1
  },
  "InputPins":[
    {
      "Name":"IN",
      "ID":1918931069,
      "Position":{
        "x":-6.5,
        "y":-2.3125
      },
      "BitCount":1,
      "Colour":0,
      "ValueDisplayMode":0
    },
    {
      "Name":"IN",
      "ID":1522468253,
      "Position":{
        "x":-6.5,
        "y":-2.8125
      },
      "BitCount":1,
      "Colour":0,
      "ValueDisplayMode":0
    },
    {
      "Name":"IN",
      "ID":1889905888,
      "Position":{
        "x":-6.5,
        "y":-3.3125
      },
      "BitCount":1,
      "Colour":0,
      "ValueDisplayMode":0
    },
    {
      "Name":"IN",
      "ID":1246853868,
      "Position":{
        "x":-6.5,
        "y":-3.8125
      },
      "BitCount":1,
      "Colour":0,
      "ValueDisplayMode":0
    }
  ],
  "OutputPins":[
    {
      "Name":"OUT",
      "ID":1530993384,
      "Position":{
        "x":-2.625,
        "y":-3.0625
      },
      "BitCount":1,
      "Colour":0,
      "ValueDisplayMode":0
    }
  ],
  "SubChips":[
    {
      "Name":"AND",
      "ID":750013222,
      "Label":"",
      "Position":{
        "x":-4.8275,
        "y":-2.75
      },
      "OutputPinColourInfo":[{"PinColour":0,"PinID":726622901}],
      "InternalData":null
    },
    {
      "Name":"AND",
      "ID":854578266,
      "Label":"",
      "Position":{
        "x":-4.8275,
        "y":-3.3125
      },
      "OutputPinColourInfo":[{"PinColour":0,"PinID":726622901}],
      "InternalData":null
    },
    {
      "Name":"AND",
      "ID":348314261,
      "Label":"",
      "Position":{
        "x":-3.9525,
        "y":-3.0625
      },
      "OutputPinColourInfo":[{"PinColour":0,"PinID":726622901}],
      "InternalData":null
    }
  ],
  "Wires":[
    {
      "SourcePinAddress":{
        "PinID":726622901,
        "PinOwnerID":348314261
      },
      "TargetPinAddress":{
        "PinID":0,
        "PinOwnerID":1530993384
      },
      "ConnectionType":0,
      "ConnectedWireIndex":-1,
      "ConnectedWireSegmentIndex":-1,
      "Points":[{"x":0.0,"y":0.0},{"x":0.0,"y":0.0}]
    },
    {
      "SourcePinAddress":{
        "PinID":726622901,
        "PinOwnerID":750013222
      },
      "TargetPinAddress":{
        "PinID":1010112276,
        "PinOwnerID":348314261
      },
      "ConnectionType":0,
      "ConnectedWireIndex":-1,
      "ConnectedWireSegmentIndex":-1,
      "Points":[{"x":0.0,"y":0.0},{"x":0.0,"y":0.0}]
    },
    {
      "SourcePinAddress":{
        "PinID":726622901,
        "PinOwnerID":854578266
      },
      "TargetPinAddress":{
        "PinID":865093321,
        "PinOwnerID":348314261
      },
      "ConnectionType":0,
      "ConnectedWireIndex":-1,
      "ConnectedWireSegmentIndex":-1,
      "Points":[{"x":0.0,"y":0.0},{"x":0.0,"y":0.0}]
    },
    {
      "SourcePinAddress":{
        "PinID":0,
        "PinOwnerID":1918931069
      },
      "TargetPinAddress":{
        "PinID":1010112276,
        "PinOwnerID":750013222
      },
      "ConnectionType":0,
      "ConnectedWireIndex":-1,
      "ConnectedWireSegmentIndex":-1,
      "Points":[{"x":0.0,"y":0.0},{"x":0.0,"y":0.0}]
    },
    {
      "SourcePinAddress":{
        "PinID":0,
        "PinOwnerID":1522468253
      },
      "TargetPinAddress":{
        "PinID":865093321,
        "PinOwnerID":750013222
      },
      "ConnectionType":0,
      "ConnectedWireIndex":-1,
      "ConnectedWireSegmentIndex":-1,
      "Points":[{"x":0.0,"y":0.0},{"x":0.0,"y":0.0}]
    },
    {
      "SourcePinAddress":{
        "PinID":0,
        "PinOwnerID":1889905888
      },
      "TargetPinAddress":{
        "PinID":1010112276,
        "PinOwnerID":854578266
      },
      "ConnectionType":0,
      "ConnectedWireIndex":-1,
      "ConnectedWireSegmentIndex":-1,
      "Points":[{"x":0.0,"y":0.0},{"x":0.0,"y":0.0}]
    },
    {
      "SourcePinAddress":{
        "PinID":0,
        "PinOwnerID":1246853868
      },
      "TargetPinAddress":{
        "PinID":865093321,
        "PinOwnerID":854578266
      },
      "ConnectionType":0,
      "ConnectedWireIndex":-1,
      "ConnectedWireSegmentIndex":-1,
      "Points":[{"x":0.0,"y":0.0},{"x":0.0,"y":0.0}]
    }
  ],
  "Displays": null
}