{
  "DLSVersion": "2.1.6",
  "Name": "4Bit Counter",
  "NameLocation": 2,
  "ChipType": 0,
  "Size": {
    "x": 1.25,
    "y": 0.5
  },
  "Colour": {
    "r": 0.2945315,
    "g": 0.216967285,
    "b": 0.4260214,
    "a": 1
  },
  "InputPins":[
    {
      "Name":"Enable",
      "ID":241597209,
      "Position":{
        "x":-8.5,
        "y":-0.4375
      },
      "BitCount":1,
      "Colour":0,
      "ValueDisplayMode":0
    },
    {
      "Name":"Clock",
      "ID":1219979816,
      "Position":{
        "x":-8.5,
        "y":-1.625
      },
      "BitCount":1,
      "Colour":0,
      "ValueDisplayMode":0
    }
  ],
  "OutputPins":[
    {
      "Name":"OUT",
      "ID":2094056426,
      "Position":{
        "x":1.5,
        "y":0.1875
      },
      "BitCount":4,
      "Colour":0,
      "ValueDisplayMode":0
    }
  ],
  "SubChips":[
    {
      "Name":"JKFF",
      "ID":1495438885,
      "Label":"",
      "Position":{
        "x":-6.7525,
        "y":-0.6875
      },
      "OutputPinColourInfo":[{"PinColour":5,"PinID":1294106162},{"PinColour":0,"PinID":732018673}],
      "InternalData":null
    },
    {
      "Name":"JKFF",
      "ID":54078709,
      "Label":"",
      "Position":{
        "x":-5.5025,
        "y":-0.6875
      },
      "OutputPinColourInfo":[{"PinColour":0,"PinID":1294106162},{"PinColour":0,"PinID":732018673}],
      "InternalData":null
    },
    {
      "Name":"JKFF",
      "ID":462137487,
      "Label":"",
      "Position":{
        "x":-3.5025,
        "y":-0.6875
      },
      "OutputPinColourInfo":[{"PinColour":2,"PinID":1294106162},{"PinColour":0,"PinID":732018673}],
      "InternalData":null
    },
    {
      "Name":"JKFF",
      "ID":623570458,
      "Label":"",
      "Position":{
        "x":-1.3775,
        "y":-0.4375
      },
      "OutputPinColourInfo":[{"PinColour":6,"PinID":1294106162},{"PinColour":0,"PinID":732018673}],
      "InternalData":null
    },
    {
      "Name":"AND",
      "ID":1468352797,
      "Label":"",
      "Position":{
        "x":-4.5775,
        "y":-0.3125
      },
      "OutputPinColourInfo":[{"PinColour":4,"PinID":726622901}],
      "InternalData":null
    },
    {
      "Name":"AND",
      "ID":1447105629,
      "Label":"",
      "Position":{
        "x":-2.5775,
        "y":-0.3125
      },
      "OutputPinColourInfo":[{"PinColour":0,"PinID":726622901}],
      "InternalData":null
    },
    {
      "Name":"1-4BIT",
      "ID":1298516743,
      "Label":"",
      "Position":{
        "x":-0.0525,
        "y":0.1875
      },
      "OutputPinColourInfo":[{"PinColour":0,"PinID":4}],
      "InternalData":null
    },
    {
      "Name":"LED",
      "ID":677144440,
      "Label":"1",
      "Position":{
        "x":-5.74,
        "y":1.0
      },
      "OutputPinColourInfo":[],
      "InternalData":[0]
    },
    {
      "Name":"LED",
      "ID":1702724324,
      "Label":"2",
      "Position":{
        "x":-4.615,
        "y":1.0
      },
      "OutputPinColourInfo":[],
      "InternalData":[0]
    },
    {
      "Name":"LED",
      "ID":1195782430,
      "Label":"3",
      "Position":{
        "x":-2.74,
        "y":1.0
      },
      "OutputPinColourInfo":[],
      "InternalData":[0]
    },
    {
      "Name":"LED",
      "ID":1531226612,
      "Label":"4",
      "Position":{
        "x":-0.365,
        "y":1.0
      },
      "OutputPinColourInfo":[],
      "InternalData":[0]
    },
    {
      "Name":"AND",
      "ID":2140595944,
      "Label":"",
      "Position":{
        "x":-6.8275,
        "y":-1.5
      },
      "OutputPinColourInfo":[{"PinColour":0,"PinID":726622901}],
      "InternalData":null
    }
  ],
  "Wires":[
    {
      "SourcePinAddress":{
        "PinID":0,
        "PinOwnerID":241597209
      },
      "TargetPinAddress":{
        "PinID":1327908502,
        "PinOwnerID":1495438885
      },
      "ConnectionType":0,
      "ConnectedWireIndex":-1,
      "ConnectedWireSegmentIndex":-1,
      "Points":[{"x":0.0,"y":0.0},{"x":0.0,"y":0.0}]
    },
    {
      "SourcePinAddress":{
        "PinID":0,
        "PinOwnerID":241597209
      },
      "TargetPinAddress":{
        "PinID":1738167388,
        "PinOwnerID":1495438885
      },
      "ConnectionType":1,
      "ConnectedWireIndex":0,
      "ConnectedWireSegmentIndex":0,
      "Points":[{"x":-7.4375,"y":-0.4375},{"x":-7.4375,"y":-0.9375},{"x":0.0,"y":0.0}]
    },
    {
      "SourcePinAddress":{
        "PinID":1294106162,
        "PinOwnerID":1495438885
      },
      "TargetPinAddress":{
        "PinID":1327908502,
        "PinOwnerID":54078709
      },
      "ConnectionType":0,
      "ConnectedWireIndex":-1,
      "ConnectedWireSegmentIndex":-1,
      "Points":[{"x":0.0,"y":0.0},{"x":0.0,"y":0.0}]
    },
    {
      "SourcePinAddress":{
        "PinID":1294106162,
        "PinOwnerID":1495438885
      },
      "TargetPinAddress":{
        "PinID":1738167388,
        "PinOwnerID":54078709
      },
      "ConnectionType":1,
      "ConnectedWireIndex":2,
      "ConnectedWireSegmentIndex":0,
      "Points":[{"x":-6.38,"y":-0.4375},{"x":-6.0625,"y":-0.4375},{"x":-6.0625,"y":-0.9375},{"x":0.0,"y":0.0}]
    },
    {
      "SourcePinAddress":{
        "PinID":1294106162,
        "PinOwnerID":1495438885
      },
      "TargetPinAddress":{
        "PinID":1010112276,
        "PinOwnerID":1468352797
      },
      "ConnectionType":1,
      "ConnectedWireIndex":2,
      "ConnectedWireSegmentIndex":0,
      "Points":[{"x":-6.38,"y":-0.4375},{"x":-6.0625,"y":-0.4375},{"x":-6.0625,"y":-0.1875},{"x":0.0,"y":0.0}]
    },
    {
      "SourcePinAddress":{
        "PinID":1294106162,
        "PinOwnerID":54078709
      },
      "TargetPinAddress":{
        "PinID":865093321,
        "PinOwnerID":1468352797
      },
      "ConnectionType":0,
      "ConnectedWireIndex":-1,
      "ConnectedWireSegmentIndex":-1,
      "Points":[{"x":0.0,"y":0.0},{"x":0.0,"y":0.0}]
    },
    {
      "SourcePinAddress":{
        "PinID":726622901,
        "PinOwnerID":1468352797
      },
      "TargetPinAddress":{
        "PinID":1738167388,
        "PinOwnerID":462137487
      },
      "ConnectionType":0,
      "ConnectedWireIndex":-1,
      "ConnectedWireSegmentIndex":-1,
      "Points":[{"x":0.0,"y":0.0},{"x":-4.0625,"y":-0.3125},{"x":-4.0625,"y":-0.9375},{"x":0.0,"y":0.0}]
    },
    {
      "SourcePinAddress":{
        "PinID":1294106162,
        "PinOwnerID":462137487
      },
      "TargetPinAddress":{
        "PinID":865093321,
        "PinOwnerID":1447105629
      },
      "ConnectionType":0,
      "ConnectedWireIndex":-1,
      "ConnectedWireSegmentIndex":-1,
      "Points":[{"x":0.0,"y":0.0},{"x":0.0,"y":0.0}]
    },
    {
      "SourcePinAddress":{
        "PinID":726622901,
        "PinOwnerID":1447105629
      },
      "TargetPinAddress":{
        "PinID":1327908502,
        "PinOwnerID":623570458
      },
      "ConnectionType":0,
      "ConnectedWireIndex":-1,
      "ConnectedWireSegmentIndex":-1,
      "Points":[{"x":0.0,"y":0.0},{"x":-2.0,"y":-0.3125},{"x":-2.0,"y":-0.1875},{"x":-2.0,"y":-0.1875},{"x":0.0,"y":0.0}]
    },
    {
      "SourcePinAddress":{
        "PinID":726622901,
        "PinOwnerID":1447105629
      },
      "TargetPinAddress":{
        "PinID":1738167388,
        "PinOwnerID":623570458
      },
      "ConnectionType":1,
      "ConnectedWireIndex":8,
      "ConnectedWireSegmentIndex":1,
      "Points":[{"x":-2.0,"y":-0.3125},{"x":-2.0,"y":-0.6875},{"x":0.0,"y":0.0}]
    },
    {
      "SourcePinAddress":{
        "PinID":4,
        "PinOwnerID":1298516743
      },
      "TargetPinAddress":{
        "PinID":0,
        "PinOwnerID":2094056426
      },
      "ConnectionType":0,
      "ConnectedWireIndex":-1,
      "ConnectedWireSegmentIndex":-1,
      "Points":[{"x":0.0,"y":0.0},{"x":0.0,"y":0.0}]
    },
    {
      "SourcePinAddress":{
        "PinID":1294106162,
        "PinOwnerID":623570458
      },
      "TargetPinAddress":{
        "PinID":3,
        "PinOwnerID":1298516743
      },
      "ConnectionType":0,
      "ConnectedWireIndex":-1,
      "ConnectedWireSegmentIndex":-1,
      "Points":[{"x":0.0,"y":0.0},{"x":-0.8125,"y":-0.1875},{"x":-0.75,"y":-0.1875},{"x":0.0,"y":0.0}]
    },
    {
      "SourcePinAddress":{
        "PinID":1294106162,
        "PinOwnerID":462137487
      },
      "TargetPinAddress":{
        "PinID":2,
        "PinOwnerID":1298516743
      },
      "ConnectionType":1,
      "ConnectedWireIndex":7,
      "ConnectedWireSegmentIndex":0,
      "Points":[{"x":-3.125,"y":-0.4375},{"x":-3.125,"y":0.0625},{"x":0.0,"y":0.0}]
    },
    {
      "SourcePinAddress":{
        "PinID":1294106162,
        "PinOwnerID":1495438885
      },
      "TargetPinAddress":{
        "PinID":0,
        "PinOwnerID":1298516743
      },
      "ConnectionType":1,
      "ConnectedWireIndex":4,
      "ConnectedWireSegmentIndex":0,
      "Points":[{"x":-6.38,"y":-0.4375},{"x":-6.0625,"y":-0.4375},{"x":-6.0625,"y":0.5625},{"x":0.0,"y":0.0}]
    },
    {
      "SourcePinAddress":{
        "PinID":1294106162,
        "PinOwnerID":623570458
      },
      "TargetPinAddress":{
        "PinID":0,
        "PinOwnerID":1531226612
      },
      "ConnectionType":1,
      "ConnectedWireIndex":11,
      "ConnectedWireSegmentIndex":0,
      "Points":[{"x":-0.8125,"y":-0.1875},{"x":-0.8125,"y":1.0},{"x":0.0,"y":0.0}]
    },
    {
      "SourcePinAddress":{
        "PinID":1294106162,
        "PinOwnerID":54078709
      },
      "TargetPinAddress":{
        "PinID":0,
        "PinOwnerID":1702724324
      },
      "ConnectionType":1,
      "ConnectedWireIndex":5,
      "ConnectedWireSegmentIndex":0,
      "Points":[{"x":-5.13,"y":-0.4375},{"x":-5.0,"y":-0.4375},{"x":-5.0,"y":1.0},{"x":0.0,"y":0.0}]
    },
    {
      "SourcePinAddress":{
        "PinID":1294106162,
        "PinOwnerID":1495438885
      },
      "TargetPinAddress":{
        "PinID":0,
        "PinOwnerID":677144440
      },
      "ConnectionType":1,
      "ConnectedWireIndex":13,
      "ConnectedWireSegmentIndex":1,
      "Points":[{"x":-6.0625,"y":0.5625},{"x":-6.0625,"y":1.0},{"x":0.0,"y":0.0}]
    },
    {
      "SourcePinAddress":{
        "PinID":726622901,
        "PinOwnerID":2140595944
      },
      "TargetPinAddress":{
        "PinID":430681975,
        "PinOwnerID":54078709
      },
      "ConnectionType":0,
      "ConnectedWireIndex":-1,
      "ConnectedWireSegmentIndex":-1,
      "Points":[{"x":0.0,"y":0.0},{"x":-6.125,"y":-1.5},{"x":-6.125,"y":-0.6875},{"x":0.0,"y":0.0}]
    },
    {
      "SourcePinAddress":{
        "PinID":726622901,
        "PinOwnerID":2140595944
      },
      "TargetPinAddress":{
        "PinID":430681975,
        "PinOwnerID":462137487
      },
      "ConnectionType":1,
      "ConnectedWireIndex":17,
      "ConnectedWireSegmentIndex":1,
      "Points":[{"x":-6.125,"y":-1.1875},{"x":-4.125,"y":-1.1875},{"x":-4.125,"y":-0.6875},{"x":0.0,"y":0.0}]
    },
    {
      "SourcePinAddress":{
        "PinID":726622901,
        "PinOwnerID":2140595944
      },
      "TargetPinAddress":{
        "PinID":430681975,
        "PinOwnerID":623570458
      },
      "ConnectionType":1,
      "ConnectedWireIndex":18,
      "ConnectedWireSegmentIndex":0,
      "Points":[{"x":-4.125,"y":-1.1875},{"x":-1.9375,"y":-1.1875},{"x":-1.9375,"y":-0.4375},{"x":0.0,"y":0.0}]
    },
    {
      "SourcePinAddress":{
        "PinID":726622901,
        "PinOwnerID":2140595944
      },
      "TargetPinAddress":{
        "PinID":430681975,
        "PinOwnerID":1495438885
      },
      "ConnectionType":1,
      "ConnectedWireIndex":17,
      "ConnectedWireSegmentIndex":1,
      "Points":[{"x":-6.125,"y":-1.1875},{"x":-6.9375,"y":-1.1875},{"x":-7.3125,"y":-1.1875},{"x":-7.3125,"y":-0.6875},{"x":0.0,"y":0.0}]
    },
    {
      "SourcePinAddress":{
        "PinID":0,
        "PinOwnerID":1219979816
      },
      "TargetPinAddress":{
        "PinID":865093321,
        "PinOwnerID":2140595944
      },
      "ConnectionType":0,
      "ConnectedWireIndex":-1,
      "ConnectedWireSegmentIndex":-1,
      "Points":[{"x":0.0,"y":0.0},{"x":0.0,"y":0.0}]
    },
    {
      "SourcePinAddress":{
        "PinID":0,
        "PinOwnerID":241597209
      },
      "TargetPinAddress":{
        "PinID":1010112276,
        "PinOwnerID":2140595944
      },
      "ConnectionType":0,
      "ConnectedWireIndex":-1,
      "ConnectedWireSegmentIndex":-1,
      "Points":[{"x":0.0,"y":0.0},{"x":-7.5625,"y":-0.4375},{"x":-7.5625,"y":-1.375},{"x":0.0,"y":0.0}]
    },
    {
      "SourcePinAddress":{
        "PinID":1294106162,
        "PinOwnerID":462137487
      },
      "TargetPinAddress":{
        "PinID":0,
        "PinOwnerID":1195782430
      },
      "ConnectionType":1,
      "ConnectedWireIndex":12,
      "ConnectedWireSegmentIndex":0,
      "Points":[{"x":-3.125,"y":0.0625},{"x":-3.125,"y":1.0},{"x":0.0,"y":0.0}]
    },
    {
      "SourcePinAddress":{
        "PinID":726622901,
        "PinOwnerID":1468352797
      },
      "TargetPinAddress":{
        "PinID":1010112276,
        "PinOwnerID":1447105629
      },
      "ConnectionType":0,
      "ConnectedWireIndex":-1,
      "ConnectedWireSegmentIndex":-1,
      "Points":[{"x":0.0,"y":0.0},{"x":-4.0625,"y":-0.3125},{"x":-4.0625,"y":-0.1875},{"x":0.0,"y":0.0}]
    },
    {
      "SourcePinAddress":{
        "PinID":726622901,
        "PinOwnerID":1468352797
      },
      "TargetPinAddress":{
        "PinID":1327908502,
        "PinOwnerID":462137487
      },
      "ConnectionType":0,
      "ConnectedWireIndex":-1,
      "ConnectedWireSegmentIndex":-1,
      "Points":[{"x":0.0,"y":0.0},{"x":-4.0625,"y":-0.3125},{"x":-4.0625,"y":-0.4375},{"x":0.0,"y":0.0}]
    },
    {
      "SourcePinAddress":{
        "PinID":1294106162,
        "PinOwnerID":54078709
      },
      "TargetPinAddress":{
        "PinID":1,
        "PinOwnerID":1298516743
      },
      "ConnectionType":1,
      "ConnectedWireIndex":15,
      "ConnectedWireSegmentIndex":1,
      "Points":[{"x":-5.0,"y":0.22604},{"x":0.0,"y":0.0}]
    }
  ],
  "Displays":[
    {
      "SubChipID":677144440,
      "Position":{
        "x":0.46875,
        "y":0.09375
      },
      "Scale":1.0
    },
    {
      "SubChipID":1531226612,
      "Position":{
        "x":-0.46875,
        "y":0.09375
      },
      "Scale":1.0
    },
    {
      "SubChipID":1195782430,
      "Position":{
        "x":-0.15625,
        "y":0.09375
      },
      "Scale":1.0
    },
    {
      "SubChipID":1702724324,
      "Position":{
        "x":0.15625,
        "y":0.09375
      },
      "Scale":1.0
    }
  ]
}