{
  "DLSVersion": "2.1.6",
  "Name": "4x4 Toggle",
  "NameLocation": 2,
  "ChipType": 0,
  "Size": {
    "x": 1.325,
    "y": 1.5
  },
  "Colour": {
    "r": 0.105749123,
    "g": 0.431792617,
    "b": 0.428005546,
    "a": 1
  },
  "InputPins":[
    {
      "Name":"IN",
      "ID":1294910615,
      "Position":{
        "x":23.125,
        "y":23.125
      },
      "BitCount":8,
      "Colour":0,
      "ValueDisplayMode":0
    },
    {
      "Name":"IN",
      "ID":184023076,
      "Position":{
        "x":23.125,
        "y":22.625
      },
      "BitCount":8,
      "Colour":0,
      "ValueDisplayMode":0
    },
    {
      "Name":"Store",
      "ID":338969680,
      "Position":{
        "x":22.625,
        "y":22.0625
      },
      "BitCount":1,
      "Colour":3,
      "ValueDisplayMode":0
    },
    {
      "Name":"Clear",
      "ID":531742746,
      "Position":{
        "x":22.625,
        "y":21.5625
      },
      "BitCount":1,
      "Colour":4,
      "ValueDisplayMode":0
    }
  ],
  "OutputPins":[
    {
      "Name":"OUT",
      "ID":1311080486,
      "Position":{
        "x":28.375,
        "y":23.875
      },
      "BitCount":8,
      "Colour":0,
      "ValueDisplayMode":0
    },
    {
      "Name":"OUT",
      "ID":802084817,
      "Position":{
        "x":28.375,
        "y":21.875
      },
      "BitCount":8,
      "Colour":0,
      "ValueDisplayMode":0
    }
  ],
  "SubChips":[
    {
      "Name":"Input Set",
      "ID":2093966863,
      "Label":"",
      "Position":{
        "x":25.735,
        "y":23.4375
      },
      "OutputPinColourInfo":[{"PinColour":0,"PinID":1981046234}],
      "InternalData":null
    },
    {
      "Name":"Input Set",
      "ID":1585026222,
      "Label":"",
      "Position":{
        "x":25.735,
        "y":22.375
      },
      "OutputPinColourInfo":[{"PinColour":0,"PinID":1981046234}],
      "InternalData":null
    },
    {
      "Name":"OR",
      "ID":1461729690,
      "Label":"",
      "Position":{
        "x":23.9725,
        "y":21.9375
      },
      "OutputPinColourInfo":[{"PinColour":6,"PinID":1165613228}],
      "InternalData":null
    }
  ],
  "Wires":[
    {
      "SourcePinAddress":{
        "PinID":0,
        "PinOwnerID":184023076
      },
      "TargetPinAddress":{
        "PinID":321197957,
        "PinOwnerID":1585026222
      },
      "ConnectionType":0,
      "ConnectedWireIndex":-1,
      "ConnectedWireSegmentIndex":-1,
      "Points":[{"x":0.0,"y":0.0},{"x":0.0,"y":0.0}]
    },
    {
      "SourcePinAddress":{
        "PinID":0,
        "PinOwnerID":1294910615
      },
      "TargetPinAddress":{
        "PinID":321197957,
        "PinOwnerID":2093966863
      },
      "ConnectionType":0,
      "ConnectedWireIndex":-1,
      "ConnectedWireSegmentIndex":-1,
      "Points":[{"x":0.0,"y":0.0},{"x":24.5,"y":23.125},{"x":24.5,"y":23.6875},{"x":0.0,"y":0.0}]
    },
    {
      "SourcePinAddress":{
        "PinID":0,
        "PinOwnerID":338969680
      },
      "TargetPinAddress":{
        "PinID":70153538,
        "PinOwnerID":1461729690
      },
      "ConnectionType":0,
      "ConnectedWireIndex":-1,
      "ConnectedWireSegmentIndex":-1,
      "Points":[{"x":0.0,"y":0.0},{"x":0.0,"y":0.0}]
    },
    {
      "SourcePinAddress":{
        "PinID":1165613228,
        "PinOwnerID":1461729690
      },
      "TargetPinAddress":{
        "PinID":1206600009,
        "PinOwnerID":2093966863
      },
      "ConnectionType":0,
      "ConnectedWireIndex":-1,
      "ConnectedWireSegmentIndex":-1,
      "Points":[{"x":0.0,"y":0.0},{"x":24.4375,"y":21.9375},{"x":24.4375,"y":23.3125},{"x":0.0,"y":0.0}]
    },
    {
      "SourcePinAddress":{
        "PinID":1165613228,
        "PinOwnerID":1461729690
      },
      "TargetPinAddress":{
        "PinID":1206600009,
        "PinOwnerID":1585026222
      },
      "ConnectionType":0,
      "ConnectedWireIndex":-1,
      "ConnectedWireSegmentIndex":-1,
      "Points":[{"x":0.0,"y":0.0},{"x":24.4375,"y":21.9375},{"x":24.4375,"y":22.25},{"x":0.0,"y":0.0}]
    },
    {
      "SourcePinAddress":{
        "PinID":0,
        "PinOwnerID":531742746
      },
      "TargetPinAddress":{
        "PinID":1891478222,
        "PinOwnerID":1461729690
      },
      "ConnectionType":0,
      "ConnectedWireIndex":-1,
      "ConnectedWireSegmentIndex":-1,
      "Points":[{"x":0.0,"y":0.0},{"x":23.375,"y":21.8125},{"x":0.0,"y":0.0}]
    },
    {
      "SourcePinAddress":{
        "PinID":0,
        "PinOwnerID":531742746
      },
      "TargetPinAddress":{
        "PinID":841455058,
        "PinOwnerID":1585026222
      },
      "ConnectionType":0,
      "ConnectedWireIndex":-1,
      "ConnectedWireSegmentIndex":-1,
      "Points":[{"x":0.0,"y":0.0},{"x":24.625,"y":21.5625},{"x":24.625,"y":22.0},{"x":0.0,"y":0.0}]
    },
    {
      "SourcePinAddress":{
        "PinID":0,
        "PinOwnerID":531742746
      },
      "TargetPinAddress":{
        "PinID":841455058,
        "PinOwnerID":2093966863
      },
      "ConnectionType":0,
      "ConnectedWireIndex":-1,
      "ConnectedWireSegmentIndex":-1,
      "Points":[{"x":0.0,"y":0.0},{"x":24.625,"y":21.5625},{"x":24.625,"y":23.0625},{"x":0.0,"y":0.0}]
    },
    {
      "SourcePinAddress":{
        "PinID":1981046234,
        "PinOwnerID":1585026222
      },
      "TargetPinAddress":{
        "PinID":0,
        "PinOwnerID":802084817
      },
      "ConnectionType":0,
      "ConnectedWireIndex":-1,
      "ConnectedWireSegmentIndex":-1,
      "Points":[{"x":0.0,"y":0.0},{"x":26.9375,"y":22.375},{"x":26.9375,"y":21.875},{"x":0.0,"y":0.0}]
    },
    {
      "SourcePinAddress":{
        "PinID":1981046234,
        "PinOwnerID":2093966863
      },
      "TargetPinAddress":{
        "PinID":0,
        "PinOwnerID":1311080486
      },
      "ConnectionType":0,
      "ConnectedWireIndex":-1,
      "ConnectedWireSegmentIndex":-1,
      "Points":[{"x":0.0,"y":0.0},{"x":26.9375,"y":23.4375},{"x":26.9375,"y":23.875},{"x":0.0,"y":0.0}]
    }
  ],
  "Displays":[
    {
      "SubChipID":2093966863,
      "Position":{
        "x":-0.0625,
        "y":0.65625
      },
      "Scale":1.0
    },
    {
      "SubChipID":1585026222,
      "Position":{
        "x":-0.0625,
        "y":0.15625
      },
      "Scale":1.0
    }
  ]
}