{
  "DLSVersion": "2.1.6",
  "Name": "64NAND",
  "NameLocation": 0,
  "ChipType": 0,
  "Size": {
    "x": 1.025,
    "y": 4.25
  },
  "Colour": {
    "r": 0.787727058,
    "g": 0.4911755,
    "b": 0.6069867,
    "a": 1
  },
  "InputPins":[
    {
      "Name":"IN",
      "ID":1556799872,
      "Position":{
        "x":-17.875,
        "y":-1.9375
      },
      "BitCount":8,
      "Colour":0,
      "ValueDisplayMode":0
    },
    {
      "Name":"IN",
      "ID":656481688,
      "Position":{
        "x":-17.875,
        "y":-2.5
      },
      "BitCount":8,
      "Colour":0,
      "ValueDisplayMode":0
    },
    {
      "Name":"IN",
      "ID":903705138,
      "Position":{
        "x":-17.875,
        "y":-3.0625
      },
      "BitCount":8,
      "Colour":0,
      "ValueDisplayMode":0
    },
    {
      "Name":"IN",
      "ID":202493615,
      "Position":{
        "x":-17.875,
        "y":-3.625
      },
      "BitCount":8,
      "Colour":0,
      "ValueDisplayMode":0
    },
    {
      "Name":"IN",
      "ID":441953979,
      "Position":{
        "x":-17.875,
        "y":-4.1875
      },
      "BitCount":8,
      "Colour":0,
      "ValueDisplayMode":0
    },
    {
      "Name":"IN",
      "ID":1768079843,
      "Position":{
        "x":-17.875,
        "y":-4.75
      },
      "BitCount":8,
      "Colour":0,
      "ValueDisplayMode":0
    },
    {
      "Name":"IN",
      "ID":342314916,
      "Position":{
        "x":-17.875,
        "y":-5.3125
      },
      "BitCount":8,
      "Colour":0,
      "ValueDisplayMode":0
    },
    {
      "Name":"IN",
      "ID":856333968,
      "Position":{
        "x":-17.875,
        "y":-5.875
      },
      "BitCount":8,
      "Colour":0,
      "ValueDisplayMode":0
    }
  ],
  "OutputPins":[
    {
      "Name":"OUT",
      "ID":1302921031,
      "Position":{
        "x":-14.625,
        "y":-1.9375
      },
      "BitCount":8,
      "Colour":0,
      "ValueDisplayMode":0
    },
    {
      "Name":"OUT",
      "ID":1831878209,
      "Position":{
        "x":-14.625,
        "y":-2.5
      },
      "BitCount":8,
      "Colour":0,
      "ValueDisplayMode":0
    },
    {
      "Name":"OUT",
      "ID":407349900,
      "Position":{
        "x":-14.625,
        "y":-3.0625
      },
      "BitCount":8,
      "Colour":0,
      "ValueDisplayMode":0
    },
    {
      "Name":"OUT",
      "ID":2117286045,
      "Position":{
        "x":-14.625,
        "y":-3.625
      },
      "BitCount":8,
      "Colour":0,
      "ValueDisplayMode":0
    },
    {
      "Name":"OUT",
      "ID":993873330,
      "Position":{
        "x":-14.625,
        "y":-4.1875
      },
      "BitCount":8,
      "Colour":0,
      "ValueDisplayMode":0
    },
    {
      "Name":"OUT",
      "ID":1096047971,
      "Position":{
        "x":-14.625,
        "y":-4.75
      },
      "BitCount":8,
      "Colour":0,
      "ValueDisplayMode":0
    },
    {
      "Name":"OUT",
      "ID":1260602676,
      "Position":{
        "x":-14.625,
        "y":-5.3125
      },
      "BitCount":8,
      "Colour":0,
      "ValueDisplayMode":0
    },
    {
      "Name":"OUT",
      "ID":1963124496,
      "Position":{
        "x":-14.625,
        "y":-5.875
      },
      "BitCount":8,
      "Colour":0,
      "ValueDisplayMode":0
    },
    {
      "Name":"OUT",
      "ID":1564466903,
      "Position":{
        "x":-2.25,
        "y":-6.4375
      },
      "BitCount":1,
      "Colour":0,
      "ValueDisplayMode":0
    }
  ],
  "SubChips":[
    {
      "Name":"AND,8bit",
      "ID":665004925,
      "Label":"",
      "Position":{
        "x":-11.5775,
        "y":-2.1875
      },
      "OutputPinColourInfo":[{"PinColour":0,"PinID":828109446}],
      "InternalData":null
    },
    {
      "Name":"AND,8bit",
      "ID":2076989599,
      "Label":"",
      "Position":{
        "x":-11.5775,
        "y":-3.3125
      },
      "OutputPinColourInfo":[{"PinColour":1,"PinID":828109446}],
      "InternalData":null
    },
    {
      "Name":"AND,8bit",
      "ID":376274285,
      "Label":"",
      "Position":{
        "x":-11.5775,
        "y":-4.5
      },
      "OutputPinColourInfo":[{"PinColour":0,"PinID":828109446}],
      "InternalData":null
    },
    {
      "Name":"AND,8bit",
      "ID":810563154,
      "Label":"",
      "Position":{
        "x":-11.5775,
        "y":-5.625
      },
      "OutputPinColourInfo":[{"PinColour":0,"PinID":828109446}],
      "InternalData":null
    },
    {
      "Name":"AND,8bit",
      "ID":1949070207,
      "Label":"",
      "Position":{
        "x":-9.7025,
        "y":-3.75
      },
      "OutputPinColourInfo":[{"PinColour":0,"PinID":828109446}],
      "InternalData":null
    },
    {
      "Name":"AND,8bit",
      "ID":1113828517,
      "Label":"",
      "Position":{
        "x":-9.8275,
        "y":-5.375
      },
      "OutputPinColourInfo":[{"PinColour":0,"PinID":828109446}],
      "InternalData":null
    },
    {
      "Name":"AND,8bit",
      "ID":2122718366,
      "Label":"",
      "Position":{
        "x":-7.9525,
        "y":-5.125
      },
      "OutputPinColourInfo":[{"PinColour":0,"PinID":828109446}],
      "InternalData":null
    },
    {
      "Name":"4AND",
      "ID":41394853,
      "Label":"",
      "Position":{
        "x":-4.9525,
        "y":-4.5625
      },
      "OutputPinColourInfo":[{"PinColour":0,"PinID":1530993384}],
      "InternalData":null
    },
    {
      "Name":"4AND",
      "ID":1120362029,
      "Label":"",
      "Position":{
        "x":-4.9525,
        "y":-5.75
      },
      "OutputPinColourInfo":[{"PinColour":0,"PinID":1530993384}],
      "InternalData":null
    },
    {
      "Name":"8-1BIT",
      "ID":769108816,
      "Label":"",
      "Position":{
        "x":-6.4275,
        "y":-5.125
      },
      "OutputPinColourInfo":[{"PinColour":0,"PinID":1},{"PinColour":0,"PinID":2},{"PinColour":0,"PinID":3},{"PinColour":0,"PinID":4},{"PinColour":0,"PinID":5},{"PinColour":0,"PinID":6},{"PinColour":0,"PinID":7},{"PinColour":0,"PinID":8}],
      "InternalData":null
    },
    {
      "Name":"AND",
      "ID":252072855,
      "Label":"",
      "Position":{
        "x":-3.5775,
        "y":-5.625
      },
      "OutputPinColourInfo":[{"PinColour":0,"PinID":726622901}],
      "InternalData":null
    },
    {
      "Name":"NOT,8Bit",
      "ID":559067421,
      "Label":"",
      "Position":{
        "x":-13.3275,
        "y":-1.9375
      },
      "OutputPinColourInfo":[{"PinColour":0,"PinID":1386793146}],
      "InternalData":null
    },
    {
      "Name":"NOT,8Bit",
      "ID":2101963385,
      "Label":"",
      "Position":{
        "x":-13.3275,
        "y":-2.5
      },
      "OutputPinColourInfo":[{"PinColour":0,"PinID":1386793146}],
      "InternalData":null
    },
    {
      "Name":"NOT,8Bit",
      "ID":293087000,
      "Label":"",
      "Position":{
        "x":-13.3275,
        "y":-3.0625
      },
      "OutputPinColourInfo":[{"PinColour":0,"PinID":1386793146}],
      "InternalData":null
    },
    {
      "Name":"NOT,8Bit",
      "ID":1100764664,
      "Label":"",
      "Position":{
        "x":-13.3275,
        "y":-3.625
      },
      "OutputPinColourInfo":[{"PinColour":0,"PinID":1386793146}],
      "InternalData":null
    },
    {
      "Name":"NOT,8Bit",
      "ID":738842400,
      "Label":"",
      "Position":{
        "x":-13.3275,
        "y":-4.1875
      },
      "OutputPinColourInfo":[{"PinColour":0,"PinID":1386793146}],
      "InternalData":null
    },
    {
      "Name":"NOT,8Bit",
      "ID":78221400,
      "Label":"",
      "Position":{
        "x":-13.3275,
        "y":-4.75
      },
      "OutputPinColourInfo":[{"PinColour":0,"PinID":1386793146}],
      "InternalData":null
    },
    {
      "Name":"NOT,8Bit",
      "ID":344428038,
      "Label":"",
      "Position":{
        "x":-13.3275,
        "y":-5.3125
      },
      "OutputPinColourInfo":[{"PinColour":0,"PinID":1386793146}],
      "InternalData":null
    },
    {
      "Name":"NOT,8Bit",
      "ID":1198256986,
      "Label":"",
      "Position":{
        "x":-13.3275,
        "y":-5.875
      },
      "OutputPinColourInfo":[{"PinColour":0,"PinID":1386793146}],
      "InternalData":null
    }
  ],
  "Wires":[
    {
      "SourcePinAddress":{
        "PinID":828109446,
        "PinOwnerID":2076989599
      },
      "TargetPinAddress":{
        "PinID":54106984,
        "PinOwnerID":1949070207
      },
      "ConnectionType":0,
      "ConnectedWireIndex":-1,
      "ConnectedWireSegmentIndex":-1,
      "Points":[{"x":0.0,"y":0.0},{"x":-10.625,"y":-3.375},{"x":-10.625,"y":-4.0},{"x":0.0,"y":0.0}]
    },
    {
      "SourcePinAddress":{
        "PinID":828109446,
        "PinOwnerID":376274285
      },
      "TargetPinAddress":{
        "PinID":185371680,
        "PinOwnerID":1113828517
      },
      "ConnectionType":0,
      "ConnectedWireIndex":-1,
      "ConnectedWireSegmentIndex":-1,
      "Points":[{"x":0.0,"y":0.0},{"x":-10.625,"y":-4.5},{"x":-10.625,"y":-5.125},{"x":0.0,"y":0.0}]
    },
    {
      "SourcePinAddress":{
        "PinID":828109446,
        "PinOwnerID":665004925
      },
      "TargetPinAddress":{
        "PinID":185371680,
        "PinOwnerID":1949070207
      },
      "ConnectionType":0,
      "ConnectedWireIndex":-1,
      "ConnectedWireSegmentIndex":-1,
      "Points":[{"x":0.0,"y":0.0},{"x":-10.6875,"y":-2.1875},{"x":-10.6875,"y":-2.8125},{"x":-10.6875,"y":-3.5},{"x":0.0,"y":0.0}]
    },
    {
      "SourcePinAddress":{
        "PinID":828109446,
        "PinOwnerID":2122718366
      },
      "TargetPinAddress":{
        "PinID":0,
        "PinOwnerID":769108816
      },
      "ConnectionType":0,
      "ConnectedWireIndex":-1,
      "ConnectedWireSegmentIndex":-1,
      "Points":[{"x":0.0,"y":0.0},{"x":0.0,"y":0.0}]
    },
    {
      "SourcePinAddress":{
        "PinID":5,
        "PinOwnerID":769108816
      },
      "TargetPinAddress":{
        "PinID":1918931069,
        "PinOwnerID":1120362029
      },
      "ConnectionType":0,
      "ConnectedWireIndex":-1,
      "ConnectedWireSegmentIndex":-1,
      "Points":[{"x":0.0,"y":0.0},{"x":0.0,"y":0.0}]
    },
    {
      "SourcePinAddress":{
        "PinID":6,
        "PinOwnerID":769108816
      },
      "TargetPinAddress":{
        "PinID":1522468253,
        "PinOwnerID":1120362029
      },
      "ConnectionType":0,
      "ConnectedWireIndex":-1,
      "ConnectedWireSegmentIndex":-1,
      "Points":[{"x":0.0,"y":0.0},{"x":0.0,"y":0.0}]
    },
    {
      "SourcePinAddress":{
        "PinID":7,
        "PinOwnerID":769108816
      },
      "TargetPinAddress":{
        "PinID":1889905888,
        "PinOwnerID":1120362029
      },
      "ConnectionType":0,
      "ConnectedWireIndex":-1,
      "ConnectedWireSegmentIndex":-1,
      "Points":[{"x":0.0,"y":0.0},{"x":0.0,"y":0.0}]
    },
    {
      "SourcePinAddress":{
        "PinID":8,
        "PinOwnerID":769108816
      },
      "TargetPinAddress":{
        "PinID":1246853868,
        "PinOwnerID":1120362029
      },
      "ConnectionType":0,
      "ConnectedWireIndex":-1,
      "ConnectedWireSegmentIndex":-1,
      "Points":[{"x":0.0,"y":0.0},{"x":0.0,"y":0.0}]
    },
    {
      "SourcePinAddress":{
        "PinID":4,
        "PinOwnerID":769108816
      },
      "TargetPinAddress":{
        "PinID":1246853868,
        "PinOwnerID":41394853
      },
      "ConnectionType":0,
      "ConnectedWireIndex":-1,
      "ConnectedWireSegmentIndex":-1,
      "Points":[{"x":0.0,"y":0.0},{"x":0.0,"y":0.0}]
    },
    {
      "SourcePinAddress":{
        "PinID":3,
        "PinOwnerID":769108816
      },
      "TargetPinAddress":{
        "PinID":1889905888,
        "PinOwnerID":41394853
      },
      "ConnectionType":0,
      "ConnectedWireIndex":-1,
      "ConnectedWireSegmentIndex":-1,
      "Points":[{"x":0.0,"y":0.0},{"x":0.0,"y":0.0}]
    },
    {
      "SourcePinAddress":{
        "PinID":2,
        "PinOwnerID":769108816
      },
      "TargetPinAddress":{
        "PinID":1522468253,
        "PinOwnerID":41394853
      },
      "ConnectionType":0,
      "ConnectedWireIndex":-1,
      "ConnectedWireSegmentIndex":-1,
      "Points":[{"x":0.0,"y":0.0},{"x":0.0,"y":0.0}]
    },
    {
      "SourcePinAddress":{
        "PinID":1,
        "PinOwnerID":769108816
      },
      "TargetPinAddress":{
        "PinID":1918931069,
        "PinOwnerID":41394853
      },
      "ConnectionType":0,
      "ConnectedWireIndex":-1,
      "ConnectedWireSegmentIndex":-1,
      "Points":[{"x":0.0,"y":0.0},{"x":0.0,"y":0.0}]
    },
    {
      "SourcePinAddress":{
        "PinID":1530993384,
        "PinOwnerID":41394853
      },
      "TargetPinAddress":{
        "PinID":1010112276,
        "PinOwnerID":252072855
      },
      "ConnectionType":0,
      "ConnectedWireIndex":-1,
      "ConnectedWireSegmentIndex":-1,
      "Points":[{"x":0.0,"y":0.0},{"x":-4.0625,"y":-4.5625},{"x":-4.0625,"y":-5.5},{"x":0.0,"y":0.0}]
    },
    {
      "SourcePinAddress":{
        "PinID":1530993384,
        "PinOwnerID":1120362029
      },
      "TargetPinAddress":{
        "PinID":865093321,
        "PinOwnerID":252072855
      },
      "ConnectionType":0,
      "ConnectedWireIndex":-1,
      "ConnectedWireSegmentIndex":-1,
      "Points":[{"x":0.0,"y":0.0},{"x":0.0,"y":0.0}]
    },
    {
      "SourcePinAddress":{
        "PinID":1386793146,
        "PinOwnerID":1198256986
      },
      "TargetPinAddress":{
        "PinID":54106984,
        "PinOwnerID":810563154
      },
      "ConnectionType":0,
      "ConnectedWireIndex":-1,
      "ConnectedWireSegmentIndex":-1,
      "Points":[{"x":0.0,"y":0.0},{"x":0.0,"y":0.0}]
    },
    {
      "SourcePinAddress":{
        "PinID":1386793146,
        "PinOwnerID":344428038
      },
      "TargetPinAddress":{
        "PinID":185371680,
        "PinOwnerID":810563154
      },
      "ConnectionType":0,
      "ConnectedWireIndex":-1,
      "ConnectedWireSegmentIndex":-1,
      "Points":[{"x":0.0,"y":0.0},{"x":0.0,"y":0.0}]
    },
    {
      "SourcePinAddress":{
        "PinID":1386793146,
        "PinOwnerID":78221400
      },
      "TargetPinAddress":{
        "PinID":54106984,
        "PinOwnerID":376274285
      },
      "ConnectionType":0,
      "ConnectedWireIndex":-1,
      "ConnectedWireSegmentIndex":-1,
      "Points":[{"x":0.0,"y":0.0},{"x":0.0,"y":0.0}]
    },
    {
      "SourcePinAddress":{
        "PinID":1386793146,
        "PinOwnerID":738842400
      },
      "TargetPinAddress":{
        "PinID":185371680,
        "PinOwnerID":376274285
      },
      "ConnectionType":0,
      "ConnectedWireIndex":-1,
      "ConnectedWireSegmentIndex":-1,
      "Points":[{"x":0.0,"y":0.0},{"x":0.0,"y":0.0}]
    },
    {
      "SourcePinAddress":{
        "PinID":1386793146,
        "PinOwnerID":1100764664
      },
      "TargetPinAddress":{
        "PinID":54106984,
        "PinOwnerID":2076989599
      },
      "ConnectionType":0,
      "ConnectedWireIndex":-1,
      "ConnectedWireSegmentIndex":-1,
      "Points":[{"x":0.0,"y":0.0},{"x":0.0,"y":0.0}]
    },
    {
      "SourcePinAddress":{
        "PinID":1386793146,
        "PinOwnerID":293087000
      },
      "TargetPinAddress":{
        "PinID":185371680,
        "PinOwnerID":2076989599
      },
      "ConnectionType":0,
      "ConnectedWireIndex":-1,
      "ConnectedWireSegmentIndex":-1,
      "Points":[{"x":0.0,"y":0.0},{"x":0.0,"y":0.0}]
    },
    {
      "SourcePinAddress":{
        "PinID":1386793146,
        "PinOwnerID":559067421
      },
      "TargetPinAddress":{
        "PinID":185371680,
        "PinOwnerID":665004925
      },
      "ConnectionType":0,
      "ConnectedWireIndex":-1,
      "ConnectedWireSegmentIndex":-1,
      "Points":[{"x":0.0,"y":0.0},{"x":0.0,"y":0.0}]
    },
    {
      "SourcePinAddress":{
        "PinID":0,
        "PinOwnerID":1556799872
      },
      "TargetPinAddress":{
        "PinID":1649915574,
        "PinOwnerID":559067421
      },
      "ConnectionType":0,
      "ConnectedWireIndex":-1,
      "ConnectedWireSegmentIndex":-1,
      "Points":[{"x":0.0,"y":0.0},{"x":0.0,"y":0.0}]
    },
    {
      "SourcePinAddress":{
        "PinID":0,
        "PinOwnerID":656481688
      },
      "TargetPinAddress":{
        "PinID":1649915574,
        "PinOwnerID":2101963385
      },
      "ConnectionType":0,
      "ConnectedWireIndex":-1,
      "ConnectedWireSegmentIndex":-1,
      "Points":[{"x":0.0,"y":0.0},{"x":0.0,"y":0.0}]
    },
    {
      "SourcePinAddress":{
        "PinID":0,
        "PinOwnerID":903705138
      },
      "TargetPinAddress":{
        "PinID":1649915574,
        "PinOwnerID":293087000
      },
      "ConnectionType":0,
      "ConnectedWireIndex":-1,
      "ConnectedWireSegmentIndex":-1,
      "Points":[{"x":0.0,"y":0.0},{"x":0.0,"y":0.0}]
    },
    {
      "SourcePinAddress":{
        "PinID":0,
        "PinOwnerID":202493615
      },
      "TargetPinAddress":{
        "PinID":1649915574,
        "PinOwnerID":1100764664
      },
      "ConnectionType":0,
      "ConnectedWireIndex":-1,
      "ConnectedWireSegmentIndex":-1,
      "Points":[{"x":0.0,"y":0.0},{"x":0.0,"y":0.0}]
    },
    {
      "SourcePinAddress":{
        "PinID":0,
        "PinOwnerID":441953979
      },
      "TargetPinAddress":{
        "PinID":1649915574,
        "PinOwnerID":738842400
      },
      "ConnectionType":0,
      "ConnectedWireIndex":-1,
      "ConnectedWireSegmentIndex":-1,
      "Points":[{"x":0.0,"y":0.0},{"x":0.0,"y":0.0}]
    },
    {
      "SourcePinAddress":{
        "PinID":0,
        "PinOwnerID":1768079843
      },
      "TargetPinAddress":{
        "PinID":1649915574,
        "PinOwnerID":78221400
      },
      "ConnectionType":0,
      "ConnectedWireIndex":-1,
      "ConnectedWireSegmentIndex":-1,
      "Points":[{"x":0.0,"y":0.0},{"x":0.0,"y":0.0}]
    },
    {
      "SourcePinAddress":{
        "PinID":0,
        "PinOwnerID":342314916
      },
      "TargetPinAddress":{
        "PinID":1649915574,
        "PinOwnerID":344428038
      },
      "ConnectionType":0,
      "ConnectedWireIndex":-1,
      "ConnectedWireSegmentIndex":-1,
      "Points":[{"x":0.0,"y":0.0},{"x":0.0,"y":0.0}]
    },
    {
      "SourcePinAddress":{
        "PinID":0,
        "PinOwnerID":856333968
      },
      "TargetPinAddress":{
        "PinID":1649915574,
        "PinOwnerID":1198256986
      },
      "ConnectionType":0,
      "ConnectedWireIndex":-1,
      "ConnectedWireSegmentIndex":-1,
      "Points":[{"x":0.0,"y":0.0},{"x":0.0,"y":0.0}]
    },
    {
      "SourcePinAddress":{
        "PinID":0,
        "PinOwnerID":1556799872
      },
      "TargetPinAddress":{
        "PinID":0,
        "PinOwnerID":1302921031
      },
      "ConnectionType":0,
      "ConnectedWireIndex":-1,
      "ConnectedWireSegmentIndex":-1,
      "Points":[{"x":0.0,"y":0.0},{"x":0.0,"y":0.0}]
    },
    {
      "SourcePinAddress":{
        "PinID":0,
        "PinOwnerID":656481688
      },
      "TargetPinAddress":{
        "PinID":0,
        "PinOwnerID":1831878209
      },
      "ConnectionType":0,
      "ConnectedWireIndex":-1,
      "ConnectedWireSegmentIndex":-1,
      "Points":[{"x":0.0,"y":0.0},{"x":0.0,"y":0.0}]
    },
    {
      "SourcePinAddress":{
        "PinID":0,
        "PinOwnerID":903705138
      },
      "TargetPinAddress":{
        "PinID":0,
        "PinOwnerID":407349900
      },
      "ConnectionType":0,
      "ConnectedWireIndex":-1,
      "ConnectedWireSegmentIndex":-1,
      "Points":[{"x":0.0,"y":0.0},{"x":0.0,"y":0.0}]
    },
    {
      "SourcePinAddress":{
        "PinID":0,
        "PinOwnerID":202493615
      },
      "TargetPinAddress":{
        "PinID":0,
        "PinOwnerID":2117286045
      },
      "ConnectionType":0,
      "ConnectedWireIndex":-1,
      "ConnectedWireSegmentIndex":-1,
      "Points":[{"x":0.0,"y":0.0},{"x":0.0,"y":0.0}]
    },
    {
      "SourcePinAddress":{
        "PinID":0,
        "PinOwnerID":441953979
      },
      "TargetPinAddress":{
        "PinID":0,
        "PinOwnerID":993873330
      },
      "ConnectionType":0,
      "ConnectedWireIndex":-1,
      "ConnectedWireSegmentIndex":-1,
      "Points":[{"x":0.0,"y":0.0},{"x":0.0,"y":0.0}]
    },
    {
      "SourcePinAddress":{
        "PinID":0,
        "PinOwnerID":1768079843
      },
      "TargetPinAddress":{
        "PinID":0,
        "PinOwnerID":1096047971
      },
      "ConnectionType":0,
      "ConnectedWireIndex":-1,
      "ConnectedWireSegmentIndex":-1,
      "Points":[{"x":0.0,"y":0.0},{"x":0.0,"y":0.0}]
    },
    {
      "SourcePinAddress":{
        "PinID":0,
        "PinOwnerID":342314916
      },
      "TargetPinAddress":{
        "PinID":0,
        "PinOwnerID":1260602676
      },
      "ConnectionType":0,
      "ConnectedWireIndex":-1,
      "ConnectedWireSegmentIndex":-1,
      "Points":[{"x":0.0,"y":0.0},{"x":0.0,"y":0.0}]
    },
    {
      "SourcePinAddress":{
        "PinID":0,
        "PinOwnerID":856333968
      },
      "TargetPinAddress":{
        "PinID":0,
        "PinOwnerID":1963124496
      },
      "ConnectionType":0,
      "ConnectedWireIndex":-1,
      "ConnectedWireSegmentIndex":-1,
      "Points":[{"x":0.0,"y":0.0},{"x":0.0,"y":0.0}]
    },
    {
      "SourcePinAddress":{
        "PinID":1386793146,
        "PinOwnerID":2101963385
      },
      "TargetPinAddress":{
        "PinID":54106984,
        "PinOwnerID":665004925
      },
      "ConnectionType":0,
      "ConnectedWireIndex":-1,
      "ConnectedWireSegmentIndex":-1,
      "Points":[{"x":0.0,"y":0.0},{"x":0.0,"y":0.0}]
    },
    {
      "SourcePinAddress":{
        "PinID":726622901,
        "PinOwnerID":252072855
      },
      "TargetPinAddress":{
        "PinID":0,
        "PinOwnerID":1564466903
      },
      "ConnectionType":0,
      "ConnectedWireIndex":-1,
      "ConnectedWireSegmentIndex":-1,
      "Points":[{"x":0.0,"y":0.0},{"x":-3.125,"y":-5.625},{"x":-3.125,"y":-6.4375},{"x":0.0,"y":0.0}]
    },
    {
      "SourcePinAddress":{
        "PinID":828109446,
        "PinOwnerID":810563154
      },
      "TargetPinAddress":{
        "PinID":54106984,
        "PinOwnerID":1113828517
      },
      "ConnectionType":0,
      "ConnectedWireIndex":-1,
      "ConnectedWireSegmentIndex":-1,
      "Points":[{"x":0.0,"y":0.0},{"x":0.0,"y":0.0}]
    },
    {
      "SourcePinAddress":{
        "PinID":828109446,
        "PinOwnerID":1949070207
      },
      "TargetPinAddress":{
        "PinID":185371680,
        "PinOwnerID":2122718366
      },
      "ConnectionType":0,
      "ConnectedWireIndex":-1,
      "ConnectedWireSegmentIndex":-1,
      "Points":[{"x":0.0,"y":0.0},{"x":-8.8125,"y":-3.75},{"x":-8.8125,"y":-4.875},{"x":0.0,"y":0.0}]
    },
    {
      "SourcePinAddress":{
        "PinID":828109446,
        "PinOwnerID":1113828517
      },
      "TargetPinAddress":{
        "PinID":54106984,
        "PinOwnerID":2122718366
      },
      "ConnectionType":0,
      "ConnectedWireIndex":-1,
      "ConnectedWireSegmentIndex":-1,
      "Points":[{"x":0.0,"y":0.0},{"x":0.0,"y":0.0}]
    }
  ],
  "Displays":[]
}