{
  "DLSVersion": "2.1.6",
  "Name": "8-1MUX,8Bit",
  "NameLocation": 1,
  "ChipType": 0,
  "Size": {
    "x": 1.775,
    "y": 4.375
  },
  "Colour": {
    "r": 0.5883636,
    "g": 0.8865282,
    "b": 0.159162655,
    "a": 1
  },
  "InputPins":[
    {
      "Name":"IN",
      "ID":515203701,
      "Position":{
        "x":-7.625,
        "y":2.875
      },
      "BitCount":8,
      "Colour":0,
      "ValueDisplayMode":0
    },
    {
      "Name":"IN",
      "ID":528260802,
      "Position":{
        "x":-7.625,
        "y":2.375
      },
      "BitCount":8,
      "Colour":0,
      "ValueDisplayMode":0
    },
    {
      "Name":"IN",
      "ID":929192862,
      "Position":{
        "x":-7.625,
        "y":1.5625
      },
      "BitCount":8,
      "Colour":0,
      "ValueDisplayMode":0
    },
    {
      "Name":"IN",
      "ID":1765845389,
      "Position":{
        "x":-7.625,
        "y":1.0625
      },
      "BitCount":8,
      "Colour":0,
      "ValueDisplayMode":0
    },
    {
      "Name":"IN",
      "ID":93327355,
      "Position":{
        "x":-7.625,
        "y":0.25
      },
      "BitCount":8,
      "Colour":0,
      "ValueDisplayMode":0
    },
    {
      "Name":"IN",
      "ID":555930482,
      "Position":{
        "x":-7.625,
        "y":-0.25
      },
      "BitCount":8,
      "Colour":0,
      "ValueDisplayMode":0
    },
    {
      "Name":"IN",
      "ID":1155052874,
      "Position":{
        "x":-7.625,
        "y":-1.0625
      },
      "BitCount":8,
      "Colour":0,
      "ValueDisplayMode":0
    },
    {
      "Name":"IN",
      "ID":657312206,
      "Position":{
        "x":-7.625,
        "y":-1.5625
      },
      "BitCount":8,
      "Colour":0,
      "ValueDisplayMode":0
    },
    {
      "Name":"Select",
      "ID":2110574569,
      "Position":{
        "x":-9.5,
        "y":-3.1875
      },
      "BitCount":4,
      "Colour":0,
      "ValueDisplayMode":0
    }
  ],
  "OutputPins":[
    {
      "Name":"OUT",
      "ID":1150478903,
      "Position":{
        "x":2.625,
        "y":-0.8125
      },
      "BitCount":8,
      "Colour":0,
      "ValueDisplayMode":0
    }
  ],
  "SubChips":[
    {
      "Name":"2-1MUX,8Bit",
      "ID":641202666,
      "Label":"",
      "Position":{
        "x":-4.9775,
        "y":2.5
      },
      "OutputPinColourInfo":[{"PinColour":0,"PinID":1786653634}],
      "InternalData":null
    },
    {
      "Name":"2-1MUX,8Bit",
      "ID":1786428418,
      "Label":"",
      "Position":{
        "x":-4.9775,
        "y":1.1875
      },
      "OutputPinColourInfo":[{"PinColour":0,"PinID":1786653634}],
      "InternalData":null
    },
    {
      "Name":"2-1MUX,8Bit",
      "ID":930223038,
      "Label":"",
      "Position":{
        "x":-4.9775,
        "y":-0.125
      },
      "OutputPinColourInfo":[{"PinColour":0,"PinID":1786653634}],
      "InternalData":null
    },
    {
      "Name":"2-1MUX,8Bit",
      "ID":131551686,
      "Label":"",
      "Position":{
        "x":-4.9775,
        "y":-1.4375
      },
      "OutputPinColourInfo":[{"PinColour":0,"PinID":1786653634}],
      "InternalData":null
    },
    {
      "Name":"2-1MUX,8Bit",
      "ID":1659906703,
      "Label":"",
      "Position":{
        "x":-2.3525,
        "y":1.75
      },
      "OutputPinColourInfo":[{"PinColour":0,"PinID":1786653634}],
      "InternalData":null
    },
    {
      "Name":"2-1MUX,8Bit",
      "ID":1360004374,
      "Label":"",
      "Position":{
        "x":-2.3525,
        "y":-0.9375
      },
      "OutputPinColourInfo":[{"PinColour":0,"PinID":1786653634}],
      "InternalData":null
    },
    {
      "Name":"4-1BIT",
      "ID":2090991179,
      "Label":"",
      "Position":{
        "x":-7.8025,
        "y":-3.1875
      },
      "OutputPinColourInfo":[{"PinColour":0,"PinID":1},{"PinColour":0,"PinID":2},{"PinColour":0,"PinID":3},{"PinColour":0,"PinID":4}],
      "InternalData":null
    },
    {
      "Name":"2-1MUX,8Bit",
      "ID":919994753,
      "Label":"",
      "Position":{
        "x":0.1475,
        "y":-0.8125
      },
      "OutputPinColourInfo":[{"PinColour":0,"PinID":1786653634}],
      "InternalData":null
    },
    {
      "Name":"LED",
      "ID":1287377354,
      "Label":"1",
      "Position":{
        "x":-5.24,
        "y":-4.0
      },
      "OutputPinColourInfo":[],
      "InternalData":[0]
    },
    {
      "Name":"LED",
      "ID":591161070,
      "Label":"2",
      "Position":{
        "x":-4.615,
        "y":-4.0
      },
      "OutputPinColourInfo":[],
      "InternalData":[0]
    },
    {
      "Name":"LED",
      "ID":515064024,
      "Label":"3",
      "Position":{
        "x":-3.99,
        "y":-4.0
      },
      "OutputPinColourInfo":[],
      "InternalData":[0]
    }
  ],
  "Wires":[
    {
      "SourcePinAddress":{
        "PinID":0,
        "PinOwnerID":515203701
      },
      "TargetPinAddress":{
        "PinID":317052020,
        "PinOwnerID":641202666
      },
      "ConnectionType":0,
      "ConnectedWireIndex":-1,
      "ConnectedWireSegmentIndex":-1,
      "Points":[{"x":0.0,"y":0.0},{"x":0.0,"y":0.0}]
    },
    {
      "SourcePinAddress":{
        "PinID":0,
        "PinOwnerID":528260802
      },
      "TargetPinAddress":{
        "PinID":1875139927,
        "PinOwnerID":641202666
      },
      "ConnectionType":0,
      "ConnectedWireIndex":-1,
      "ConnectedWireSegmentIndex":-1,
      "Points":[{"x":0.0,"y":0.0},{"x":0.0,"y":0.0}]
    },
    {
      "SourcePinAddress":{
        "PinID":0,
        "PinOwnerID":929192862
      },
      "TargetPinAddress":{
        "PinID":317052020,
        "PinOwnerID":1786428418
      },
      "ConnectionType":0,
      "ConnectedWireIndex":-1,
      "ConnectedWireSegmentIndex":-1,
      "Points":[{"x":0.0,"y":0.0},{"x":0.0,"y":0.0}]
    },
    {
      "SourcePinAddress":{
        "PinID":0,
        "PinOwnerID":1765845389
      },
      "TargetPinAddress":{
        "PinID":1875139927,
        "PinOwnerID":1786428418
      },
      "ConnectionType":0,
      "ConnectedWireIndex":-1,
      "ConnectedWireSegmentIndex":-1,
      "Points":[{"x":0.0,"y":0.0},{"x":0.0,"y":0.0}]
    },
    {
      "SourcePinAddress":{
        "PinID":0,
        "PinOwnerID":93327355
      },
      "TargetPinAddress":{
        "PinID":317052020,
        "PinOwnerID":930223038
      },
      "ConnectionType":0,
      "ConnectedWireIndex":-1,
      "ConnectedWireSegmentIndex":-1,
      "Points":[{"x":0.0,"y":0.0},{"x":0.0,"y":0.0}]
    },
    {
      "SourcePinAddress":{
        "PinID":0,
        "PinOwnerID":555930482
      },
      "TargetPinAddress":{
        "PinID":1875139927,
        "PinOwnerID":930223038
      },
      "ConnectionType":0,
      "ConnectedWireIndex":-1,
      "ConnectedWireSegmentIndex":-1,
      "Points":[{"x":0.0,"y":0.0},{"x":0.0,"y":0.0}]
    },
    {
      "SourcePinAddress":{
        "PinID":0,
        "PinOwnerID":1155052874
      },
      "TargetPinAddress":{
        "PinID":317052020,
        "PinOwnerID":131551686
      },
      "ConnectionType":0,
      "ConnectedWireIndex":-1,
      "ConnectedWireSegmentIndex":-1,
      "Points":[{"x":0.0,"y":0.0},{"x":0.0,"y":0.0}]
    },
    {
      "SourcePinAddress":{
        "PinID":0,
        "PinOwnerID":657312206
      },
      "TargetPinAddress":{
        "PinID":1875139927,
        "PinOwnerID":131551686
      },
      "ConnectionType":0,
      "ConnectedWireIndex":-1,
      "ConnectedWireSegmentIndex":-1,
      "Points":[{"x":0.0,"y":0.0},{"x":0.0,"y":0.0}]
    },
    {
      "SourcePinAddress":{
        "PinID":1786653634,
        "PinOwnerID":930223038
      },
      "TargetPinAddress":{
        "PinID":317052020,
        "PinOwnerID":1360004374
      },
      "ConnectionType":0,
      "ConnectedWireIndex":-1,
      "ConnectedWireSegmentIndex":-1,
      "Points":[{"x":0.0,"y":0.0},{"x":0.0,"y":0.0}]
    },
    {
      "SourcePinAddress":{
        "PinID":1786653634,
        "PinOwnerID":131551686
      },
      "TargetPinAddress":{
        "PinID":1875139927,
        "PinOwnerID":1360004374
      },
      "ConnectionType":0,
      "ConnectedWireIndex":-1,
      "ConnectedWireSegmentIndex":-1,
      "Points":[{"x":0.0,"y":0.0},{"x":0.0,"y":0.0}]
    },
    {
      "SourcePinAddress":{
        "PinID":1786653634,
        "PinOwnerID":641202666
      },
      "TargetPinAddress":{
        "PinID":317052020,
        "PinOwnerID":1659906703
      },
      "ConnectionType":0,
      "ConnectedWireIndex":-1,
      "ConnectedWireSegmentIndex":-1,
      "Points":[{"x":0.0,"y":0.0},{"x":0.0,"y":0.0}]
    },
    {
      "SourcePinAddress":{
        "PinID":1786653634,
        "PinOwnerID":1786428418
      },
      "TargetPinAddress":{
        "PinID":1875139927,
        "PinOwnerID":1659906703
      },
      "ConnectionType":0,
      "ConnectedWireIndex":-1,
      "ConnectedWireSegmentIndex":-1,
      "Points":[{"x":0.0,"y":0.0},{"x":0.0,"y":0.0}]
    },
    {
      "SourcePinAddress":{
        "PinID":0,
        "PinOwnerID":2110574569
      },
      "TargetPinAddress":{
        "PinID":0,
        "PinOwnerID":2090991179
      },
      "ConnectionType":0,
      "ConnectedWireIndex":-1,
      "ConnectedWireSegmentIndex":-1,
      "Points":[{"x":0.0,"y":0.0},{"x":0.0,"y":0.0}]
    },
    {
      "SourcePinAddress":{
        "PinID":1,
        "PinOwnerID":2090991179
      },
      "TargetPinAddress":{
        "PinID":540429229,
        "PinOwnerID":131551686
      },
      "ConnectionType":0,
      "ConnectedWireIndex":-1,
      "ConnectedWireSegmentIndex":-1,
      "Points":[{"x":0.0,"y":0.0},{"x":-6.125,"y":-2.8125},{"x":-6.125,"y":-1.9375},{"x":0.0,"y":0.0}]
    },
    {
      "SourcePinAddress":{
        "PinID":1,
        "PinOwnerID":2090991179
      },
      "TargetPinAddress":{
        "PinID":540429229,
        "PinOwnerID":930223038
      },
      "ConnectionType":1,
      "ConnectedWireIndex":13,
      "ConnectedWireSegmentIndex":1,
      "Points":[{"x":-6.125,"y":-1.9375},{"x":-6.125,"y":-0.625},{"x":0.0,"y":0.0}]
    },
    {
      "SourcePinAddress":{
        "PinID":1,
        "PinOwnerID":2090991179
      },
      "TargetPinAddress":{
        "PinID":540429229,
        "PinOwnerID":1786428418
      },
      "ConnectionType":1,
      "ConnectedWireIndex":14,
      "ConnectedWireSegmentIndex":0,
      "Points":[{"x":-6.125,"y":-0.625},{"x":-6.125,"y":0.6875},{"x":0.0,"y":0.0}]
    },
    {
      "SourcePinAddress":{
        "PinID":1,
        "PinOwnerID":2090991179
      },
      "TargetPinAddress":{
        "PinID":540429229,
        "PinOwnerID":641202666
      },
      "ConnectionType":1,
      "ConnectedWireIndex":15,
      "ConnectedWireSegmentIndex":0,
      "Points":[{"x":-6.125,"y":0.6875},{"x":-6.125,"y":2.0},{"x":0.0,"y":0.0}]
    },
    {
      "SourcePinAddress":{
        "PinID":2,
        "PinOwnerID":2090991179
      },
      "TargetPinAddress":{
        "PinID":540429229,
        "PinOwnerID":1360004374
      },
      "ConnectionType":0,
      "ConnectedWireIndex":-1,
      "ConnectedWireSegmentIndex":-1,
      "Points":[{"x":0.0,"y":0.0},{"x":-3.375,"y":-3.0625},{"x":-3.375,"y":-1.4375},{"x":0.0,"y":0.0}]
    },
    {
      "SourcePinAddress":{
        "PinID":2,
        "PinOwnerID":2090991179
      },
      "TargetPinAddress":{
        "PinID":540429229,
        "PinOwnerID":1659906703
      },
      "ConnectionType":1,
      "ConnectedWireIndex":17,
      "ConnectedWireSegmentIndex":1,
      "Points":[{"x":-3.375,"y":-1.4375},{"x":-3.375,"y":1.25},{"x":0.0,"y":0.0}]
    },
    {
      "SourcePinAddress":{
        "PinID":1786653634,
        "PinOwnerID":1659906703
      },
      "TargetPinAddress":{
        "PinID":317052020,
        "PinOwnerID":919994753
      },
      "ConnectionType":0,
      "ConnectedWireIndex":-1,
      "ConnectedWireSegmentIndex":-1,
      "Points":[{"x":0.0,"y":0.0},{"x":0.0,"y":0.0}]
    },
    {
      "SourcePinAddress":{
        "PinID":1786653634,
        "PinOwnerID":1360004374
      },
      "TargetPinAddress":{
        "PinID":1875139927,
        "PinOwnerID":919994753
      },
      "ConnectionType":0,
      "ConnectedWireIndex":-1,
      "ConnectedWireSegmentIndex":-1,
      "Points":[{"x":0.0,"y":0.0},{"x":0.0,"y":0.0}]
    },
    {
      "SourcePinAddress":{
        "PinID":3,
        "PinOwnerID":2090991179
      },
      "TargetPinAddress":{
        "PinID":540429229,
        "PinOwnerID":919994753
      },
      "ConnectionType":0,
      "ConnectedWireIndex":-1,
      "ConnectedWireSegmentIndex":-1,
      "Points":[{"x":0.0,"y":0.0},{"x":-1.0,"y":-3.1875},{"x":-1.0625,"y":-1.3125},{"x":0.0,"y":0.0}]
    },
    {
      "SourcePinAddress":{
        "PinID":1786653634,
        "PinOwnerID":919994753
      },
      "TargetPinAddress":{
        "PinID":0,
        "PinOwnerID":1150478903
      },
      "ConnectionType":0,
      "ConnectedWireIndex":-1,
      "ConnectedWireSegmentIndex":-1,
      "Points":[{"x":0.0,"y":0.0},{"x":0.0,"y":0.0}]
    },
    {
      "SourcePinAddress":{
        "PinID":1,
        "PinOwnerID":2090991179
      },
      "TargetPinAddress":{
        "PinID":0,
        "PinOwnerID":1287377354
      },
      "ConnectionType":1,
      "ConnectedWireIndex":13,
      "ConnectedWireSegmentIndex":0,
      "Points":[{"x":-6.125,"y":-2.8125},{"x":0.0,"y":0.0}]
    },
    {
      "SourcePinAddress":{
        "PinID":2,
        "PinOwnerID":2090991179
      },
      "TargetPinAddress":{
        "PinID":0,
        "PinOwnerID":591161070
      },
      "ConnectionType":1,
      "ConnectedWireIndex":17,
      "ConnectedWireSegmentIndex":0,
      "Points":[{"x":-5.4375,"y":-3.0625},{"x":0.0,"y":0.0}]
    },
    {
      "SourcePinAddress":{
        "PinID":3,
        "PinOwnerID":2090991179
      },
      "TargetPinAddress":{
        "PinID":0,
        "PinOwnerID":515064024
      },
      "ConnectionType":1,
      "ConnectedWireIndex":21,
      "ConnectedWireSegmentIndex":0,
      "Points":[{"x":-4.56232,"y":-3.25898},{"x":0.0,"y":0.0}]
    }
  ],
  "Displays":[
    {
      "SubChipID":515064024,
      "Position":{
        "x":-0.78125,
        "y":-2.03125
      },
      "Scale":1.0
    },
    {
      "SubChipID":591161070,
      "Position":{
        "x":-0.53125,
        "y":-2.03125
      },
      "Scale":1.0
    },
    {
      "SubChipID":1287377354,
      "Position":{
        "x":-0.28125,
        "y":-2.03125
      },
      "Scale":1.0
    }
  ]
}