{
  "DLSVersion": "2.1.6",
  "Name": "8OR",
  "NameLocation": 0,
  "ChipType": 0,
  "Size": {
    "x": 0.575,
    "y": 0.5
  },
  "Colour": {
    "r": 0.578089356,
    "g": 0.431711167,
    "b": 0.392068863,
    "a": 1
  },
  "InputPins":[
    {
      "Name":"IN",
      "ID":1461182398,
      "Position":{
        "x":-7.625,
        "y":-1.8125
      },
      "BitCount":8,
      "Colour":0,
      "ValueDisplayMode":0
    }
  ],
  "OutputPins":[
    {
      "Name":"OUT",
      "ID":1734801037,
      "Position":{
        "x":-1.75,
        "y":-1.8125
      },
      "BitCount":1,
      "Colour":0,
      "ValueDisplayMode":0
    }
  ],
  "SubChips":[
    {
      "Name":"8-1BIT",
      "ID":219078619,
      "Label":"",
      "Position":{
        "x":-5.6775,
        "y":-1.8125
      },
      "OutputPinColourInfo":[{"PinColour":0,"PinID":1},{"PinColour":0,"PinID":2},{"PinColour":0,"PinID":3},{"PinColour":0,"PinID":4},{"PinColour":0,"PinID":5},{"PinColour":0,"PinID":6},{"PinColour":0,"PinID":7},{"PinColour":0,"PinID":8}],
      "InternalData":null
    },
    {
      "Name":"OR",
      "ID":538942565,
      "Label":"",
      "Position":{
        "x":-3.7775,
        "y":-1.5
      },
      "OutputPinColourInfo":[{"PinColour":0,"PinID":1165613228}],
      "InternalData":null
    },
    {
      "Name":"OR",
      "ID":2017901205,
      "Label":"",
      "Position":{
        "x":-3.7775,
        "y":-2.125
      },
      "OutputPinColourInfo":[{"PinColour":0,"PinID":1165613228}],
      "InternalData":null
    },
    {
      "Name":"OR",
      "ID":1009487351,
      "Label":"",
      "Position":{
        "x":-4.5275,
        "y":-0.875
      },
      "OutputPinColourInfo":[{"PinColour":0,"PinID":1165613228}],
      "InternalData":null
    },
    {
      "Name":"OR",
      "ID":1906632311,
      "Label":"",
      "Position":{
        "x":-4.5275,
        "y":-1.5
      },
      "OutputPinColourInfo":[{"PinColour":0,"PinID":1165613228}],
      "InternalData":null
    },
    {
      "Name":"OR",
      "ID":2074428996,
      "Label":"",
      "Position":{
        "x":-4.5275,
        "y":-2.125
      },
      "OutputPinColourInfo":[{"PinColour":0,"PinID":1165613228}],
      "InternalData":null
    },
    {
      "Name":"OR",
      "ID":144761211,
      "Label":"",
      "Position":{
        "x":-4.5275,
        "y":-2.75
      },
      "OutputPinColourInfo":[{"PinColour":0,"PinID":1165613228}],
      "InternalData":null
    },
    {
      "Name":"OR",
      "ID":275506922,
      "Label":"",
      "Position":{
        "x":-3.0275,
        "y":-1.8125
      },
      "OutputPinColourInfo":[{"PinColour":0,"PinID":1165613228}],
      "InternalData":null
    }
  ],
  "Wires":[
    {
      "SourcePinAddress":{
        "PinID":0,
        "PinOwnerID":1461182398
      },
      "TargetPinAddress":{
        "PinID":0,
        "PinOwnerID":219078619
      },
      "ConnectionType":0,
      "ConnectedWireIndex":-1,
      "ConnectedWireSegmentIndex":-1,
      "Points":[{"x":0.0,"y":0.0},{"x":0.0,"y":0.0}]
    },
    {
      "SourcePinAddress":{
        "PinID":8,
        "PinOwnerID":219078619
      },
      "TargetPinAddress":{
        "PinID":1891478222,
        "PinOwnerID":144761211
      },
      "ConnectionType":0,
      "ConnectedWireIndex":-1,
      "ConnectedWireSegmentIndex":-1,
      "Points":[{"x":0.0,"y":0.0},{"x":0.0,"y":0.0}]
    },
    {
      "SourcePinAddress":{
        "PinID":7,
        "PinOwnerID":219078619
      },
      "TargetPinAddress":{
        "PinID":70153538,
        "PinOwnerID":144761211
      },
      "ConnectionType":0,
      "ConnectedWireIndex":-1,
      "ConnectedWireSegmentIndex":-1,
      "Points":[{"x":0.0,"y":0.0},{"x":0.0,"y":0.0}]
    },
    {
      "SourcePinAddress":{
        "PinID":6,
        "PinOwnerID":219078619
      },
      "TargetPinAddress":{
        "PinID":1891478222,
        "PinOwnerID":2074428996
      },
      "ConnectionType":0,
      "ConnectedWireIndex":-1,
      "ConnectedWireSegmentIndex":-1,
      "Points":[{"x":0.0,"y":0.0},{"x":0.0,"y":0.0}]
    },
    {
      "SourcePinAddress":{
        "PinID":5,
        "PinOwnerID":219078619
      },
      "TargetPinAddress":{
        "PinID":70153538,
        "PinOwnerID":2074428996
      },
      "ConnectionType":0,
      "ConnectedWireIndex":-1,
      "ConnectedWireSegmentIndex":-1,
      "Points":[{"x":0.0,"y":0.0},{"x":0.0,"y":0.0}]
    },
    {
      "SourcePinAddress":{
        "PinID":4,
        "PinOwnerID":219078619
      },
      "TargetPinAddress":{
        "PinID":1891478222,
        "PinOwnerID":1906632311
      },
      "ConnectionType":0,
      "ConnectedWireIndex":-1,
      "ConnectedWireSegmentIndex":-1,
      "Points":[{"x":0.0,"y":0.0},{"x":0.0,"y":0.0}]
    },
    {
      "SourcePinAddress":{
        "PinID":3,
        "PinOwnerID":219078619
      },
      "TargetPinAddress":{
        "PinID":70153538,
        "PinOwnerID":1906632311
      },
      "ConnectionType":0,
      "ConnectedWireIndex":-1,
      "ConnectedWireSegmentIndex":-1,
      "Points":[{"x":0.0,"y":0.0},{"x":0.0,"y":0.0}]
    },
    {
      "SourcePinAddress":{
        "PinID":2,
        "PinOwnerID":219078619
      },
      "TargetPinAddress":{
        "PinID":1891478222,
        "PinOwnerID":1009487351
      },
      "ConnectionType":0,
      "ConnectedWireIndex":-1,
      "ConnectedWireSegmentIndex":-1,
      "Points":[{"x":0.0,"y":0.0},{"x":0.0,"y":0.0}]
    },
    {
      "SourcePinAddress":{
        "PinID":1,
        "PinOwnerID":219078619
      },
      "TargetPinAddress":{
        "PinID":70153538,
        "PinOwnerID":1009487351
      },
      "ConnectionType":0,
      "ConnectedWireIndex":-1,
      "ConnectedWireSegmentIndex":-1,
      "Points":[{"x":0.0,"y":0.0},{"x":0.0,"y":0.0}]
    },
    {
      "SourcePinAddress":{
        "PinID":1165613228,
        "PinOwnerID":1009487351
      },
      "TargetPinAddress":{
        "PinID":70153538,
        "PinOwnerID":538942565
      },
      "ConnectionType":0,
      "ConnectedWireIndex":-1,
      "ConnectedWireSegmentIndex":-1,
      "Points":[{"x":0.0,"y":0.0},{"x":0.0,"y":0.0}]
    },
    {
      "SourcePinAddress":{
        "PinID":1165613228,
        "PinOwnerID":1906632311
      },
      "TargetPinAddress":{
        "PinID":1891478222,
        "PinOwnerID":538942565
      },
      "ConnectionType":0,
      "ConnectedWireIndex":-1,
      "ConnectedWireSegmentIndex":-1,
      "Points":[{"x":0.0,"y":0.0},{"x":0.0,"y":0.0}]
    },
    {
      "SourcePinAddress":{
        "PinID":1165613228,
        "PinOwnerID":2074428996
      },
      "TargetPinAddress":{
        "PinID":70153538,
        "PinOwnerID":2017901205
      },
      "ConnectionType":0,
      "ConnectedWireIndex":-1,
      "ConnectedWireSegmentIndex":-1,
      "Points":[{"x":0.0,"y":0.0},{"x":0.0,"y":0.0}]
    },
    {
      "SourcePinAddress":{
        "PinID":1165613228,
        "PinOwnerID":144761211
      },
      "TargetPinAddress":{
        "PinID":1891478222,
        "PinOwnerID":2017901205
      },
      "ConnectionType":0,
      "ConnectedWireIndex":-1,
      "ConnectedWireSegmentIndex":-1,
      "Points":[{"x":0.0,"y":0.0},{"x":0.0,"y":0.0}]
    },
    {
      "SourcePinAddress":{
        "PinID":1165613228,
        "PinOwnerID":538942565
      },
      "TargetPinAddress":{
        "PinID":70153538,
        "PinOwnerID":275506922
      },
      "ConnectionType":0,
      "ConnectedWireIndex":-1,
      "ConnectedWireSegmentIndex":-1,
      "Points":[{"x":0.0,"y":0.0},{"x":0.0,"y":0.0}]
    },
    {
      "SourcePinAddress":{
        "PinID":1165613228,
        "PinOwnerID":2017901205
      },
      "TargetPinAddress":{
        "PinID":1891478222,
        "PinOwnerID":275506922
      },
      "ConnectionType":0,
      "ConnectedWireIndex":-1,
      "ConnectedWireSegmentIndex":-1,
      "Points":[{"x":0.0,"y":0.0},{"x":0.0,"y":0.0}]
    },
    {
      "SourcePinAddress":{
        "PinID":1165613228,
        "PinOwnerID":275506922
      },
      "TargetPinAddress":{
        "PinID":0,
        "PinOwnerID":1734801037
      },
      "ConnectionType":0,
      "ConnectedWireIndex":-1,
      "ConnectedWireSegmentIndex":-1,
      "Points":[{"x":0.0,"y":0.0},{"x":0.0,"y":0.0}]
    }
  ],
  "Displays": null
}