{
  "DLSVersion": "2.1.6",
  "Name": "8x8 Display",
  "NameLocation": 2,
  "ChipType": 0,
  "Size": {
    "x": 2.7,
    "y": 4.0
  },
  "Colour": {
    "r": 0.0,
    "g": 0.0,
    "b": 0.0,
    "a": 1
  },
  "InputPins":[
    {
      "Name":"IN1a",
      "ID":111186874,
      "Position":{
        "x":22.5,
        "y":27.625
      },
      "BitCount":8,
      "Colour":0,
      "ValueDisplayMode":0
    },
    {
      "Name":"IN1b",
      "ID":1334089753,
      "Position":{
        "x":22.5,
        "y":27.125
      },
      "BitCount":8,
      "Colour":1,
      "ValueDisplayMode":0
    },
    {
      "Name":"IN1c",
      "ID":2033284534,
      "Position":{
        "x":22.5,
        "y":26.625
      },
      "BitCount":8,
      "Colour":2,
      "ValueDisplayMode":0
    },
    {
      "Name":"IN1d",
      "ID":794361416,
      "Position":{
        "x":22.5,
        "y":26.125
      },
      "BitCount":8,
      "Colour":3,
      "ValueDisplayMode":0
    },
    {
      "Name":"IN1b",
      "ID":154529541,
      "Position":{
        "x":22.5,
        "y":25.625
      },
      "BitCount":8,
      "Colour":4,
      "ValueDisplayMode":0
    },
    {
      "Name":"IN2b",
      "ID":1493307013,
      "Position":{
        "x":22.5,
        "y":25.125
      },
      "BitCount":8,
      "Colour":5,
      "ValueDisplayMode":0
    },
    {
      "Name":"IN3b",
      "ID":1626693077,
      "Position":{
        "x":22.5,
        "y":24.625
      },
      "BitCount":8,
      "Colour":6,
      "ValueDisplayMode":0
    },
    {
      "Name":"IN4b",
      "ID":1607692823,
      "Position":{
        "x":22.5,
        "y":24.125
      },
      "BitCount":8,
      "Colour":7,
      "ValueDisplayMode":0
    }
  ],
  "OutputPins":[
    {
      "Name":"OUT",
      "ID":2118608516,
      "Position":{
        "x":26.75,
        "y":27.625
      },
      "BitCount":8,
      "Colour":0,
      "ValueDisplayMode":0
    },
    {
      "Name":"OUT",
      "ID":1165616552,
      "Position":{
        "x":26.75,
        "y":27.125
      },
      "BitCount":8,
      "Colour":0,
      "ValueDisplayMode":0
    },
    {
      "Name":"OUT",
      "ID":1539561904,
      "Position":{
        "x":26.75,
        "y":26.625
      },
      "BitCount":8,
      "Colour":0,
      "ValueDisplayMode":0
    },
    {
      "Name":"OUT",
      "ID":1504772191,
      "Position":{
        "x":26.75,
        "y":26.125
      },
      "BitCount":8,
      "Colour":0,
      "ValueDisplayMode":0
    },
    {
      "Name":"OUT",
      "ID":280593424,
      "Position":{
        "x":26.75,
        "y":25.625
      },
      "BitCount":8,
      "Colour":0,
      "ValueDisplayMode":0
    },
    {
      "Name":"OUT",
      "ID":1698688840,
      "Position":{
        "x":26.75,
        "y":25.125
      },
      "BitCount":8,
      "Colour":0,
      "ValueDisplayMode":0
    },
    {
      "Name":"OUT",
      "ID":364881991,
      "Position":{
        "x":26.75,
        "y":24.625
      },
      "BitCount":8,
      "Colour":0,
      "ValueDisplayMode":0
    },
    {
      "Name":"OUT",
      "ID":1951602119,
      "Position":{
        "x":26.75,
        "y":24.125
      },
      "BitCount":8,
      "Colour":0,
      "ValueDisplayMode":0
    }
  ],
  "SubChips":[
    {
      "Name":"4x4 Display",
      "ID":485846012,
      "Label":"p1a",
      "Position":{
        "x":28.4975,
        "y":27.1875
      },
      "OutputPinColourInfo":[],
      "InternalData":null
    },
    {
      "Name":"4x4 Display",
      "ID":1489568015,
      "Label":"p2a",
      "Position":{
        "x":28.4975,
        "y":25.875
      },
      "OutputPinColourInfo":[],
      "InternalData":null
    },
    {
      "Name":"4x4 Display",
      "ID":1211749430,
      "Label":"p1b",
      "Position":{
        "x":31.9975,
        "y":27.1875
      },
      "OutputPinColourInfo":[],
      "InternalData":null
    },
    {
      "Name":"4x4 Display",
      "ID":108757428,
      "Label":"p2b",
      "Position":{
        "x":31.9975,
        "y":25.875
      },
      "OutputPinColourInfo":[],
      "InternalData":null
    }
  ],
  "Wires":[
    {
      "SourcePinAddress":{
        "PinID":0,
        "PinOwnerID":154529541
      },
      "TargetPinAddress":{
        "PinID":1294910615,
        "PinOwnerID":1211749430
      },
      "ConnectionType":0,
      "ConnectedWireIndex":-1,
      "ConnectedWireSegmentIndex":-1,
      "Points":[{"x":0.0,"y":0.0},{"x":29.4375,"y":25.625},{"x":29.4375,"y":27.5625},{"x":0.0,"y":0.0}]
    },
    {
      "SourcePinAddress":{
        "PinID":0,
        "PinOwnerID":1493307013
      },
      "TargetPinAddress":{
        "PinID":184023076,
        "PinOwnerID":1211749430
      },
      "ConnectionType":0,
      "ConnectedWireIndex":-1,
      "ConnectedWireSegmentIndex":-1,
      "Points":[{"x":0.0,"y":0.0},{"x":29.875,"y":25.125},{"x":29.875,"y":26.8125},{"x":0.0,"y":0.0}]
    },
    {
      "SourcePinAddress":{
        "PinID":0,
        "PinOwnerID":1626693077
      },
      "TargetPinAddress":{
        "PinID":1294910615,
        "PinOwnerID":108757428
      },
      "ConnectionType":0,
      "ConnectedWireIndex":-1,
      "ConnectedWireSegmentIndex":-1,
      "Points":[{"x":0.0,"y":0.0},{"x":30.3125,"y":24.625},{"x":30.3125,"y":26.25},{"x":0.0,"y":0.0}]
    },
    {
      "SourcePinAddress":{
        "PinID":0,
        "PinOwnerID":1607692823
      },
      "TargetPinAddress":{
        "PinID":184023076,
        "PinOwnerID":108757428
      },
      "ConnectionType":0,
      "ConnectedWireIndex":-1,
      "ConnectedWireSegmentIndex":-1,
      "Points":[{"x":0.0,"y":0.0},{"x":30.75,"y":24.0625},{"x":30.75,"y":25.5},{"x":0.0,"y":0.0}]
    },
    {
      "SourcePinAddress":{
        "PinID":0,
        "PinOwnerID":2033284534
      },
      "TargetPinAddress":{
        "PinID":1294910615,
        "PinOwnerID":1489568015
      },
      "ConnectionType":0,
      "ConnectedWireIndex":-1,
      "ConnectedWireSegmentIndex":-1,
      "Points":[{"x":0.0,"y":0.0},{"x":27.1875,"y":26.5625},{"x":27.1875,"y":26.25},{"x":0.0,"y":0.0}]
    },
    {
      "SourcePinAddress":{
        "PinID":0,
        "PinOwnerID":794361416
      },
      "TargetPinAddress":{
        "PinID":184023076,
        "PinOwnerID":1489568015
      },
      "ConnectionType":0,
      "ConnectedWireIndex":-1,
      "ConnectedWireSegmentIndex":-1,
      "Points":[{"x":0.0,"y":0.0},{"x":27.0625,"y":26.125},{"x":27.0625,"y":25.5},{"x":0.0,"y":0.0}]
    },
    {
      "SourcePinAddress":{
        "PinID":0,
        "PinOwnerID":111186874
      },
      "TargetPinAddress":{
        "PinID":1294910615,
        "PinOwnerID":485846012
      },
      "ConnectionType":0,
      "ConnectedWireIndex":-1,
      "ConnectedWireSegmentIndex":-1,
      "Points":[{"x":0.0,"y":0.0},{"x":0.0,"y":0.0}]
    },
    {
      "SourcePinAddress":{
        "PinID":0,
        "PinOwnerID":1334089753
      },
      "TargetPinAddress":{
        "PinID":184023076,
        "PinOwnerID":485846012
      },
      "ConnectionType":0,
      "ConnectedWireIndex":-1,
      "ConnectedWireSegmentIndex":-1,
      "Points":[{"x":0.0,"y":0.0},{"x":27.4375,"y":27.0625},{"x":27.4375,"y":26.8125},{"x":0.0,"y":0.0}]
    },
    {
      "SourcePinAddress":{
        "PinID":0,
        "PinOwnerID":1607692823
      },
      "TargetPinAddress":{
        "PinID":0,
        "PinOwnerID":1951602119
      },
      "ConnectionType":0,
      "ConnectedWireIndex":-1,
      "ConnectedWireSegmentIndex":-1,
      "Points":[{"x":0.0,"y":0.0},{"x":0.0,"y":0.0}]
    },
    {
      "SourcePinAddress":{
        "PinID":0,
        "PinOwnerID":1626693077
      },
      "TargetPinAddress":{
        "PinID":0,
        "PinOwnerID":364881991
      },
      "ConnectionType":0,
      "ConnectedWireIndex":-1,
      "ConnectedWireSegmentIndex":-1,
      "Points":[{"x":0.0,"y":0.0},{"x":0.0,"y":0.0}]
    },
    {
      "SourcePinAddress":{
        "PinID":0,
        "PinOwnerID":1493307013
      },
      "TargetPinAddress":{
        "PinID":0,
        "PinOwnerID":1698688840
      },
      "ConnectionType":0,
      "ConnectedWireIndex":-1,
      "ConnectedWireSegmentIndex":-1,
      "Points":[{"x":0.0,"y":0.0},{"x":0.0,"y":0.0}]
    },
    {
      "SourcePinAddress":{
        "PinID":0,
        "PinOwnerID":154529541
      },
      "TargetPinAddress":{
        "PinID":0,
        "PinOwnerID":280593424
      },
      "ConnectionType":0,
      "ConnectedWireIndex":-1,
      "ConnectedWireSegmentIndex":-1,
      "Points":[{"x":0.0,"y":0.0},{"x":0.0,"y":0.0}]
    },
    {
      "SourcePinAddress":{
        "PinID":0,
        "PinOwnerID":794361416
      },
      "TargetPinAddress":{
        "PinID":0,
        "PinOwnerID":1504772191
      },
      "ConnectionType":0,
      "ConnectedWireIndex":-1,
      "ConnectedWireSegmentIndex":-1,
      "Points":[{"x":0.0,"y":0.0},{"x":0.0,"y":0.0}]
    },
    {
      "SourcePinAddress":{
        "PinID":0,
        "PinOwnerID":2033284534
      },
      "TargetPinAddress":{
        "PinID":0,
        "PinOwnerID":1539561904
      },
      "ConnectionType":0,
      "ConnectedWireIndex":-1,
      "ConnectedWireSegmentIndex":-1,
      "Points":[{"x":0.0,"y":0.0},{"x":0.0,"y":0.0}]
    },
    {
      "SourcePinAddress":{
        "PinID":0,
        "PinOwnerID":1334089753
      },
      "TargetPinAddress":{
        "PinID":0,
        "PinOwnerID":1165616552
      },
      "ConnectionType":0,
      "ConnectedWireIndex":-1,
      "ConnectedWireSegmentIndex":-1,
      "Points":[{"x":0.0,"y":0.0},{"x":0.0,"y":0.0}]
    },
    {
      "SourcePinAddress":{
        "PinID":0,
        "PinOwnerID":111186874
      },
      "TargetPinAddress":{
        "PinID":0,
        "PinOwnerID":2118608516
      },
      "ConnectionType":0,
      "ConnectedWireIndex":-1,
      "ConnectedWireSegmentIndex":-1,
      "Points":[{"x":0.0,"y":0.0},{"x":0.0,"y":0.0}]
    }
  ],
  "Displays":[
    {
      "SubChipID":1211749430,
      "Position":{
        "x":0.6875,
        "y":0.6875
      },
      "Scale":1.0
    },
    {
      "SubChipID":485846012,
      "Position":{
        "x":-0.6875,
        "y":0.6875
      },
      "Scale":1.0
    },
    {
      "SubChipID":1489568015,
      "Position":{
        "x":-0.6875,
        "y":-0.6875
      },
      "Scale":1.0
    },
    {
      "SubChipID":108757428,
      "Position":{
        "x":0.6875,
        "y":-0.6875
      },
      "Scale":1.0
    }
  ]
}