{
  "DLSVersion": "2.1.6",
  "Name": "8x8 Toggle",
  "NameLocation": 2,
  "ChipType": 0,
  "Size": {
    "x": 4.7,
    "y": 4.625
  },
  "Colour": {
    "r": 0.0,
    "g": 0.0,
    "b": 0.0,
    "a": 1
  },
  "InputPins":[
    {
      "Name":"IN1a",
      "ID":111186874,
      "Position":{
        "x":22.375,
        "y":27.625
      },
      "BitCount":8,
      "Colour":0,
      "ValueDisplayMode":0
    },
    {
      "Name":"IN1b",
      "ID":1334089753,
      "Position":{
        "x":22.375,
        "y":27.125
      },
      "BitCount":8,
      "Colour":1,
      "ValueDisplayMode":0
    },
    {
      "Name":"IN1c",
      "ID":2033284534,
      "Position":{
        "x":22.375,
        "y":26.625
      },
      "BitCount":8,
      "Colour":2,
      "ValueDisplayMode":0
    },
    {
      "Name":"IN1d",
      "ID":794361416,
      "Position":{
        "x":22.375,
        "y":26.125
      },
      "BitCount":8,
      "Colour":3,
      "ValueDisplayMode":0
    },
    {
      "Name":"IN1b",
      "ID":154529541,
      "Position":{
        "x":22.375,
        "y":25.625
      },
      "BitCount":8,
      "Colour":4,
      "ValueDisplayMode":0
    },
    {
      "Name":"IN2b",
      "ID":1493307013,
      "Position":{
        "x":22.375,
        "y":25.125
      },
      "BitCount":8,
      "Colour":5,
      "ValueDisplayMode":0
    },
    {
      "Name":"IN3b",
      "ID":1626693077,
      "Position":{
        "x":22.375,
        "y":24.625
      },
      "BitCount":8,
      "Colour":6,
      "ValueDisplayMode":0
    },
    {
      "Name":"IN4b",
      "ID":1607692823,
      "Position":{
        "x":22.375,
        "y":24.125
      },
      "BitCount":8,
      "Colour":7,
      "ValueDisplayMode":0
    },
    {
      "Name":"Store",
      "ID":444710935,
      "Position":{
        "x":22.375,
        "y":23.625
      },
      "BitCount":1,
      "Colour":3,
      "ValueDisplayMode":0
    },
    {
      "Name":"Clear",
      "ID":2125488288,
      "Position":{
        "x":22.375,
        "y":23.125
      },
      "BitCount":1,
      "Colour":4,
      "ValueDisplayMode":0
    }
  ],
  "OutputPins":[
    {
      "Name":"OUT",
      "ID":1677722339,
      "Position":{
        "x":30.0,
        "y":25.4375
      },
      "BitCount":8,
      "Colour":0,
      "ValueDisplayMode":0
    },
    {
      "Name":"OUT",
      "ID":755650844,
      "Position":{
        "x":30.0,
        "y":24.9375
      },
      "BitCount":8,
      "Colour":0,
      "ValueDisplayMode":0
    },
    {
      "Name":"OUT",
      "ID":1292733180,
      "Position":{
        "x":30.0,
        "y":24.4375
      },
      "BitCount":8,
      "Colour":0,
      "ValueDisplayMode":0
    },
    {
      "Name":"OUT",
      "ID":217171377,
      "Position":{
        "x":30.0,
        "y":23.9375
      },
      "BitCount":8,
      "Colour":0,
      "ValueDisplayMode":0
    },
    {
      "Name":"OUT",
      "ID":1633454751,
      "Position":{
        "x":30.0,
        "y":23.4375
      },
      "BitCount":8,
      "Colour":0,
      "ValueDisplayMode":0
    },
    {
      "Name":"OUT",
      "ID":671320201,
      "Position":{
        "x":30.0,
        "y":22.9375
      },
      "BitCount":8,
      "Colour":0,
      "ValueDisplayMode":0
    },
    {
      "Name":"OUT",
      "ID":1939189055,
      "Position":{
        "x":30.0,
        "y":22.4375
      },
      "BitCount":8,
      "Colour":0,
      "ValueDisplayMode":0
    },
    {
      "Name":"OUT",
      "ID":1549202552,
      "Position":{
        "x":30.0,
        "y":21.9375
      },
      "BitCount":8,
      "Colour":0,
      "ValueDisplayMode":0
    }
  ],
  "SubChips":[
    {
      "Name":"4x4 Toggle",
      "ID":2125527854,
      "Label":"1a",
      "Position":{
        "x":25.9225,
        "y":27.125
      },
      "OutputPinColourInfo":[{"PinColour":0,"PinID":1311080486},{"PinColour":1,"PinID":802084817}],
      "InternalData":null
    },
    {
      "Name":"4x4 Display",
      "ID":485846012,
      "Label":"p1a",
      "Position":{
        "x":30.8725,
        "y":29.0625
      },
      "OutputPinColourInfo":[],
      "InternalData":null
    },
    {
      "Name":"4x4 Toggle",
      "ID":1910692885,
      "Label":"2a",
      "Position":{
        "x":25.9225,
        "y":25.5625
      },
      "OutputPinColourInfo":[{"PinColour":2,"PinID":1311080486},{"PinColour":3,"PinID":802084817}],
      "InternalData":null
    },
    {
      "Name":"4x4 Display",
      "ID":1489568015,
      "Label":"p2a",
      "Position":{
        "x":30.8725,
        "y":27.75
      },
      "OutputPinColourInfo":[],
      "InternalData":null
    },
    {
      "Name":"4x4 Toggle",
      "ID":1918429687,
      "Label":"1b",
      "Position":{
        "x":25.9225,
        "y":24.0
      },
      "OutputPinColourInfo":[{"PinColour":4,"PinID":1311080486},{"PinColour":5,"PinID":802084817}],
      "InternalData":null
    },
    {
      "Name":"4x4 Toggle",
      "ID":1576559782,
      "Label":"2b",
      "Position":{
        "x":25.9225,
        "y":22.4375
      },
      "OutputPinColourInfo":[{"PinColour":6,"PinID":1311080486},{"PinColour":7,"PinID":802084817}],
      "InternalData":null
    },
    {
      "Name":"4x4 Display",
      "ID":1211749430,
      "Label":"p1b",
      "Position":{
        "x":32.6225,
        "y":29.0
      },
      "OutputPinColourInfo":[],
      "InternalData":null
    },
    {
      "Name":"4x4 Display",
      "ID":108757428,
      "Label":"p2b",
      "Position":{
        "x":32.6225,
        "y":27.6875
      },
      "OutputPinColourInfo":[],
      "InternalData":null
    }
  ],
  "Wires":[
    {
      "SourcePinAddress":{
        "PinID":1311080486,
        "PinOwnerID":2125527854
      },
      "TargetPinAddress":{
        "PinID":1294910615,
        "PinOwnerID":485846012
      },
      "ConnectionType":0,
      "ConnectedWireIndex":-1,
      "ConnectedWireSegmentIndex":-1,
      "Points":[{"x":0.0,"y":0.0},{"x":27.1875,"y":27.625},{"x":27.5625,"y":29.375},{"x":0.0,"y":0.0}]
    },
    {
      "SourcePinAddress":{
        "PinID":802084817,
        "PinOwnerID":2125527854
      },
      "TargetPinAddress":{
        "PinID":184023076,
        "PinOwnerID":485846012
      },
      "ConnectionType":0,
      "ConnectedWireIndex":-1,
      "ConnectedWireSegmentIndex":-1,
      "Points":[{"x":0.0,"y":0.0},{"x":27.625,"y":26.625},{"x":28.0625,"y":28.6875},{"x":0.0,"y":0.0}]
    },
    {
      "SourcePinAddress":{
        "PinID":1311080486,
        "PinOwnerID":1910692885
      },
      "TargetPinAddress":{
        "PinID":1294910615,
        "PinOwnerID":1489568015
      },
      "ConnectionType":0,
      "ConnectedWireIndex":-1,
      "ConnectedWireSegmentIndex":-1,
      "Points":[{"x":0.0,"y":0.0},{"x":28.25,"y":26.125},{"x":28.75,"y":28.125},{"x":0.0,"y":0.0}]
    },
    {
      "SourcePinAddress":{
        "PinID":802084817,
        "PinOwnerID":1910692885
      },
      "TargetPinAddress":{
        "PinID":184023076,
        "PinOwnerID":1489568015
      },
      "ConnectionType":0,
      "ConnectedWireIndex":-1,
      "ConnectedWireSegmentIndex":-1,
      "Points":[{"x":0.0,"y":0.0},{"x":28.0,"y":25.0625},{"x":28.5625,"y":27.375},{"x":0.0,"y":0.0}]
    },
    {
      "SourcePinAddress":{
        "PinID":0,
        "PinOwnerID":111186874
      },
      "TargetPinAddress":{
        "PinID":1294910615,
        "PinOwnerID":2125527854
      },
      "ConnectionType":0,
      "ConnectedWireIndex":-1,
      "ConnectedWireSegmentIndex":-1,
      "Points":[{"x":0.0,"y":0.0},{"x":0.0,"y":0.0}]
    },
    {
      "SourcePinAddress":{
        "PinID":0,
        "PinOwnerID":1334089753
      },
      "TargetPinAddress":{
        "PinID":184023076,
        "PinOwnerID":2125527854
      },
      "ConnectionType":0,
      "ConnectedWireIndex":-1,
      "ConnectedWireSegmentIndex":-1,
      "Points":[{"x":0.0,"y":0.0},{"x":0.0,"y":0.0}]
    },
    {
      "SourcePinAddress":{
        "PinID":0,
        "PinOwnerID":2033284534
      },
      "TargetPinAddress":{
        "PinID":1294910615,
        "PinOwnerID":1910692885
      },
      "ConnectionType":0,
      "ConnectedWireIndex":-1,
      "ConnectedWireSegmentIndex":-1,
      "Points":[{"x":0.0,"y":0.0},{"x":24.3125,"y":26.625},{"x":24.75,"y":26.0625},{"x":0.0,"y":0.0}]
    },
    {
      "SourcePinAddress":{
        "PinID":0,
        "PinOwnerID":794361416
      },
      "TargetPinAddress":{
        "PinID":184023076,
        "PinOwnerID":1910692885
      },
      "ConnectionType":0,
      "ConnectedWireIndex":-1,
      "ConnectedWireSegmentIndex":-1,
      "Points":[{"x":0.0,"y":0.0},{"x":24.125,"y":26.125},{"x":24.5625,"y":25.5625},{"x":0.0,"y":0.0}]
    },
    {
      "SourcePinAddress":{
        "PinID":0,
        "PinOwnerID":1607692823
      },
      "TargetPinAddress":{
        "PinID":184023076,
        "PinOwnerID":1576559782
      },
      "ConnectionType":0,
      "ConnectedWireIndex":-1,
      "ConnectedWireSegmentIndex":-1,
      "Points":[{"x":0.0,"y":0.0},{"x":23.5625,"y":24.125},{"x":24.875,"y":22.4375},{"x":0.0,"y":0.0}]
    },
    {
      "SourcePinAddress":{
        "PinID":0,
        "PinOwnerID":1626693077
      },
      "TargetPinAddress":{
        "PinID":1294910615,
        "PinOwnerID":1576559782
      },
      "ConnectionType":0,
      "ConnectedWireIndex":-1,
      "ConnectedWireSegmentIndex":-1,
      "Points":[{"x":0.0,"y":0.0},{"x":23.75,"y":24.625},{"x":25.0625,"y":22.9375},{"x":0.0,"y":0.0}]
    },
    {
      "SourcePinAddress":{
        "PinID":0,
        "PinOwnerID":154529541
      },
      "TargetPinAddress":{
        "PinID":1294910615,
        "PinOwnerID":1918429687
      },
      "ConnectionType":0,
      "ConnectedWireIndex":-1,
      "ConnectedWireSegmentIndex":-1,
      "Points":[{"x":0.0,"y":0.0},{"x":24.0,"y":25.625},{"x":24.875,"y":24.5},{"x":0.0,"y":0.0}]
    },
    {
      "SourcePinAddress":{
        "PinID":0,
        "PinOwnerID":1493307013
      },
      "TargetPinAddress":{
        "PinID":184023076,
        "PinOwnerID":1918429687
      },
      "ConnectionType":0,
      "ConnectedWireIndex":-1,
      "ConnectedWireSegmentIndex":-1,
      "Points":[{"x":0.0,"y":0.0},{"x":23.875,"y":25.125},{"x":24.75,"y":24.0},{"x":0.0,"y":0.0}]
    },
    {
      "SourcePinAddress":{
        "PinID":1311080486,
        "PinOwnerID":1918429687
      },
      "TargetPinAddress":{
        "PinID":1294910615,
        "PinOwnerID":1211749430
      },
      "ConnectionType":0,
      "ConnectedWireIndex":-1,
      "ConnectedWireSegmentIndex":-1,
      "Points":[{"x":0.0,"y":0.0},{"x":27.0,"y":24.5},{"x":28.0,"y":29.3125},{"x":0.0,"y":0.0}]
    },
    {
      "SourcePinAddress":{
        "PinID":802084817,
        "PinOwnerID":1918429687
      },
      "TargetPinAddress":{
        "PinID":184023076,
        "PinOwnerID":1211749430
      },
      "ConnectionType":0,
      "ConnectedWireIndex":-1,
      "ConnectedWireSegmentIndex":-1,
      "Points":[{"x":0.0,"y":0.0},{"x":27.25,"y":23.5},{"x":28.3125,"y":28.625},{"x":0.0,"y":0.0}]
    },
    {
      "SourcePinAddress":{
        "PinID":1311080486,
        "PinOwnerID":1576559782
      },
      "TargetPinAddress":{
        "PinID":1294910615,
        "PinOwnerID":108757428
      },
      "ConnectionType":0,
      "ConnectedWireIndex":-1,
      "ConnectedWireSegmentIndex":-1,
      "Points":[{"x":0.0,"y":0.0},{"x":27.375,"y":22.9375},{"x":28.5,"y":28.0625},{"x":0.0,"y":0.0}]
    },
    {
      "SourcePinAddress":{
        "PinID":802084817,
        "PinOwnerID":1576559782
      },
      "TargetPinAddress":{
        "PinID":184023076,
        "PinOwnerID":108757428
      },
      "ConnectionType":0,
      "ConnectedWireIndex":-1,
      "ConnectedWireSegmentIndex":-1,
      "Points":[{"x":0.0,"y":0.0},{"x":27.625,"y":21.9375},{"x":28.75,"y":27.25},{"x":0.0,"y":0.0}]
    },
    {
      "SourcePinAddress":{
        "PinID":1311080486,
        "PinOwnerID":2125527854
      },
      "TargetPinAddress":{
        "PinID":0,
        "PinOwnerID":1677722339
      },
      "ConnectionType":0,
      "ConnectedWireIndex":-1,
      "ConnectedWireSegmentIndex":-1,
      "Points":[{"x":0.0,"y":0.0},{"x":27.0625,"y":27.625},{"x":28.5625,"y":25.4375},{"x":0.0,"y":0.0}]
    },
    {
      "SourcePinAddress":{
        "PinID":802084817,
        "PinOwnerID":2125527854
      },
      "TargetPinAddress":{
        "PinID":0,
        "PinOwnerID":755650844
      },
      "ConnectionType":0,
      "ConnectedWireIndex":-1,
      "ConnectedWireSegmentIndex":-1,
      "Points":[{"x":0.0,"y":0.0},{"x":27.1875,"y":26.625},{"x":28.3125,"y":24.9375},{"x":0.0,"y":0.0}]
    },
    {
      "SourcePinAddress":{
        "PinID":1311080486,
        "PinOwnerID":1910692885
      },
      "TargetPinAddress":{
        "PinID":0,
        "PinOwnerID":1292733180
      },
      "ConnectionType":0,
      "ConnectedWireIndex":-1,
      "ConnectedWireSegmentIndex":-1,
      "Points":[{"x":0.0,"y":0.0},{"x":27.0,"y":26.0625},{"x":28.0625,"y":24.4375},{"x":0.0,"y":0.0}]
    },
    {
      "SourcePinAddress":{
        "PinID":802084817,
        "PinOwnerID":1910692885
      },
      "TargetPinAddress":{
        "PinID":0,
        "PinOwnerID":217171377
      },
      "ConnectionType":0,
      "ConnectedWireIndex":-1,
      "ConnectedWireSegmentIndex":-1,
      "Points":[{"x":0.0,"y":0.0},{"x":27.125,"y":25.0625},{"x":27.8125,"y":23.9375},{"x":0.0,"y":0.0}]
    },
    {
      "SourcePinAddress":{
        "PinID":1311080486,
        "PinOwnerID":1918429687
      },
      "TargetPinAddress":{
        "PinID":0,
        "PinOwnerID":1633454751
      },
      "ConnectionType":0,
      "ConnectedWireIndex":-1,
      "ConnectedWireSegmentIndex":-1,
      "Points":[{"x":0.0,"y":0.0},{"x":26.9375,"y":24.5},{"x":27.5625,"y":23.4375},{"x":0.0,"y":0.0}]
    },
    {
      "SourcePinAddress":{
        "PinID":802084817,
        "PinOwnerID":1918429687
      },
      "TargetPinAddress":{
        "PinID":0,
        "PinOwnerID":671320201
      },
      "ConnectionType":0,
      "ConnectedWireIndex":-1,
      "ConnectedWireSegmentIndex":-1,
      "Points":[{"x":0.0,"y":0.0},{"x":27.0,"y":23.5},{"x":27.3125,"y":22.9375},{"x":0.0,"y":0.0}]
    },
    {
      "SourcePinAddress":{
        "PinID":1311080486,
        "PinOwnerID":1576559782
      },
      "TargetPinAddress":{
        "PinID":0,
        "PinOwnerID":1939189055
      },
      "ConnectionType":0,
      "ConnectedWireIndex":-1,
      "ConnectedWireSegmentIndex":-1,
      "Points":[{"x":0.0,"y":0.0},{"x":26.8125,"y":22.9375},{"x":27.0625,"y":22.4375},{"x":0.0,"y":0.0}]
    },
    {
      "SourcePinAddress":{
        "PinID":802084817,
        "PinOwnerID":1576559782
      },
      "TargetPinAddress":{
        "PinID":0,
        "PinOwnerID":1549202552
      },
      "ConnectionType":0,
      "ConnectedWireIndex":-1,
      "ConnectedWireSegmentIndex":-1,
      "Points":[{"x":0.0,"y":0.0},{"x":0.0,"y":0.0}]
    },
    {
      "SourcePinAddress":{
        "PinID":0,
        "PinOwnerID":444710935
      },
      "TargetPinAddress":{
        "PinID":338969680,
        "PinOwnerID":1918429687
      },
      "ConnectionType":0,
      "ConnectedWireIndex":-1,
      "ConnectedWireSegmentIndex":-1,
      "Points":[{"x":0.0,"y":0.0},{"x":0.0,"y":0.0}]
    },
    {
      "SourcePinAddress":{
        "PinID":0,
        "PinOwnerID":444710935
      },
      "TargetPinAddress":{
        "PinID":338969680,
        "PinOwnerID":2125527854
      },
      "ConnectionType":1,
      "ConnectedWireIndex":24,
      "ConnectedWireSegmentIndex":0,
      "Points":[{"x":24.9375,"y":23.625},{"x":24.9375,"y":26.75},{"x":0.0,"y":0.0}]
    },
    {
      "SourcePinAddress":{
        "PinID":0,
        "PinOwnerID":444710935
      },
      "TargetPinAddress":{
        "PinID":338969680,
        "PinOwnerID":1910692885
      },
      "ConnectionType":1,
      "ConnectedWireIndex":25,
      "ConnectedWireSegmentIndex":0,
      "Points":[{"x":24.9375,"y":25.1875},{"x":0.0,"y":0.0}]
    },
    {
      "SourcePinAddress":{
        "PinID":0,
        "PinOwnerID":444710935
      },
      "TargetPinAddress":{
        "PinID":338969680,
        "PinOwnerID":1576559782
      },
      "ConnectionType":1,
      "ConnectedWireIndex":24,
      "ConnectedWireSegmentIndex":0,
      "Points":[{"x":24.9375,"y":23.625},{"x":24.9375,"y":22.0625},{"x":0.0,"y":0.0}]
    },
    {
      "SourcePinAddress":{
        "PinID":0,
        "PinOwnerID":2125488288
      },
      "TargetPinAddress":{
        "PinID":531742746,
        "PinOwnerID":1918429687
      },
      "ConnectionType":0,
      "ConnectedWireIndex":-1,
      "ConnectedWireSegmentIndex":-1,
      "Points":[{"x":0.0,"y":0.0},{"x":25.0,"y":23.125},{"x":25.0,"y":23.375},{"x":0.0,"y":0.0}]
    },
    {
      "SourcePinAddress":{
        "PinID":0,
        "PinOwnerID":2125488288
      },
      "TargetPinAddress":{
        "PinID":531742746,
        "PinOwnerID":1576559782
      },
      "ConnectionType":1,
      "ConnectedWireIndex":28,
      "ConnectedWireSegmentIndex":0,
      "Points":[{"x":25.0,"y":23.125},{"x":25.0,"y":21.8125},{"x":0.0,"y":0.0}]
    },
    {
      "SourcePinAddress":{
        "PinID":0,
        "PinOwnerID":2125488288
      },
      "TargetPinAddress":{
        "PinID":531742746,
        "PinOwnerID":1910692885
      },
      "ConnectionType":1,
      "ConnectedWireIndex":28,
      "ConnectedWireSegmentIndex":1,
      "Points":[{"x":25.0,"y":23.375},{"x":25.0,"y":24.9375},{"x":0.0,"y":0.0}]
    },
    {
      "SourcePinAddress":{
        "PinID":0,
        "PinOwnerID":2125488288
      },
      "TargetPinAddress":{
        "PinID":531742746,
        "PinOwnerID":2125527854
      },
      "ConnectionType":1,
      "ConnectedWireIndex":30,
      "ConnectedWireSegmentIndex":0,
      "Points":[{"x":25.0,"y":24.9375},{"x":25.0,"y":26.5},{"x":0.0,"y":0.0}]
    }
  ],
  "Displays":[
    {
      "SubChipID":1918429687,
      "Position":{
        "x":-1.6875,
        "y":-0.46875
      },
      "Scale":1.0
    },
    {
      "SubChipID":1910692885,
      "Position":{
        "x":-1.6875,
        "y":0.53125
      },
      "Scale":1.0
    },
    {
      "SubChipID":2125527854,
      "Position":{
        "x":-1.6875,
        "y":1.53125
      },
      "Scale":1.0
    },
    {
      "SubChipID":1576559782,
      "Position":{
        "x":-1.6875,
        "y":-1.46875
      },
      "Scale":1.0
    },
    {
      "SubChipID":485846012,
      "Position":{
        "x":0.125,
        "y":0.6875
      },
      "Scale":1.0
    },
    {
      "SubChipID":1489568015,
      "Position":{
        "x":0.125,
        "y":-0.5625
      },
      "Scale":1.0
    },
    {
      "SubChipID":1211749430,
      "Position":{
        "x":1.375,
        "y":0.6875
      },
      "Scale":1.0
    },
    {
      "SubChipID":108757428,
      "Position":{
        "x":1.375,
        "y":-0.5625
      },
      "Scale":1.0
    }
  ]
}