{
  "DLSVersion": "2.1.6",
  "Name": "Adder",
  "NameLocation": 0,
  "ChipType": 0,
  "Size": {
    "x": 0.875,
    "y": 0.75
  },
  "Colour": {
    "r": 0.619439662,
    "g": 0.284321249,
    "b": 0.657454133,
    "a": 1
  },
  "InputPins":[
    {
      "Name":"A",
      "ID":821781895,
      "Position":{
        "x":-6.375,
        "y":-2.0
      },
      "BitCount":1,
      "Colour":4,
      "ValueDisplayMode":0
    },
    {
      "Name":"B",
      "ID":2089255897,
      "Position":{
        "x":-6.375,
        "y":-2.5
      },
      "BitCount":1,
      "Colour":0,
      "ValueDisplayMode":0
    },
    {
      "Name":"Cin",
      "ID":381679663,
      "Position":{
        "x":-6.375,
        "y":-3.8125
      },
      "BitCount":1,
      "Colour":6,
      "ValueDisplayMode":0
    }
  ],
  "OutputPins":[
    {
      "Name":"OUT",
      "ID":147812677,
      "Position":{
        "x":-1.625,
        "y":-2.25
      },
      "BitCount":1,
      "Colour":0,
      "ValueDisplayMode":0
    },
    {
      "Name":"Cout",
      "ID":81369502,
      "Position":{
        "x":-1.625,
        "y":-3.0625
      },
      "BitCount":1,
      "Colour":0,
      "ValueDisplayMode":0
    }
  ],
  "SubChips":[
    {
      "Name":"XOR",
      "ID":1566281446,
      "Label":"",
      "Position":{
        "x":-4.9525,
        "y":-2.125
      },
      "OutputPinColourInfo":[{"PinColour":0,"PinID":821742823}],
      "InternalData":null
    },
    {
      "Name":"AND",
      "ID":129733580,
      "Label":"",
      "Position":{
        "x":-4.9525,
        "y":-3.1875
      },
      "OutputPinColourInfo":[{"PinColour":0,"PinID":726622901}],
      "InternalData":null
    },
    {
      "Name":"XOR",
      "ID":1614479153,
      "Label":"",
      "Position":{
        "x":-3.8275,
        "y":-2.25
      },
      "OutputPinColourInfo":[{"PinColour":0,"PinID":821742823}],
      "InternalData":null
    },
    {
      "Name":"AND",
      "ID":2124516928,
      "Label":"",
      "Position":{
        "x":-3.7025,
        "y":-2.875
      },
      "OutputPinColourInfo":[{"PinColour":0,"PinID":726622901}],
      "InternalData":null
    },
    {
      "Name":"OR",
      "ID":340805419,
      "Label":"",
      "Position":{
        "x":-2.9025,
        "y":-3.0625
      },
      "OutputPinColourInfo":[{"PinColour":0,"PinID":1165613228}],
      "InternalData":null
    }
  ],
  "Wires":[
    {
      "SourcePinAddress":{
        "PinID":0,
        "PinOwnerID":821781895
      },
      "TargetPinAddress":{
        "PinID":256332544,
        "PinOwnerID":1566281446
      },
      "ConnectionType":0,
      "ConnectedWireIndex":-1,
      "ConnectedWireSegmentIndex":-1,
      "Points":[{"x":0.0,"y":0.0},{"x":0.0,"y":0.0}]
    },
    {
      "SourcePinAddress":{
        "PinID":0,
        "PinOwnerID":2089255897
      },
      "TargetPinAddress":{
        "PinID":92039841,
        "PinOwnerID":1566281446
      },
      "ConnectionType":0,
      "ConnectedWireIndex":-1,
      "ConnectedWireSegmentIndex":-1,
      "Points":[{"x":0.0,"y":0.0},{"x":-5.625,"y":-2.25},{"x":0.0,"y":0.0}]
    },
    {
      "SourcePinAddress":{
        "PinID":0,
        "PinOwnerID":821781895
      },
      "TargetPinAddress":{
        "PinID":1010112276,
        "PinOwnerID":129733580
      },
      "ConnectionType":0,
      "ConnectedWireIndex":-1,
      "ConnectedWireSegmentIndex":-1,
      "Points":[{"x":0.0,"y":0.0},{"x":-5.4375,"y":-2.0},{"x":-5.4375,"y":-2.5625},{"x":-5.4375,"y":-3.0625},{"x":0.0,"y":0.0}]
    },
    {
      "SourcePinAddress":{
        "PinID":0,
        "PinOwnerID":2089255897
      },
      "TargetPinAddress":{
        "PinID":865093321,
        "PinOwnerID":129733580
      },
      "ConnectionType":0,
      "ConnectedWireIndex":-1,
      "ConnectedWireSegmentIndex":-1,
      "Points":[{"x":0.0,"y":0.0},{"x":-5.625,"y":-2.5},{"x":-5.625,"y":-3.3125},{"x":0.0,"y":0.0}]
    },
    {
      "SourcePinAddress":{
        "PinID":821742823,
        "PinOwnerID":1566281446
      },
      "TargetPinAddress":{
        "PinID":256332544,
        "PinOwnerID":1614479153
      },
      "ConnectionType":0,
      "ConnectedWireIndex":-1,
      "ConnectedWireSegmentIndex":-1,
      "Points":[{"x":0.0,"y":0.0},{"x":0.0,"y":0.0}]
    },
    {
      "SourcePinAddress":{
        "PinID":0,
        "PinOwnerID":381679663
      },
      "TargetPinAddress":{
        "PinID":92039841,
        "PinOwnerID":1614479153
      },
      "ConnectionType":0,
      "ConnectedWireIndex":-1,
      "ConnectedWireSegmentIndex":-1,
      "Points":[{"x":0.0,"y":0.0},{"x":-4.375,"y":-3.8125},{"x":-4.375,"y":-2.375},{"x":0.0,"y":0.0}]
    },
    {
      "SourcePinAddress":{
        "PinID":0,
        "PinOwnerID":381679663
      },
      "TargetPinAddress":{
        "PinID":865093321,
        "PinOwnerID":2124516928
      },
      "ConnectionType":1,
      "ConnectedWireIndex":5,
      "ConnectedWireSegmentIndex":1,
      "Points":[{"x":-4.375,"y":-3.0},{"x":0.0,"y":0.0}]
    },
    {
      "SourcePinAddress":{
        "PinID":821742823,
        "PinOwnerID":1566281446
      },
      "TargetPinAddress":{
        "PinID":1010112276,
        "PinOwnerID":2124516928
      },
      "ConnectionType":1,
      "ConnectedWireIndex":4,
      "ConnectedWireSegmentIndex":0,
      "Points":[{"x":-4.5,"y":-2.125},{"x":-4.5,"y":-2.1875},{"x":-4.5,"y":-2.75},{"x":0.0,"y":0.0}]
    },
    {
      "SourcePinAddress":{
        "PinID":726622901,
        "PinOwnerID":2124516928
      },
      "TargetPinAddress":{
        "PinID":70153538,
        "PinOwnerID":340805419
      },
      "ConnectionType":0,
      "ConnectedWireIndex":-1,
      "ConnectedWireSegmentIndex":-1,
      "Points":[{"x":0.0,"y":0.0},{"x":0.0,"y":0.0}]
    },
    {
      "SourcePinAddress":{
        "PinID":726622901,
        "PinOwnerID":129733580
      },
      "TargetPinAddress":{
        "PinID":1891478222,
        "PinOwnerID":340805419
      },
      "ConnectionType":0,
      "ConnectedWireIndex":-1,
      "ConnectedWireSegmentIndex":-1,
      "Points":[{"x":0.0,"y":0.0},{"x":0.0,"y":0.0}]
    },
    {
      "SourcePinAddress":{
        "PinID":1165613228,
        "PinOwnerID":340805419
      },
      "TargetPinAddress":{
        "PinID":0,
        "PinOwnerID":81369502
      },
      "ConnectionType":0,
      "ConnectedWireIndex":-1,
      "ConnectedWireSegmentIndex":-1,
      "Points":[{"x":0.0,"y":0.0},{"x":0.0,"y":0.0}]
    },
    {
      "SourcePinAddress":{
        "PinID":821742823,
        "PinOwnerID":1614479153
      },
      "TargetPinAddress":{
        "PinID":0,
        "PinOwnerID":147812677
      },
      "ConnectionType":0,
      "ConnectedWireIndex":-1,
      "ConnectedWireSegmentIndex":-1,
      "Points":[{"x":0.0,"y":0.0},{"x":0.0,"y":0.0}]
    }
  ],
  "Displays": null
}