{
  "DLSVersion": "2.1.6",
  "Name": "AND,8bit",
  "NameLocation": 0,
  "ChipType": 0,
  "Size": {
    "x": 1.325,
    "y": 1.0
  },
  "Colour": {
    "r": 0.7790644,
    "g": 0.143596813,
    "b": 0.380136341,
    "a": 1
  },
  "InputPins":[
    {
      "Name":"IN",
      "ID":185371680,
      "Position":{
        "x":-6.25,
        "y":0.625
      },
      "BitCount":8,
      "Colour":0,
      "ValueDisplayMode":0
    },
    {
      "Name":"IN",
      "ID":54106984,
      "Position":{
        "x":-6.25,
        "y":-1.4375
      },
      "BitCount":8,
      "Colour":0,
      "ValueDisplayMode":0
    }
  ],
  "OutputPins":[
    {
      "Name":"OUT",
      "ID":828109446,
      "Position":{
        "x":0.875,
        "y":-0.5
      },
      "BitCount":8,
      "Colour":0,
      "ValueDisplayMode":0
    }
  ],
  "SubChips":[
    {
      "Name":"8-1BIT",
      "ID":366725640,
      "Label":"",
      "Position":{
        "x":-4.1775,
        "y":0.625
      },
      "OutputPinColourInfo":[{"PinColour":1,"PinID":1},{"PinColour":1,"PinID":2},{"PinColour":1,"PinID":3},{"PinColour":1,"PinID":4},{"PinColour":1,"PinID":5},{"PinColour":1,"PinID":6},{"PinColour":1,"PinID":7},{"PinColour":1,"PinID":8}],
      "InternalData":null
    },
    {
      "Name":"AND",
      "ID":1924793490,
      "Label":"",
      "Position":{
        "x":-2.8275,
        "y":1.5625
      },
      "OutputPinColourInfo":[{"PinColour":0,"PinID":726622901}],
      "InternalData":null
    },
    {
      "Name":"AND",
      "ID":169080358,
      "Label":"",
      "Position":{
        "x":-2.8275,
        "y":1.0
      },
      "OutputPinColourInfo":[{"PinColour":0,"PinID":726622901}],
      "InternalData":null
    },
    {
      "Name":"AND",
      "ID":202380728,
      "Label":"",
      "Position":{
        "x":-2.8275,
        "y":0.4375
      },
      "OutputPinColourInfo":[{"PinColour":0,"PinID":726622901}],
      "InternalData":null
    },
    {
      "Name":"AND",
      "ID":223724082,
      "Label":"",
      "Position":{
        "x":-2.8275,
        "y":-0.125
      },
      "OutputPinColourInfo":[{"PinColour":0,"PinID":726622901}],
      "InternalData":null
    },
    {
      "Name":"AND",
      "ID":579603374,
      "Label":"",
      "Position":{
        "x":-2.8275,
        "y":-0.6875
      },
      "OutputPinColourInfo":[{"PinColour":0,"PinID":726622901}],
      "InternalData":null
    },
    {
      "Name":"8-1BIT",
      "ID":1089017445,
      "Label":"",
      "Position":{
        "x":-4.1775,
        "y":-1.4375
      },
      "OutputPinColourInfo":[{"PinColour":0,"PinID":1},{"PinColour":0,"PinID":2},{"PinColour":0,"PinID":3},{"PinColour":0,"PinID":4},{"PinColour":0,"PinID":5},{"PinColour":0,"PinID":6},{"PinColour":0,"PinID":7},{"PinColour":0,"PinID":8}],
      "InternalData":null
    },
    {
      "Name":"AND",
      "ID":1396258351,
      "Label":"",
      "Position":{
        "x":-2.8275,
        "y":-1.25
      },
      "OutputPinColourInfo":[{"PinColour":0,"PinID":726622901}],
      "InternalData":null
    },
    {
      "Name":"AND",
      "ID":1994600487,
      "Label":"",
      "Position":{
        "x":-2.8275,
        "y":-1.8125
      },
      "OutputPinColourInfo":[{"PinColour":0,"PinID":726622901}],
      "InternalData":null
    },
    {
      "Name":"AND",
      "ID":2046690452,
      "Label":"",
      "Position":{
        "x":-2.8275,
        "y":-2.375
      },
      "OutputPinColourInfo":[{"PinColour":0,"PinID":726622901}],
      "InternalData":null
    },
    {
      "Name":"1-8BIT",
      "ID":1922174315,
      "Label":"",
      "Position":{
        "x":-1.0525,
        "y":-0.5
      },
      "OutputPinColourInfo":[{"PinColour":0,"PinID":8}],
      "InternalData":null
    }
  ],
  "Wires":[
    {
      "SourcePinAddress":{
        "PinID":0,
        "PinOwnerID":185371680
      },
      "TargetPinAddress":{
        "PinID":0,
        "PinOwnerID":366725640
      },
      "ConnectionType":0,
      "ConnectedWireIndex":-1,
      "ConnectedWireSegmentIndex":-1,
      "Points":[{"x":0.0,"y":0.0},{"x":0.0,"y":0.0}]
    },
    {
      "SourcePinAddress":{
        "PinID":0,
        "PinOwnerID":54106984
      },
      "TargetPinAddress":{
        "PinID":0,
        "PinOwnerID":1089017445
      },
      "ConnectionType":0,
      "ConnectedWireIndex":-1,
      "ConnectedWireSegmentIndex":-1,
      "Points":[{"x":0.0,"y":0.0},{"x":0.0,"y":0.0}]
    },
    {
      "SourcePinAddress":{
        "PinID":1,
        "PinOwnerID":366725640
      },
      "TargetPinAddress":{
        "PinID":1010112276,
        "PinOwnerID":1924793490
      },
      "ConnectionType":0,
      "ConnectedWireIndex":-1,
      "ConnectedWireSegmentIndex":-1,
      "Points":[{"x":0.0,"y":0.0},{"x":0.0,"y":0.0}]
    },
    {
      "SourcePinAddress":{
        "PinID":2,
        "PinOwnerID":366725640
      },
      "TargetPinAddress":{
        "PinID":1010112276,
        "PinOwnerID":169080358
      },
      "ConnectionType":0,
      "ConnectedWireIndex":-1,
      "ConnectedWireSegmentIndex":-1,
      "Points":[{"x":0.0,"y":0.0},{"x":0.0,"y":0.0}]
    },
    {
      "SourcePinAddress":{
        "PinID":3,
        "PinOwnerID":366725640
      },
      "TargetPinAddress":{
        "PinID":1010112276,
        "PinOwnerID":202380728
      },
      "ConnectionType":0,
      "ConnectedWireIndex":-1,
      "ConnectedWireSegmentIndex":-1,
      "Points":[{"x":0.0,"y":0.0},{"x":0.0,"y":0.0}]
    },
    {
      "SourcePinAddress":{
        "PinID":4,
        "PinOwnerID":366725640
      },
      "TargetPinAddress":{
        "PinID":1010112276,
        "PinOwnerID":223724082
      },
      "ConnectionType":0,
      "ConnectedWireIndex":-1,
      "ConnectedWireSegmentIndex":-1,
      "Points":[{"x":0.0,"y":0.0},{"x":0.0,"y":0.0}]
    },
    {
      "SourcePinAddress":{
        "PinID":5,
        "PinOwnerID":366725640
      },
      "TargetPinAddress":{
        "PinID":1010112276,
        "PinOwnerID":579603374
      },
      "ConnectionType":0,
      "ConnectedWireIndex":-1,
      "ConnectedWireSegmentIndex":-1,
      "Points":[{"x":0.0,"y":0.0},{"x":0.0,"y":0.0}]
    },
    {
      "SourcePinAddress":{
        "PinID":6,
        "PinOwnerID":366725640
      },
      "TargetPinAddress":{
        "PinID":1010112276,
        "PinOwnerID":1396258351
      },
      "ConnectionType":0,
      "ConnectedWireIndex":-1,
      "ConnectedWireSegmentIndex":-1,
      "Points":[{"x":0.0,"y":0.0},{"x":0.0,"y":0.0}]
    },
    {
      "SourcePinAddress":{
        "PinID":7,
        "PinOwnerID":366725640
      },
      "TargetPinAddress":{
        "PinID":1010112276,
        "PinOwnerID":1994600487
      },
      "ConnectionType":0,
      "ConnectedWireIndex":-1,
      "ConnectedWireSegmentIndex":-1,
      "Points":[{"x":0.0,"y":0.0},{"x":0.0,"y":0.0}]
    },
    {
      "SourcePinAddress":{
        "PinID":8,
        "PinOwnerID":366725640
      },
      "TargetPinAddress":{
        "PinID":1010112276,
        "PinOwnerID":2046690452
      },
      "ConnectionType":0,
      "ConnectedWireIndex":-1,
      "ConnectedWireSegmentIndex":-1,
      "Points":[{"x":0.0,"y":0.0},{"x":0.0,"y":0.0}]
    },
    {
      "SourcePinAddress":{
        "PinID":8,
        "PinOwnerID":1089017445
      },
      "TargetPinAddress":{
        "PinID":865093321,
        "PinOwnerID":2046690452
      },
      "ConnectionType":0,
      "ConnectedWireIndex":-1,
      "ConnectedWireSegmentIndex":-1,
      "Points":[{"x":0.0,"y":0.0},{"x":0.0,"y":0.0}]
    },
    {
      "SourcePinAddress":{
        "PinID":7,
        "PinOwnerID":1089017445
      },
      "TargetPinAddress":{
        "PinID":865093321,
        "PinOwnerID":1994600487
      },
      "ConnectionType":0,
      "ConnectedWireIndex":-1,
      "ConnectedWireSegmentIndex":-1,
      "Points":[{"x":0.0,"y":0.0},{"x":0.0,"y":0.0}]
    },
    {
      "SourcePinAddress":{
        "PinID":3,
        "PinOwnerID":1089017445
      },
      "TargetPinAddress":{
        "PinID":865093321,
        "PinOwnerID":202380728
      },
      "ConnectionType":0,
      "ConnectedWireIndex":-1,
      "ConnectedWireSegmentIndex":-1,
      "Points":[{"x":0.0,"y":0.0},{"x":0.0,"y":0.0}]
    },
    {
      "SourcePinAddress":{
        "PinID":2,
        "PinOwnerID":1089017445
      },
      "TargetPinAddress":{
        "PinID":865093321,
        "PinOwnerID":169080358
      },
      "ConnectionType":0,
      "ConnectedWireIndex":-1,
      "ConnectedWireSegmentIndex":-1,
      "Points":[{"x":0.0,"y":0.0},{"x":0.0,"y":0.0}]
    },
    {
      "SourcePinAddress":{
        "PinID":1,
        "PinOwnerID":1089017445
      },
      "TargetPinAddress":{
        "PinID":865093321,
        "PinOwnerID":1924793490
      },
      "ConnectionType":0,
      "ConnectedWireIndex":-1,
      "ConnectedWireSegmentIndex":-1,
      "Points":[{"x":0.0,"y":0.0},{"x":0.0,"y":0.0}]
    },
    {
      "SourcePinAddress":{
        "PinID":6,
        "PinOwnerID":1089017445
      },
      "TargetPinAddress":{
        "PinID":865093321,
        "PinOwnerID":1396258351
      },
      "ConnectionType":0,
      "ConnectedWireIndex":-1,
      "ConnectedWireSegmentIndex":-1,
      "Points":[{"x":0.0,"y":0.0},{"x":0.0,"y":0.0}]
    },
    {
      "SourcePinAddress":{
        "PinID":5,
        "PinOwnerID":1089017445
      },
      "TargetPinAddress":{
        "PinID":865093321,
        "PinOwnerID":579603374
      },
      "ConnectionType":0,
      "ConnectedWireIndex":-1,
      "ConnectedWireSegmentIndex":-1,
      "Points":[{"x":0.0,"y":0.0},{"x":0.0,"y":0.0}]
    },
    {
      "SourcePinAddress":{
        "PinID":4,
        "PinOwnerID":1089017445
      },
      "TargetPinAddress":{
        "PinID":865093321,
        "PinOwnerID":223724082
      },
      "ConnectionType":0,
      "ConnectedWireIndex":-1,
      "ConnectedWireSegmentIndex":-1,
      "Points":[{"x":0.0,"y":0.0},{"x":0.0,"y":0.0}]
    },
    {
      "SourcePinAddress":{
        "PinID":726622901,
        "PinOwnerID":1924793490
      },
      "TargetPinAddress":{
        "PinID":0,
        "PinOwnerID":1922174315
      },
      "ConnectionType":0,
      "ConnectedWireIndex":-1,
      "ConnectedWireSegmentIndex":-1,
      "Points":[{"x":0.0,"y":0.0},{"x":0.0,"y":0.0}]
    },
    {
      "SourcePinAddress":{
        "PinID":726622901,
        "PinOwnerID":169080358
      },
      "TargetPinAddress":{
        "PinID":1,
        "PinOwnerID":1922174315
      },
      "ConnectionType":0,
      "ConnectedWireIndex":-1,
      "ConnectedWireSegmentIndex":-1,
      "Points":[{"x":0.0,"y":0.0},{"x":0.0,"y":0.0}]
    },
    {
      "SourcePinAddress":{
        "PinID":726622901,
        "PinOwnerID":202380728
      },
      "TargetPinAddress":{
        "PinID":2,
        "PinOwnerID":1922174315
      },
      "ConnectionType":0,
      "ConnectedWireIndex":-1,
      "ConnectedWireSegmentIndex":-1,
      "Points":[{"x":0.0,"y":0.0},{"x":0.0,"y":0.0}]
    },
    {
      "SourcePinAddress":{
        "PinID":726622901,
        "PinOwnerID":223724082
      },
      "TargetPinAddress":{
        "PinID":3,
        "PinOwnerID":1922174315
      },
      "ConnectionType":0,
      "ConnectedWireIndex":-1,
      "ConnectedWireSegmentIndex":-1,
      "Points":[{"x":0.0,"y":0.0},{"x":0.0,"y":0.0}]
    },
    {
      "SourcePinAddress":{
        "PinID":726622901,
        "PinOwnerID":579603374
      },
      "TargetPinAddress":{
        "PinID":4,
        "PinOwnerID":1922174315
      },
      "ConnectionType":0,
      "ConnectedWireIndex":-1,
      "ConnectedWireSegmentIndex":-1,
      "Points":[{"x":0.0,"y":0.0},{"x":0.0,"y":0.0}]
    },
    {
      "SourcePinAddress":{
        "PinID":726622901,
        "PinOwnerID":1396258351
      },
      "TargetPinAddress":{
        "PinID":5,
        "PinOwnerID":1922174315
      },
      "ConnectionType":0,
      "ConnectedWireIndex":-1,
      "ConnectedWireSegmentIndex":-1,
      "Points":[{"x":0.0,"y":0.0},{"x":0.0,"y":0.0}]
    },
    {
      "SourcePinAddress":{
        "PinID":726622901,
        "PinOwnerID":1994600487
      },
      "TargetPinAddress":{
        "PinID":6,
        "PinOwnerID":1922174315
      },
      "ConnectionType":0,
      "ConnectedWireIndex":-1,
      "ConnectedWireSegmentIndex":-1,
      "Points":[{"x":0.0,"y":0.0},{"x":0.0,"y":0.0}]
    },
    {
      "SourcePinAddress":{
        "PinID":726622901,
        "PinOwnerID":2046690452
      },
      "TargetPinAddress":{
        "PinID":7,
        "PinOwnerID":1922174315
      },
      "ConnectionType":0,
      "ConnectedWireIndex":-1,
      "ConnectedWireSegmentIndex":-1,
      "Points":[{"x":0.0,"y":0.0},{"x":0.0,"y":0.0}]
    },
    {
      "SourcePinAddress":{
        "PinID":8,
        "PinOwnerID":1922174315
      },
      "TargetPinAddress":{
        "PinID":0,
        "PinOwnerID":828109446
      },
      "ConnectionType":0,
      "ConnectedWireIndex":-1,
      "ConnectedWireSegmentIndex":-1,
      "Points":[{"x":0.0,"y":0.0},{"x":0.0,"y":0.0}]
    }
  ],
  "Displays": null
}