{
  "DLSVersion": "2.1.6",
  "Name": "AND",
  "NameLocation": 0,
  "ChipType": 0,
  "Size": {
    "x": 0.575,
    "y": 0.5
  },
  "Colour": {
    "r": 0.212787911,
    "g": 0.323406637,
    "b": 0.0605138727,
    "a": 1
  },
  "InputPins":[
    {
      "Name":"IN",
      "ID":1010112276,
      "Position":{
        "x":28.625,
        "y":18.5
      },
      "BitCount":1,
      "Colour":0,
      "ValueDisplayMode":0
    },
    {
      "Name":"IN",
      "ID":865093321,
      "Position":{
        "x":28.625,
        "y":18.0
      },
      "BitCount":1,
      "Colour":0,
      "ValueDisplayMode":0
    }
  ],
  "OutputPins":[
    {
      "Name":"OUT",
      "ID":726622901,
      "Position":{
        "x":33.125,
        "y":18.25
      },
      "BitCount":1,
      "Colour":0,
      "ValueDisplayMode":0
    }
  ],
  "SubChips":[
    {
      "Name":"NAND",
      "ID":482933796,
      "Label":"",
      "Position":{
        "x":30.17552,
        "y":18.2653
      },
      "OutputPinColourInfo":[{"PinColour":0,"PinID":2}],
      "InternalData":null
    },
    {
      "Name":"NAND",
      "ID":907815656,
      "Label":"",
      "Position":{
        "x":31.5,
        "y":18.25
      },
      "OutputPinColourInfo":[{"PinColour":0,"PinID":2}],
      "InternalData":null
    }
  ],
  "Wires":[
    {
      "SourcePinAddress":{
        "PinID":0,
        "PinOwnerID":1010112276
      },
      "TargetPinAddress":{
        "PinID":0,
        "PinOwnerID":482933796
      },
      "ConnectionType":0,
      "ConnectedWireIndex":-1,
      "ConnectedWireSegmentIndex":-1,
      "Points":[{"x":0.0,"y":0.0},{"x":0.0,"y":0.0}]
    },
    {
      "SourcePinAddress":{
        "PinID":0,
        "PinOwnerID":865093321
      },
      "TargetPinAddress":{
        "PinID":1,
        "PinOwnerID":482933796
      },
      "ConnectionType":0,
      "ConnectedWireIndex":-1,
      "ConnectedWireSegmentIndex":-1,
      "Points":[{"x":0.0,"y":0.0},{"x":0.0,"y":0.0}]
    },
    {
      "SourcePinAddress":{
        "PinID":2,
        "PinOwnerID":482933796
      },
      "TargetPinAddress":{
        "PinID":0,
        "PinOwnerID":907815656
      },
      "ConnectionType":0,
      "ConnectedWireIndex":-1,
      "ConnectedWireSegmentIndex":-1,
      "Points":[{"x":0.0,"y":0.0},{"x":0.0,"y":0.0}]
    },
    {
      "SourcePinAddress":{
        "PinID":2,
        "PinOwnerID":482933796
      },
      "TargetPinAddress":{
        "PinID":1,
        "PinOwnerID":907815656
      },
      "ConnectionType":0,
      "ConnectedWireIndex":-1,
      "ConnectedWireSegmentIndex":-1,
      "Points":[{"x":0.0,"y":0.0},{"x":0.0,"y":0.0}]
    },
    {
      "SourcePinAddress":{
        "PinID":2,
        "PinOwnerID":907815656
      },
      "TargetPinAddress":{
        "PinID":0,
        "PinOwnerID":726622901
      },
      "ConnectionType":0,
      "ConnectedWireIndex":-1,
      "ConnectedWireSegmentIndex":-1,
      "Points":[{"x":0.0,"y":0.0},{"x":0.0,"y":0.0}]
    }
  ],
  "Displays": null
}