{
  "DLSVersion": "2.1.6",
  "Name": "D FF",
  "NameLocation": 0,
  "ChipType": 0,
  "Size": {
    "x": 1.025,
    "y": 0.5
  },
  "Colour": {
    "r": 0.3746097,
    "g": 0.127482042,
    "b": 0.0398178622,
    "a": 1
  },
  "InputPins":[
    {
      "Name":"D\\",
      "ID":77774206,
      "Position":{
        "x":27.75,
        "y":18.9375
      },
      "BitCount":1,
      "Colour":5,
      "ValueDisplayMode":0
    },
    {
      "Name":"E",
      "ID":1190534317,
      "Position":{
        "x":27.75,
        "y":18.0
      },
      "BitCount":1,
      "Colour":4,
      "ValueDisplayMode":0
    }
  ],
  "OutputPins":[
    {
      "Name":"Q",
      "ID":1866451594,
      "Position":{
        "x":33.5,
        "y":18.8125
      },
      "BitCount":1,
      "Colour":0,
      "ValueDisplayMode":0
    },
    {
      "Name":"Q'",
      "ID":345729972,
      "Position":{
        "x":33.5,
        "y":18.125
      },
      "BitCount":1,
      "Colour":0,
      "ValueDisplayMode":0
    }
  ],
  "SubChips":[
    {
      "Name":"NAND",
      "ID":641483419,
      "Label":"",
      "Position":{
        "x":30.25,
        "y":18.8125
      },
      "OutputPinColourInfo":[{"PinColour":0,"PinID":2}],
      "InternalData":null
    },
    {
      "Name":"NAND",
      "ID":1160879572,
      "Label":"",
      "Position":{
        "x":30.25,
        "y":18.125
      },
      "OutputPinColourInfo":[{"PinColour":0,"PinID":2}],
      "InternalData":null
    },
    {
      "Name":"NAND",
      "ID":106479687,
      "Label":"",
      "Position":{
        "x":31.69066,
        "y":18.82295
      },
      "OutputPinColourInfo":[{"PinColour":2,"PinID":2}],
      "InternalData":null
    },
    {
      "Name":"NAND",
      "ID":1289903041,
      "Label":"",
      "Position":{
        "x":31.75,
        "y":18.125
      },
      "OutputPinColourInfo":[{"PinColour":3,"PinID":2}],
      "InternalData":null
    },
    {
      "Name":"NOT",
      "ID":1433810475,
      "Label":"",
      "Position":{
        "x":29.1725,
        "y":18.25
      },
      "OutputPinColourInfo":[{"PinColour":0,"PinID":84425304}],
      "InternalData":null
    }
  ],
  "Wires":[
    {
      "SourcePinAddress":{
        "PinID":0,
        "PinOwnerID":77774206
      },
      "TargetPinAddress":{
        "PinID":0,
        "PinOwnerID":641483419
      },
      "ConnectionType":0,
      "ConnectedWireIndex":-1,
      "ConnectedWireSegmentIndex":-1,
      "Points":[{"x":0.0,"y":0.0},{"x":0.0,"y":0.0}]
    },
    {
      "SourcePinAddress":{
        "PinID":0,
        "PinOwnerID":1190534317
      },
      "TargetPinAddress":{
        "PinID":1,
        "PinOwnerID":1160879572
      },
      "ConnectionType":0,
      "ConnectedWireIndex":-1,
      "ConnectedWireSegmentIndex":-1,
      "Points":[{"x":0.0,"y":0.0},{"x":0.0,"y":0.0}]
    },
    {
      "SourcePinAddress":{
        "PinID":0,
        "PinOwnerID":1190534317
      },
      "TargetPinAddress":{
        "PinID":1,
        "PinOwnerID":641483419
      },
      "ConnectionType":1,
      "ConnectedWireIndex":1,
      "ConnectedWireSegmentIndex":0,
      "Points":[{"x":28.70004,"y":18.0},{"x":28.6875,"y":18.6875},{"x":0.0,"y":0.0}]
    },
    {
      "SourcePinAddress":{
        "PinID":2,
        "PinOwnerID":641483419
      },
      "TargetPinAddress":{
        "PinID":0,
        "PinOwnerID":106479687
      },
      "ConnectionType":0,
      "ConnectedWireIndex":-1,
      "ConnectedWireSegmentIndex":-1,
      "Points":[{"x":0.0,"y":0.0},{"x":30.9375,"y":18.8125},{"x":30.9375,"y":18.9375},{"x":0.0,"y":0.0}]
    },
    {
      "SourcePinAddress":{
        "PinID":2,
        "PinOwnerID":1160879572
      },
      "TargetPinAddress":{
        "PinID":1,
        "PinOwnerID":1289903041
      },
      "ConnectionType":0,
      "ConnectedWireIndex":-1,
      "ConnectedWireSegmentIndex":-1,
      "Points":[{"x":0.0,"y":0.0},{"x":30.9375,"y":18.125},{"x":30.9375,"y":18.0},{"x":0.0,"y":0.0}]
    },
    {
      "SourcePinAddress":{
        "PinID":2,
        "PinOwnerID":106479687
      },
      "TargetPinAddress":{
        "PinID":0,
        "PinOwnerID":1866451594
      },
      "ConnectionType":0,
      "ConnectedWireIndex":-1,
      "ConnectedWireSegmentIndex":-1,
      "Points":[{"x":0.0,"y":0.0},{"x":0.0,"y":0.0}]
    },
    {
      "SourcePinAddress":{
        "PinID":2,
        "PinOwnerID":106479687
      },
      "TargetPinAddress":{
        "PinID":0,
        "PinOwnerID":1289903041
      },
      "ConnectionType":1,
      "ConnectedWireIndex":5,
      "ConnectedWireSegmentIndex":0,
      "Points":[{"x":32.56373,"y":18.81598},{"x":32.56396,"y":18.45469},{"x":31.0625,"y":18.4375},{"x":31.0625,"y":18.25},{"x":0.0,"y":0.0}]
    },
    {
      "SourcePinAddress":{
        "PinID":2,
        "PinOwnerID":1289903041
      },
      "TargetPinAddress":{
        "PinID":1,
        "PinOwnerID":106479687
      },
      "ConnectionType":0,
      "ConnectedWireIndex":-1,
      "ConnectedWireSegmentIndex":-1,
      "Points":[{"x":0.0,"y":0.0},{"x":32.4375,"y":18.125},{"x":32.4375,"y":18.5},{"x":31.0,"y":18.5},{"x":31.0,"y":18.6875},{"x":0.0,"y":0.0}]
    },
    {
      "SourcePinAddress":{
        "PinID":0,
        "PinOwnerID":77774206
      },
      "TargetPinAddress":{
        "PinID":1012375142,
        "PinOwnerID":1433810475
      },
      "ConnectionType":0,
      "ConnectedWireIndex":-1,
      "ConnectedWireSegmentIndex":-1,
      "Points":[{"x":0.0,"y":0.0},{"x":28.5,"y":18.25},{"x":0.0,"y":0.0}]
    },
    {
      "SourcePinAddress":{
        "PinID":84425304,
        "PinOwnerID":1433810475
      },
      "TargetPinAddress":{
        "PinID":0,
        "PinOwnerID":1160879572
      },
      "ConnectionType":0,
      "ConnectedWireIndex":-1,
      "ConnectedWireSegmentIndex":-1,
      "Points":[{"x":0.0,"y":0.0},{"x":0.0,"y":0.0}]
    },
    {
      "SourcePinAddress":{
        "PinID":2,
        "PinOwnerID":1289903041
      },
      "TargetPinAddress":{
        "PinID":0,
        "PinOwnerID":345729972
      },
      "ConnectionType":1,
      "ConnectedWireIndex":7,
      "ConnectedWireSegmentIndex":0,
      "Points":[{"x":32.4375,"y":18.125},{"x":0.0,"y":0.0}]
    }
  ],
  "Displays": null
}