{
  "DLSVersion": "2.1.6",
  "Name": "DFF,8Bit",
  "NameLocation": 0,
  "ChipType": 0,
  "Size": {
    "x": 1.325,
    "y": 0.75
  },
  "Colour": {
    "r": 0.322410882,
    "g": 0.9714453,
    "b": 0.1162471,
    "a": 1
  },
  "InputPins":[
    {
      "Name":"D",
      "ID":90397391,
      "Position":{
        "x":-12.875,
        "y":-3.5
      },
      "BitCount":8,
      "Colour":0,
      "ValueDisplayMode":0
    },
    {
      "Name":"Enable",
      "ID":497955897,
      "Position":{
        "x":-12.875,
        "y":-4.0625
      },
      "BitCount":1,
      "Colour":2,
      "ValueDisplayMode":0
    }
  ],
  "OutputPins":[
    {
      "Name":"Q",
      "ID":153081805,
      "Position":{
        "x":-5.5,
        "y":-3.4375
      },
      "BitCount":8,
      "Colour":0,
      "ValueDisplayMode":0
    }
  ],
  "SubChips":[
    {
      "Name":"1-8BIT",
      "ID":1718887706,
      "Label":"",
      "Position":{
        "x":-7.5525,
        "y":-3.4375
      },
      "OutputPinColourInfo":[{"PinColour":0,"PinID":8}],
      "InternalData":null
    },
    {
      "Name":"D Latch",
      "ID":1335904552,
      "Label":"",
      "Position":{
        "x":-9.1025,
        "y":-1.625
      },
      "OutputPinColourInfo":[{"PinColour":0,"PinID":1866451594},{"PinColour":0,"PinID":345729972}],
      "InternalData":null
    },
    {
      "Name":"D Latch",
      "ID":2132066947,
      "Label":"",
      "Position":{
        "x":-9.1025,
        "y":-2.1875
      },
      "OutputPinColourInfo":[{"PinColour":0,"PinID":1866451594},{"PinColour":0,"PinID":345729972}],
      "InternalData":null
    },
    {
      "Name":"D Latch",
      "ID":1569178239,
      "Label":"",
      "Position":{
        "x":-9.1025,
        "y":-2.75
      },
      "OutputPinColourInfo":[{"PinColour":0,"PinID":1866451594},{"PinColour":0,"PinID":345729972}],
      "InternalData":null
    },
    {
      "Name":"D Latch",
      "ID":361519640,
      "Label":"",
      "Position":{
        "x":-9.1025,
        "y":-3.3125
      },
      "OutputPinColourInfo":[{"PinColour":0,"PinID":1866451594},{"PinColour":0,"PinID":345729972}],
      "InternalData":null
    },
    {
      "Name":"D Latch",
      "ID":487223209,
      "Label":"",
      "Position":{
        "x":-9.1025,
        "y":-3.875
      },
      "OutputPinColourInfo":[{"PinColour":0,"PinID":1866451594},{"PinColour":0,"PinID":345729972}],
      "InternalData":null
    },
    {
      "Name":"D Latch",
      "ID":2036828835,
      "Label":"",
      "Position":{
        "x":-9.1025,
        "y":-4.4375
      },
      "OutputPinColourInfo":[{"PinColour":0,"PinID":1866451594},{"PinColour":0,"PinID":345729972}],
      "InternalData":null
    },
    {
      "Name":"D Latch",
      "ID":1399544242,
      "Label":"",
      "Position":{
        "x":-9.1025,
        "y":-5.0
      },
      "OutputPinColourInfo":[{"PinColour":0,"PinID":1866451594},{"PinColour":0,"PinID":345729972}],
      "InternalData":null
    },
    {
      "Name":"D Latch",
      "ID":1284884300,
      "Label":"",
      "Position":{
        "x":-9.1025,
        "y":-5.5625
      },
      "OutputPinColourInfo":[{"PinColour":0,"PinID":1866451594},{"PinColour":0,"PinID":345729972}],
      "InternalData":null
    },
    {
      "Name":"8-1BIT",
      "ID":1150041553,
      "Label":"",
      "Position":{
        "x":-10.8025,
        "y":-3.5
      },
      "OutputPinColourInfo":[{"PinColour":0,"PinID":1},{"PinColour":0,"PinID":2},{"PinColour":0,"PinID":3},{"PinColour":0,"PinID":4},{"PinColour":0,"PinID":5},{"PinColour":0,"PinID":6},{"PinColour":0,"PinID":7},{"PinColour":0,"PinID":8}],
      "InternalData":null
    }
  ],
  "Wires":[
    {
      "SourcePinAddress":{
        "PinID":8,
        "PinOwnerID":1718887706
      },
      "TargetPinAddress":{
        "PinID":0,
        "PinOwnerID":153081805
      },
      "ConnectionType":0,
      "ConnectedWireIndex":-1,
      "ConnectedWireSegmentIndex":-1,
      "Points":[{"x":0.0,"y":0.0},{"x":0.0,"y":0.0}]
    },
    {
      "SourcePinAddress":{
        "PinID":1866451594,
        "PinOwnerID":2132066947
      },
      "TargetPinAddress":{
        "PinID":1,
        "PinOwnerID":1718887706
      },
      "ConnectionType":0,
      "ConnectedWireIndex":-1,
      "ConnectedWireSegmentIndex":-1,
      "Points":[{"x":0.0,"y":0.0},{"x":0.0,"y":0.0}]
    },
    {
      "SourcePinAddress":{
        "PinID":1866451594,
        "PinOwnerID":1335904552
      },
      "TargetPinAddress":{
        "PinID":0,
        "PinOwnerID":1718887706
      },
      "ConnectionType":0,
      "ConnectedWireIndex":-1,
      "ConnectedWireSegmentIndex":-1,
      "Points":[{"x":0.0,"y":0.0},{"x":0.0,"y":0.0}]
    },
    {
      "SourcePinAddress":{
        "PinID":1866451594,
        "PinOwnerID":1569178239
      },
      "TargetPinAddress":{
        "PinID":2,
        "PinOwnerID":1718887706
      },
      "ConnectionType":0,
      "ConnectedWireIndex":-1,
      "ConnectedWireSegmentIndex":-1,
      "Points":[{"x":0.0,"y":0.0},{"x":0.0,"y":0.0}]
    },
    {
      "SourcePinAddress":{
        "PinID":1866451594,
        "PinOwnerID":361519640
      },
      "TargetPinAddress":{
        "PinID":3,
        "PinOwnerID":1718887706
      },
      "ConnectionType":0,
      "ConnectedWireIndex":-1,
      "ConnectedWireSegmentIndex":-1,
      "Points":[{"x":0.0,"y":0.0},{"x":0.0,"y":0.0}]
    },
    {
      "SourcePinAddress":{
        "PinID":1866451594,
        "PinOwnerID":487223209
      },
      "TargetPinAddress":{
        "PinID":4,
        "PinOwnerID":1718887706
      },
      "ConnectionType":0,
      "ConnectedWireIndex":-1,
      "ConnectedWireSegmentIndex":-1,
      "Points":[{"x":0.0,"y":0.0},{"x":0.0,"y":0.0}]
    },
    {
      "SourcePinAddress":{
        "PinID":1866451594,
        "PinOwnerID":2036828835
      },
      "TargetPinAddress":{
        "PinID":5,
        "PinOwnerID":1718887706
      },
      "ConnectionType":0,
      "ConnectedWireIndex":-1,
      "ConnectedWireSegmentIndex":-1,
      "Points":[{"x":0.0,"y":0.0},{"x":0.0,"y":0.0}]
    },
    {
      "SourcePinAddress":{
        "PinID":1866451594,
        "PinOwnerID":1399544242
      },
      "TargetPinAddress":{
        "PinID":6,
        "PinOwnerID":1718887706
      },
      "ConnectionType":0,
      "ConnectedWireIndex":-1,
      "ConnectedWireSegmentIndex":-1,
      "Points":[{"x":0.0,"y":0.0},{"x":0.0,"y":0.0}]
    },
    {
      "SourcePinAddress":{
        "PinID":1866451594,
        "PinOwnerID":1284884300
      },
      "TargetPinAddress":{
        "PinID":7,
        "PinOwnerID":1718887706
      },
      "ConnectionType":0,
      "ConnectedWireIndex":-1,
      "ConnectedWireSegmentIndex":-1,
      "Points":[{"x":0.0,"y":0.0},{"x":0.0,"y":0.0}]
    },
    {
      "SourcePinAddress":{
        "PinID":0,
        "PinOwnerID":90397391
      },
      "TargetPinAddress":{
        "PinID":0,
        "PinOwnerID":1150041553
      },
      "ConnectionType":0,
      "ConnectedWireIndex":-1,
      "ConnectedWireSegmentIndex":-1,
      "Points":[{"x":0.0,"y":0.0},{"x":0.0,"y":0.0}]
    },
    {
      "SourcePinAddress":{
        "PinID":0,
        "PinOwnerID":497955897
      },
      "TargetPinAddress":{
        "PinID":1190534317,
        "PinOwnerID":1335904552
      },
      "ConnectionType":0,
      "ConnectedWireIndex":-1,
      "ConnectedWireSegmentIndex":-1,
      "Points":[{"x":0.0,"y":0.0},{"x":-11.875,"y":-4.0625},{"x":-11.875,"y":-4.625},{"x":-9.875,"y":-4.625},{"x":-9.875,"y":-1.75},{"x":0.0,"y":0.0}]
    },
    {
      "SourcePinAddress":{
        "PinID":0,
        "PinOwnerID":497955897
      },
      "TargetPinAddress":{
        "PinID":1190534317,
        "PinOwnerID":2132066947
      },
      "ConnectionType":1,
      "ConnectedWireIndex":10,
      "ConnectedWireSegmentIndex":3,
      "Points":[{"x":-9.875,"y":-2.3125},{"x":0.0,"y":0.0}]
    },
    {
      "SourcePinAddress":{
        "PinID":0,
        "PinOwnerID":497955897
      },
      "TargetPinAddress":{
        "PinID":1190534317,
        "PinOwnerID":1569178239
      },
      "ConnectionType":1,
      "ConnectedWireIndex":10,
      "ConnectedWireSegmentIndex":3,
      "Points":[{"x":-9.875,"y":-2.875},{"x":0.0,"y":0.0}]
    },
    {
      "SourcePinAddress":{
        "PinID":0,
        "PinOwnerID":497955897
      },
      "TargetPinAddress":{
        "PinID":1190534317,
        "PinOwnerID":361519640
      },
      "ConnectionType":1,
      "ConnectedWireIndex":10,
      "ConnectedWireSegmentIndex":3,
      "Points":[{"x":-9.875,"y":-3.4375},{"x":0.0,"y":0.0}]
    },
    {
      "SourcePinAddress":{
        "PinID":0,
        "PinOwnerID":497955897
      },
      "TargetPinAddress":{
        "PinID":1190534317,
        "PinOwnerID":487223209
      },
      "ConnectionType":1,
      "ConnectedWireIndex":10,
      "ConnectedWireSegmentIndex":3,
      "Points":[{"x":-9.875,"y":-4.0},{"x":0.0,"y":0.0}]
    },
    {
      "SourcePinAddress":{
        "PinID":0,
        "PinOwnerID":497955897
      },
      "TargetPinAddress":{
        "PinID":1190534317,
        "PinOwnerID":2036828835
      },
      "ConnectionType":1,
      "ConnectedWireIndex":10,
      "ConnectedWireSegmentIndex":3,
      "Points":[{"x":-9.875,"y":-4.5625},{"x":0.0,"y":0.0}]
    },
    {
      "SourcePinAddress":{
        "PinID":0,
        "PinOwnerID":497955897
      },
      "TargetPinAddress":{
        "PinID":1190534317,
        "PinOwnerID":1284884300
      },
      "ConnectionType":1,
      "ConnectedWireIndex":10,
      "ConnectedWireSegmentIndex":2,
      "Points":[{"x":-9.875,"y":-4.625},{"x":-9.875,"y":-5.6875},{"x":0.0,"y":0.0}]
    },
    {
      "SourcePinAddress":{
        "PinID":0,
        "PinOwnerID":497955897
      },
      "TargetPinAddress":{
        "PinID":1190534317,
        "PinOwnerID":1399544242
      },
      "ConnectionType":1,
      "ConnectedWireIndex":16,
      "ConnectedWireSegmentIndex":0,
      "Points":[{"x":-9.875,"y":-5.125},{"x":0.0,"y":0.0}]
    },
    {
      "SourcePinAddress":{
        "PinID":1,
        "PinOwnerID":1150041553
      },
      "TargetPinAddress":{
        "PinID":77774206,
        "PinOwnerID":1335904552
      },
      "ConnectionType":0,
      "ConnectedWireIndex":-1,
      "ConnectedWireSegmentIndex":-1,
      "Points":[{"x":0.0,"y":0.0},{"x":0.0,"y":0.0}]
    },
    {
      "SourcePinAddress":{
        "PinID":2,
        "PinOwnerID":1150041553
      },
      "TargetPinAddress":{
        "PinID":77774206,
        "PinOwnerID":2132066947
      },
      "ConnectionType":0,
      "ConnectedWireIndex":-1,
      "ConnectedWireSegmentIndex":-1,
      "Points":[{"x":0.0,"y":0.0},{"x":0.0,"y":0.0}]
    },
    {
      "SourcePinAddress":{
        "PinID":3,
        "PinOwnerID":1150041553
      },
      "TargetPinAddress":{
        "PinID":77774206,
        "PinOwnerID":1569178239
      },
      "ConnectionType":0,
      "ConnectedWireIndex":-1,
      "ConnectedWireSegmentIndex":-1,
      "Points":[{"x":0.0,"y":0.0},{"x":0.0,"y":0.0}]
    },
    {
      "SourcePinAddress":{
        "PinID":4,
        "PinOwnerID":1150041553
      },
      "TargetPinAddress":{
        "PinID":77774206,
        "PinOwnerID":361519640
      },
      "ConnectionType":0,
      "ConnectedWireIndex":-1,
      "ConnectedWireSegmentIndex":-1,
      "Points":[{"x":0.0,"y":0.0},{"x":0.0,"y":0.0}]
    },
    {
      "SourcePinAddress":{
        "PinID":5,
        "PinOwnerID":1150041553
      },
      "TargetPinAddress":{
        "PinID":77774206,
        "PinOwnerID":487223209
      },
      "ConnectionType":0,
      "ConnectedWireIndex":-1,
      "ConnectedWireSegmentIndex":-1,
      "Points":[{"x":0.0,"y":0.0},{"x":0.0,"y":0.0}]
    },
    {
      "SourcePinAddress":{
        "PinID":6,
        "PinOwnerID":1150041553
      },
      "TargetPinAddress":{
        "PinID":77774206,
        "PinOwnerID":2036828835
      },
      "ConnectionType":0,
      "ConnectedWireIndex":-1,
      "ConnectedWireSegmentIndex":-1,
      "Points":[{"x":0.0,"y":0.0},{"x":0.0,"y":0.0}]
    },
    {
      "SourcePinAddress":{
        "PinID":7,
        "PinOwnerID":1150041553
      },
      "TargetPinAddress":{
        "PinID":77774206,
        "PinOwnerID":1399544242
      },
      "ConnectionType":0,
      "ConnectedWireIndex":-1,
      "ConnectedWireSegmentIndex":-1,
      "Points":[{"x":0.0,"y":0.0},{"x":0.0,"y":0.0}]
    },
    {
      "SourcePinAddress":{
        "PinID":8,
        "PinOwnerID":1150041553
      },
      "TargetPinAddress":{
        "PinID":77774206,
        "PinOwnerID":1284884300
      },
      "ConnectionType":0,
      "ConnectedWireIndex":-1,
      "ConnectedWireSegmentIndex":-1,
      "Points":[{"x":0.0,"y":0.0},{"x":0.0,"y":0.0}]
    }
  ],
  "Displays": null
}