{
  "DLSVersion": "2.1.6",
  "Name": "Game",
  "NameLocation": 0,
  "ChipType": 0,
  "Size": {
    "x": 1.175,
    "y": 5.25
  },
  "Colour": {
    "r": 0.4398798,
    "g": 0.559010148,
    "b": 0.461133033,
    "a": 1
  },
  "InputPins":[
    {
      "Name":"Mode",
      "ID":1755088441,
      "Position":{
        "x":-10.375,
        "y":-4.6875
      },
      "BitCount":1,
      "Colour":3,
      "ValueDisplayMode":0
    },
    {
      "Name":"IN",
      "ID":741105350,
      "Position":{
        "x":-10.375,
        "y":-5.25
      },
      "BitCount":8,
      "Colour":6,
      "ValueDisplayMode":0
    },
    {
      "Name":"IN",
      "ID":2106086223,
      "Position":{
        "x":-9.0,
        "y":-5.25
      },
      "BitCount":8,
      "Colour":2,
      "ValueDisplayMode":0
    },
    {
      "Name":"IN",
      "ID":1882236677,
      "Position":{
        "x":-10.375,
        "y":-5.75
      },
      "BitCount":8,
      "Colour":1,
      "ValueDisplayMode":0
    },
    {
      "Name":"IN",
      "ID":1998340973,
      "Position":{
        "x":-9.0,
        "y":-5.75
      },
      "BitCount":8,
      "Colour":5,
      "ValueDisplayMode":0
    },
    {
      "Name":"IN",
      "ID":668454375,
      "Position":{
        "x":-10.375,
        "y":-6.25
      },
      "BitCount":8,
      "Colour":6,
      "ValueDisplayMode":0
    },
    {
      "Name":"IN",
      "ID":1789582092,
      "Position":{
        "x":-9.0,
        "y":-6.25
      },
      "BitCount":8,
      "Colour":2,
      "ValueDisplayMode":0
    },
    {
      "Name":"IN",
      "ID":1496320055,
      "Position":{
        "x":-10.375,
        "y":-6.75
      },
      "BitCount":8,
      "Colour":1,
      "ValueDisplayMode":0
    },
    {
      "Name":"IN",
      "ID":578469069,
      "Position":{
        "x":-9.0,
        "y":-6.75
      },
      "BitCount":8,
      "Colour":5,
      "ValueDisplayMode":0
    },
    {
      "Name":"Set",
      "ID":1503476778,
      "Position":{
        "x":-9.875,
        "y":-7.1875
      },
      "BitCount":1,
      "Colour":5,
      "ValueDisplayMode":0
    },
    {
      "Name":"Clear",
      "ID":2090543644,
      "Position":{
        "x":-9.875,
        "y":-7.625
      },
      "BitCount":1,
      "Colour":7,
      "ValueDisplayMode":0
    }
  ],
  "OutputPins":[],
  "SubChips":[
    {
      "Name":"8x8 Toggle",
      "ID":1877552914,
      "Label":"",
      "Position":{
        "x":-4.765,
        "y":-5.25
      },
      "OutputPinColourInfo":[{"PinColour":0,"PinID":1677722339},{"PinColour":0,"PinID":755650844},{"PinColour":0,"PinID":1292733180},{"PinColour":0,"PinID":217171377},{"PinColour":0,"PinID":1633454751},{"PinColour":0,"PinID":671320201},{"PinColour":0,"PinID":1939189055},{"PinColour":0,"PinID":1549202552}],
      "InternalData":null
    },
    {
      "Name":"8x8 Display",
      "ID":1175199843,
      "Label":"",
      "Position":{
        "x":-5.89,
        "y":-0.625
      },
      "OutputPinColourInfo":[{"PinColour":0,"PinID":2118608516},{"PinColour":0,"PinID":1165616552},{"PinColour":0,"PinID":1539561904},{"PinColour":0,"PinID":1504772191},{"PinColour":0,"PinID":280593424},{"PinColour":0,"PinID":1698688840},{"PinColour":0,"PinID":364881991},{"PinColour":0,"PinID":1951602119}],
      "InternalData":null
    },
    {
      "Name":"2-1MUX,64Bit",
      "ID":975088731,
      "Label":"",
      "Position":{
        "x":-1.1525,
        "y":-3.0625
      },
      "OutputPinColourInfo":[{"PinColour":0,"PinID":1243424859},{"PinColour":7,"PinID":640546091},{"PinColour":0,"PinID":453381083},{"PinColour":7,"PinID":444608727},{"PinColour":0,"PinID":1095320803},{"PinColour":7,"PinID":300404644},{"PinColour":0,"PinID":789452553},{"PinColour":7,"PinID":458105090}],
      "InternalData":null
    },
    {
      "Name":"CLOCK",
      "ID":1449039593,
      "Label":"",
      "Position":{
        "x":-9.885,
        "y":-4.1875
      },
      "OutputPinColourInfo":[{"PinColour":5,"PinID":0}],
      "InternalData":null
    },
    {
      "Name":"Game,enable",
      "ID":1784625045,
      "Label":"",
      "Position":{
        "x":-3.3525,
        "y":-0.75
      },
      "OutputPinColourInfo":[{"PinColour":0,"PinID":2053488148},{"PinColour":0,"PinID":1404679087},{"PinColour":0,"PinID":1269685492},{"PinColour":0,"PinID":1810512127},{"PinColour":0,"PinID":1619602463},{"PinColour":0,"PinID":521165017},{"PinColour":0,"PinID":1334574319},{"PinColour":0,"PinID":1461195777}],
      "InternalData":null
    },
    {
      "Name":"OR",
      "ID":2138767822,
      "Label":"",
      "Position":{
        "x":-8.5275,
        "y":-4.5625
      },
      "OutputPinColourInfo":[{"PinColour":3,"PinID":1165613228}],
      "InternalData":null
    },
    {
      "Name":"D FF",
      "ID":1449029716,
      "Label":"",
      "Position":{
        "x":-8.4775,
        "y":-3.9375
      },
      "OutputPinColourInfo":[{"PinColour":0,"PinID":1866451594},{"PinColour":0,"PinID":345729972}],
      "InternalData":null
    },
    {
      "Name":"D FF",
      "ID":1787343898,
      "Label":"",
      "Position":{
        "x":-8.4775,
        "y":-3.25
      },
      "OutputPinColourInfo":[{"PinColour":3,"PinID":1866451594},{"PinColour":0,"PinID":345729972}],
      "InternalData":null
    },
    {
      "Name":"NOT",
      "ID":953888679,
      "Label":"",
      "Position":{
        "x":-9.8275,
        "y":-3.375
      },
      "OutputPinColourInfo":[{"PinColour":5,"PinID":84425304}],
      "InternalData":null
    },
    {
      "Name":"64NAND",
      "ID":1717137894,
      "Label":"",
      "Position":{
        "x":-8.1025,
        "y":-0.75
      },
      "OutputPinColourInfo":[{"PinColour":0,"PinID":1302921031},{"PinColour":0,"PinID":1831878209},{"PinColour":0,"PinID":407349900},{"PinColour":0,"PinID":2117286045},{"PinColour":0,"PinID":993873330},{"PinColour":0,"PinID":1096047971},{"PinColour":0,"PinID":1260602676},{"PinColour":0,"PinID":1963124496},{"PinColour":4,"PinID":1564466903}],
      "InternalData":null
    }
  ],
  "Wires":[
    {
      "SourcePinAddress":{
        "PinID":0,
        "PinOwnerID":1503476778
      },
      "TargetPinAddress":{
        "PinID":444710935,
        "PinOwnerID":1877552914
      },
      "ConnectionType":0,
      "ConnectedWireIndex":-1,
      "ConnectedWireSegmentIndex":-1,
      "Points":[{"x":0.0,"y":0.0},{"x":0.0,"y":0.0}]
    },
    {
      "SourcePinAddress":{
        "PinID":0,
        "PinOwnerID":741105350
      },
      "TargetPinAddress":{
        "PinID":111186874,
        "PinOwnerID":1877552914
      },
      "ConnectionType":0,
      "ConnectedWireIndex":-1,
      "ConnectedWireSegmentIndex":-1,
      "Points":[{"x":0.0,"y":0.0},{"x":-7.3125,"y":-5.25},{"x":-7.3125,"y":-3.25},{"x":0.0,"y":0.0}]
    },
    {
      "SourcePinAddress":{
        "PinID":0,
        "PinOwnerID":1882236677
      },
      "TargetPinAddress":{
        "PinID":1334089753,
        "PinOwnerID":1877552914
      },
      "ConnectionType":0,
      "ConnectedWireIndex":-1,
      "ConnectedWireSegmentIndex":-1,
      "Points":[{"x":0.0,"y":0.0},{"x":-7.375,"y":-5.75},{"x":-7.3125,"y":-5.5},{"x":-7.3125,"y":-3.75},{"x":0.0,"y":0.0}]
    },
    {
      "SourcePinAddress":{
        "PinID":0,
        "PinOwnerID":668454375
      },
      "TargetPinAddress":{
        "PinID":2033284534,
        "PinOwnerID":1877552914
      },
      "ConnectionType":0,
      "ConnectedWireIndex":-1,
      "ConnectedWireSegmentIndex":-1,
      "Points":[{"x":0.0,"y":0.0},{"x":-7.3125,"y":-6.25},{"x":-7.3125,"y":-6.0},{"x":-7.3125,"y":-4.25},{"x":0.0,"y":0.0}]
    },
    {
      "SourcePinAddress":{
        "PinID":0,
        "PinOwnerID":1496320055
      },
      "TargetPinAddress":{
        "PinID":794361416,
        "PinOwnerID":1877552914
      },
      "ConnectionType":0,
      "ConnectedWireIndex":-1,
      "ConnectedWireSegmentIndex":-1,
      "Points":[{"x":0.0,"y":0.0},{"x":-7.3125,"y":-6.75},{"x":-7.3125,"y":-4.75},{"x":0.0,"y":0.0}]
    },
    {
      "SourcePinAddress":{
        "PinID":0,
        "PinOwnerID":2106086223
      },
      "TargetPinAddress":{
        "PinID":154529541,
        "PinOwnerID":1877552914
      },
      "ConnectionType":0,
      "ConnectedWireIndex":-1,
      "ConnectedWireSegmentIndex":-1,
      "Points":[{"x":0.0,"y":0.0},{"x":0.0,"y":0.0}]
    },
    {
      "SourcePinAddress":{
        "PinID":0,
        "PinOwnerID":1998340973
      },
      "TargetPinAddress":{
        "PinID":1493307013,
        "PinOwnerID":1877552914
      },
      "ConnectionType":0,
      "ConnectedWireIndex":-1,
      "ConnectedWireSegmentIndex":-1,
      "Points":[{"x":0.0,"y":0.0},{"x":0.0,"y":0.0}]
    },
    {
      "SourcePinAddress":{
        "PinID":0,
        "PinOwnerID":1789582092
      },
      "TargetPinAddress":{
        "PinID":1626693077,
        "PinOwnerID":1877552914
      },
      "ConnectionType":0,
      "ConnectedWireIndex":-1,
      "ConnectedWireSegmentIndex":-1,
      "Points":[{"x":0.0,"y":0.0},{"x":0.0,"y":0.0}]
    },
    {
      "SourcePinAddress":{
        "PinID":0,
        "PinOwnerID":578469069
      },
      "TargetPinAddress":{
        "PinID":1607692823,
        "PinOwnerID":1877552914
      },
      "ConnectionType":0,
      "ConnectedWireIndex":-1,
      "ConnectedWireSegmentIndex":-1,
      "Points":[{"x":0.0,"y":0.0},{"x":0.0,"y":0.0}]
    },
    {
      "SourcePinAddress":{
        "PinID":1549202552,
        "PinOwnerID":1877552914
      },
      "TargetPinAddress":{
        "PinID":1507910218,
        "PinOwnerID":975088731
      },
      "ConnectionType":0,
      "ConnectedWireIndex":-1,
      "ConnectedWireSegmentIndex":-1,
      "Points":[{"x":0.0,"y":0.0},{"x":0.0,"y":0.0}]
    },
    {
      "SourcePinAddress":{
        "PinID":1939189055,
        "PinOwnerID":1877552914
      },
      "TargetPinAddress":{
        "PinID":2078715179,
        "PinOwnerID":975088731
      },
      "ConnectionType":0,
      "ConnectedWireIndex":-1,
      "ConnectedWireSegmentIndex":-1,
      "Points":[{"x":0.0,"y":0.0},{"x":0.0,"y":0.0}]
    },
    {
      "SourcePinAddress":{
        "PinID":671320201,
        "PinOwnerID":1877552914
      },
      "TargetPinAddress":{
        "PinID":1959852637,
        "PinOwnerID":975088731
      },
      "ConnectionType":0,
      "ConnectedWireIndex":-1,
      "ConnectedWireSegmentIndex":-1,
      "Points":[{"x":0.0,"y":0.0},{"x":0.0,"y":0.0}]
    },
    {
      "SourcePinAddress":{
        "PinID":1633454751,
        "PinOwnerID":1877552914
      },
      "TargetPinAddress":{
        "PinID":1450082488,
        "PinOwnerID":975088731
      },
      "ConnectionType":0,
      "ConnectedWireIndex":-1,
      "ConnectedWireSegmentIndex":-1,
      "Points":[{"x":0.0,"y":0.0},{"x":0.0,"y":0.0}]
    },
    {
      "SourcePinAddress":{
        "PinID":217171377,
        "PinOwnerID":1877552914
      },
      "TargetPinAddress":{
        "PinID":509407401,
        "PinOwnerID":975088731
      },
      "ConnectionType":0,
      "ConnectedWireIndex":-1,
      "ConnectedWireSegmentIndex":-1,
      "Points":[{"x":0.0,"y":0.0},{"x":0.0,"y":0.0}]
    },
    {
      "SourcePinAddress":{
        "PinID":1292733180,
        "PinOwnerID":1877552914
      },
      "TargetPinAddress":{
        "PinID":1608146643,
        "PinOwnerID":975088731
      },
      "ConnectionType":0,
      "ConnectedWireIndex":-1,
      "ConnectedWireSegmentIndex":-1,
      "Points":[{"x":0.0,"y":0.0},{"x":0.0,"y":0.0}]
    },
    {
      "SourcePinAddress":{
        "PinID":1677722339,
        "PinOwnerID":1877552914
      },
      "TargetPinAddress":{
        "PinID":1456840443,
        "PinOwnerID":975088731
      },
      "ConnectionType":0,
      "ConnectedWireIndex":-1,
      "ConnectedWireSegmentIndex":-1,
      "Points":[{"x":0.0,"y":0.0},{"x":0.0,"y":0.0}]
    },
    {
      "SourcePinAddress":{
        "PinID":755650844,
        "PinOwnerID":1877552914
      },
      "TargetPinAddress":{
        "PinID":678797741,
        "PinOwnerID":975088731
      },
      "ConnectionType":0,
      "ConnectedWireIndex":-1,
      "ConnectedWireSegmentIndex":-1,
      "Points":[{"x":0.0,"y":0.0},{"x":0.0,"y":0.0}]
    },
    {
      "SourcePinAddress":{
        "PinID":1461195777,
        "PinOwnerID":1784625045
      },
      "TargetPinAddress":{
        "PinID":1925713208,
        "PinOwnerID":975088731
      },
      "ConnectionType":0,
      "ConnectedWireIndex":-1,
      "ConnectedWireSegmentIndex":-1,
      "Points":[{"x":0.0,"y":0.0},{"x":0.0,"y":0.0}]
    },
    {
      "SourcePinAddress":{
        "PinID":1334574319,
        "PinOwnerID":1784625045
      },
      "TargetPinAddress":{
        "PinID":819698637,
        "PinOwnerID":975088731
      },
      "ConnectionType":0,
      "ConnectedWireIndex":-1,
      "ConnectedWireSegmentIndex":-1,
      "Points":[{"x":0.0,"y":0.0},{"x":0.0,"y":0.0}]
    },
    {
      "SourcePinAddress":{
        "PinID":521165017,
        "PinOwnerID":1784625045
      },
      "TargetPinAddress":{
        "PinID":672547226,
        "PinOwnerID":975088731
      },
      "ConnectionType":0,
      "ConnectedWireIndex":-1,
      "ConnectedWireSegmentIndex":-1,
      "Points":[{"x":0.0,"y":0.0},{"x":0.0,"y":0.0}]
    },
    {
      "SourcePinAddress":{
        "PinID":1619602463,
        "PinOwnerID":1784625045
      },
      "TargetPinAddress":{
        "PinID":693460423,
        "PinOwnerID":975088731
      },
      "ConnectionType":0,
      "ConnectedWireIndex":-1,
      "ConnectedWireSegmentIndex":-1,
      "Points":[{"x":0.0,"y":0.0},{"x":0.0,"y":0.0}]
    },
    {
      "SourcePinAddress":{
        "PinID":1810512127,
        "PinOwnerID":1784625045
      },
      "TargetPinAddress":{
        "PinID":1814874324,
        "PinOwnerID":975088731
      },
      "ConnectionType":0,
      "ConnectedWireIndex":-1,
      "ConnectedWireSegmentIndex":-1,
      "Points":[{"x":0.0,"y":0.0},{"x":0.0,"y":0.0}]
    },
    {
      "SourcePinAddress":{
        "PinID":1269685492,
        "PinOwnerID":1784625045
      },
      "TargetPinAddress":{
        "PinID":285850438,
        "PinOwnerID":975088731
      },
      "ConnectionType":0,
      "ConnectedWireIndex":-1,
      "ConnectedWireSegmentIndex":-1,
      "Points":[{"x":0.0,"y":0.0},{"x":0.0,"y":0.0}]
    },
    {
      "SourcePinAddress":{
        "PinID":1404679087,
        "PinOwnerID":1784625045
      },
      "TargetPinAddress":{
        "PinID":787627853,
        "PinOwnerID":975088731
      },
      "ConnectionType":0,
      "ConnectedWireIndex":-1,
      "ConnectedWireSegmentIndex":-1,
      "Points":[{"x":0.0,"y":0.0},{"x":0.0,"y":0.0}]
    },
    {
      "SourcePinAddress":{
        "PinID":2053488148,
        "PinOwnerID":1784625045
      },
      "TargetPinAddress":{
        "PinID":2013786966,
        "PinOwnerID":975088731
      },
      "ConnectionType":0,
      "ConnectedWireIndex":-1,
      "ConnectedWireSegmentIndex":-1,
      "Points":[{"x":0.0,"y":0.0},{"x":0.0,"y":0.0}]
    },
    {
      "SourcePinAddress":{
        "PinID":1951602119,
        "PinOwnerID":1175199843
      },
      "TargetPinAddress":{
        "PinID":1941262596,
        "PinOwnerID":1784625045
      },
      "ConnectionType":0,
      "ConnectedWireIndex":-1,
      "ConnectedWireSegmentIndex":-1,
      "Points":[{"x":0.0,"y":0.0},{"x":0.0,"y":0.0}]
    },
    {
      "SourcePinAddress":{
        "PinID":364881991,
        "PinOwnerID":1175199843
      },
      "TargetPinAddress":{
        "PinID":1873088904,
        "PinOwnerID":1784625045
      },
      "ConnectionType":0,
      "ConnectedWireIndex":-1,
      "ConnectedWireSegmentIndex":-1,
      "Points":[{"x":0.0,"y":0.0},{"x":0.0,"y":0.0}]
    },
    {
      "SourcePinAddress":{
        "PinID":1698688840,
        "PinOwnerID":1175199843
      },
      "TargetPinAddress":{
        "PinID":1454740927,
        "PinOwnerID":1784625045
      },
      "ConnectionType":0,
      "ConnectedWireIndex":-1,
      "ConnectedWireSegmentIndex":-1,
      "Points":[{"x":0.0,"y":0.0},{"x":0.0,"y":0.0}]
    },
    {
      "SourcePinAddress":{
        "PinID":280593424,
        "PinOwnerID":1175199843
      },
      "TargetPinAddress":{
        "PinID":555448914,
        "PinOwnerID":1784625045
      },
      "ConnectionType":0,
      "ConnectedWireIndex":-1,
      "ConnectedWireSegmentIndex":-1,
      "Points":[{"x":0.0,"y":0.0},{"x":0.0,"y":0.0}]
    },
    {
      "SourcePinAddress":{
        "PinID":1504772191,
        "PinOwnerID":1175199843
      },
      "TargetPinAddress":{
        "PinID":238001445,
        "PinOwnerID":1784625045
      },
      "ConnectionType":0,
      "ConnectedWireIndex":-1,
      "ConnectedWireSegmentIndex":-1,
      "Points":[{"x":0.0,"y":0.0},{"x":0.0,"y":0.0}]
    },
    {
      "SourcePinAddress":{
        "PinID":1539561904,
        "PinOwnerID":1175199843
      },
      "TargetPinAddress":{
        "PinID":764998301,
        "PinOwnerID":1784625045
      },
      "ConnectionType":0,
      "ConnectedWireIndex":-1,
      "ConnectedWireSegmentIndex":-1,
      "Points":[{"x":0.0,"y":0.0},{"x":0.0,"y":0.0}]
    },
    {
      "SourcePinAddress":{
        "PinID":1165616552,
        "PinOwnerID":1175199843
      },
      "TargetPinAddress":{
        "PinID":81988181,
        "PinOwnerID":1784625045
      },
      "ConnectionType":0,
      "ConnectedWireIndex":-1,
      "ConnectedWireSegmentIndex":-1,
      "Points":[{"x":0.0,"y":0.0},{"x":0.0,"y":0.0}]
    },
    {
      "SourcePinAddress":{
        "PinID":2118608516,
        "PinOwnerID":1175199843
      },
      "TargetPinAddress":{
        "PinID":98066049,
        "PinOwnerID":1784625045
      },
      "ConnectionType":0,
      "ConnectedWireIndex":-1,
      "ConnectedWireSegmentIndex":-1,
      "Points":[{"x":0.0,"y":0.0},{"x":0.0,"y":0.0}]
    },
    {
      "SourcePinAddress":{
        "PinID":1165613228,
        "PinOwnerID":2138767822
      },
      "TargetPinAddress":{
        "PinID":1222551488,
        "PinOwnerID":975088731
      },
      "ConnectionType":0,
      "ConnectedWireIndex":-1,
      "ConnectedWireSegmentIndex":-1,
      "Points":[{"x":0.0,"y":0.0},{"x":-7.6875,"y":-4.0},{"x":-7.6875,"y":-7.75},{"x":0.0,"y":0.0}]
    },
    {
      "SourcePinAddress":{
        "PinID":1963124496,
        "PinOwnerID":1717137894
      },
      "TargetPinAddress":{
        "PinID":1607692823,
        "PinOwnerID":1175199843
      },
      "ConnectionType":0,
      "ConnectedWireIndex":-1,
      "ConnectedWireSegmentIndex":-1,
      "Points":[{"x":0.0,"y":0.0},{"x":0.0,"y":0.0}]
    },
    {
      "SourcePinAddress":{
        "PinID":1260602676,
        "PinOwnerID":1717137894
      },
      "TargetPinAddress":{
        "PinID":1626693077,
        "PinOwnerID":1175199843
      },
      "ConnectionType":0,
      "ConnectedWireIndex":-1,
      "ConnectedWireSegmentIndex":-1,
      "Points":[{"x":0.0,"y":0.0},{"x":0.0,"y":0.0}]
    },
    {
      "SourcePinAddress":{
        "PinID":1096047971,
        "PinOwnerID":1717137894
      },
      "TargetPinAddress":{
        "PinID":1493307013,
        "PinOwnerID":1175199843
      },
      "ConnectionType":0,
      "ConnectedWireIndex":-1,
      "ConnectedWireSegmentIndex":-1,
      "Points":[{"x":0.0,"y":0.0},{"x":0.0,"y":0.0}]
    },
    {
      "SourcePinAddress":{
        "PinID":993873330,
        "PinOwnerID":1717137894
      },
      "TargetPinAddress":{
        "PinID":154529541,
        "PinOwnerID":1175199843
      },
      "ConnectionType":0,
      "ConnectedWireIndex":-1,
      "ConnectedWireSegmentIndex":-1,
      "Points":[{"x":0.0,"y":0.0},{"x":0.0,"y":0.0}]
    },
    {
      "SourcePinAddress":{
        "PinID":2117286045,
        "PinOwnerID":1717137894
      },
      "TargetPinAddress":{
        "PinID":794361416,
        "PinOwnerID":1175199843
      },
      "ConnectionType":0,
      "ConnectedWireIndex":-1,
      "ConnectedWireSegmentIndex":-1,
      "Points":[{"x":0.0,"y":0.0},{"x":0.0,"y":0.0}]
    },
    {
      "SourcePinAddress":{
        "PinID":407349900,
        "PinOwnerID":1717137894
      },
      "TargetPinAddress":{
        "PinID":2033284534,
        "PinOwnerID":1175199843
      },
      "ConnectionType":0,
      "ConnectedWireIndex":-1,
      "ConnectedWireSegmentIndex":-1,
      "Points":[{"x":0.0,"y":0.0},{"x":0.0,"y":0.0}]
    },
    {
      "SourcePinAddress":{
        "PinID":1831878209,
        "PinOwnerID":1717137894
      },
      "TargetPinAddress":{
        "PinID":1334089753,
        "PinOwnerID":1175199843
      },
      "ConnectionType":0,
      "ConnectedWireIndex":-1,
      "ConnectedWireSegmentIndex":-1,
      "Points":[{"x":0.0,"y":0.0},{"x":0.0,"y":0.0}]
    },
    {
      "SourcePinAddress":{
        "PinID":1302921031,
        "PinOwnerID":1717137894
      },
      "TargetPinAddress":{
        "PinID":111186874,
        "PinOwnerID":1175199843
      },
      "ConnectionType":0,
      "ConnectedWireIndex":-1,
      "ConnectedWireSegmentIndex":-1,
      "Points":[{"x":0.0,"y":0.0},{"x":0.0,"y":0.0}]
    },
    {
      "SourcePinAddress":{
        "PinID":458105090,
        "PinOwnerID":975088731
      },
      "TargetPinAddress":{
        "PinID":856333968,
        "PinOwnerID":1717137894
      },
      "ConnectionType":0,
      "ConnectedWireIndex":-1,
      "ConnectedWireSegmentIndex":-1,
      "Points":[{"x":0.0,"y":0.0},{"x":0.5625,"y":-7.625},{"x":0.5625,"y":2.4375},{"x":-9.375,"y":2.5},{"x":-9.375,"y":-2.625},{"x":0.0,"y":0.0}]
    },
    {
      "SourcePinAddress":{
        "PinID":789452553,
        "PinOwnerID":975088731
      },
      "TargetPinAddress":{
        "PinID":342314916,
        "PinOwnerID":1717137894
      },
      "ConnectionType":0,
      "ConnectedWireIndex":-1,
      "ConnectedWireSegmentIndex":-1,
      "Points":[{"x":0.0,"y":0.0},{"x":0.5,"y":-6.3125},{"x":0.5,"y":2.375},{"x":-9.3125,"y":2.4375},{"x":-9.3125,"y":-2.0625},{"x":0.0,"y":0.0}]
    },
    {
      "SourcePinAddress":{
        "PinID":300404644,
        "PinOwnerID":975088731
      },
      "TargetPinAddress":{
        "PinID":1768079843,
        "PinOwnerID":1717137894
      },
      "ConnectionType":0,
      "ConnectedWireIndex":-1,
      "ConnectedWireSegmentIndex":-1,
      "Points":[{"x":0.0,"y":0.0},{"x":0.4375,"y":-5.0},{"x":0.4375,"y":2.3125},{"x":-9.25,"y":2.375},{"x":-9.25,"y":-1.5625},{"x":0.0,"y":0.0}]
    },
    {
      "SourcePinAddress":{
        "PinID":1095320803,
        "PinOwnerID":975088731
      },
      "TargetPinAddress":{
        "PinID":441953979,
        "PinOwnerID":1717137894
      },
      "ConnectionType":0,
      "ConnectedWireIndex":-1,
      "ConnectedWireSegmentIndex":-1,
      "Points":[{"x":0.0,"y":0.0},{"x":0.375,"y":-3.6875},{"x":0.375,"y":2.25},{"x":-9.1875,"y":2.3125},{"x":-9.1875,"y":-1.0},{"x":0.0,"y":0.0}]
    },
    {
      "SourcePinAddress":{
        "PinID":444608727,
        "PinOwnerID":975088731
      },
      "TargetPinAddress":{
        "PinID":202493615,
        "PinOwnerID":1717137894
      },
      "ConnectionType":0,
      "ConnectedWireIndex":-1,
      "ConnectedWireSegmentIndex":-1,
      "Points":[{"x":0.0,"y":0.0},{"x":0.3125,"y":-2.375},{"x":0.3125,"y":2.1875},{"x":-9.125,"y":2.25},{"x":-9.125,"y":-0.4375},{"x":0.0,"y":0.0}]
    },
    {
      "SourcePinAddress":{
        "PinID":453381083,
        "PinOwnerID":975088731
      },
      "TargetPinAddress":{
        "PinID":903705138,
        "PinOwnerID":1717137894
      },
      "ConnectionType":0,
      "ConnectedWireIndex":-1,
      "ConnectedWireSegmentIndex":-1,
      "Points":[{"x":0.0,"y":0.0},{"x":0.25,"y":-1.125},{"x":0.25,"y":2.125},{"x":-9.0625,"y":2.1875},{"x":-9.0625,"y":0.0625},{"x":0.0,"y":0.0}]
    },
    {
      "SourcePinAddress":{
        "PinID":640546091,
        "PinOwnerID":975088731
      },
      "TargetPinAddress":{
        "PinID":656481688,
        "PinOwnerID":1717137894
      },
      "ConnectionType":0,
      "ConnectedWireIndex":-1,
      "ConnectedWireSegmentIndex":-1,
      "Points":[{"x":0.0,"y":0.0},{"x":0.1875,"y":0.1875},{"x":0.1875,"y":2.0625},{"x":-9.0,"y":2.125},{"x":-9.0,"y":0.625},{"x":0.0,"y":0.0}]
    },
    {
      "SourcePinAddress":{
        "PinID":1243424859,
        "PinOwnerID":975088731
      },
      "TargetPinAddress":{
        "PinID":1556799872,
        "PinOwnerID":1717137894
      },
      "ConnectionType":0,
      "ConnectedWireIndex":-1,
      "ConnectedWireSegmentIndex":-1,
      "Points":[{"x":0.0,"y":0.0},{"x":0.125,"y":1.5},{"x":0.125,"y":2.0},{"x":-8.9375,"y":2.0625},{"x":-8.9375,"y":1.125},{"x":0.0,"y":0.0}]
    },
    {
      "SourcePinAddress":{
        "PinID":1564466903,
        "PinOwnerID":1717137894
      },
      "TargetPinAddress":{
        "PinID":77774206,
        "PinOwnerID":1449029716
      },
      "ConnectionType":0,
      "ConnectedWireIndex":-1,
      "ConnectedWireSegmentIndex":-1,
      "Points":[{"x":0.0,"y":0.0},{"x":-7.4375,"y":-2.75},{"x":-7.4375,"y":-2.9375},{"x":-9.3125,"y":-2.9375},{"x":-9.3125,"y":-3.8125},{"x":0.0,"y":0.0}]
    },
    {
      "SourcePinAddress":{
        "PinID":0,
        "PinOwnerID":1449039593
      },
      "TargetPinAddress":{
        "PinID":1190534317,
        "PinOwnerID":1449029716
      },
      "ConnectionType":0,
      "ConnectedWireIndex":-1,
      "ConnectedWireSegmentIndex":-1,
      "Points":[{"x":0.0,"y":0.0},{"x":-9.1875,"y":-4.1875},{"x":0.0,"y":0.0}]
    },
    {
      "SourcePinAddress":{
        "PinID":0,
        "PinOwnerID":1449039593
      },
      "TargetPinAddress":{
        "PinID":1012375142,
        "PinOwnerID":953888679
      },
      "ConnectionType":1,
      "ConnectedWireIndex":51,
      "ConnectedWireSegmentIndex":0,
      "Points":[{"x":-9.1875,"y":-4.1875},{"x":-9.1875,"y":-3.75},{"x":-10.375,"y":-3.75},{"x":-10.375,"y":-3.375},{"x":0.0,"y":0.0}]
    },
    {
      "SourcePinAddress":{
        "PinID":84425304,
        "PinOwnerID":953888679
      },
      "TargetPinAddress":{
        "PinID":2126939961,
        "PinOwnerID":1784625045
      },
      "ConnectionType":0,
      "ConnectedWireIndex":-1,
      "ConnectedWireSegmentIndex":-1,
      "Points":[{"x":0.0,"y":0.0},{"x":-9.1875,"y":-3.375},{"x":-9.1875,"y":-3.625},{"x":-7.75,"y":-3.625},{"x":-7.75,"y":-3.0},{"x":-7.375,"y":-3.0},{"x":-7.375,"y":-2.75},{"x":0.0,"y":0.0}]
    },
    {
      "SourcePinAddress":{
        "PinID":1866451594,
        "PinOwnerID":1787343898
      },
      "TargetPinAddress":{
        "PinID":70153538,
        "PinOwnerID":2138767822
      },
      "ConnectionType":0,
      "ConnectedWireIndex":-1,
      "ConnectedWireSegmentIndex":-1,
      "Points":[{"x":0.0,"y":0.0},{"x":-7.6875,"y":-3.125},{"x":-7.6875,"y":-4.25},{"x":-9.125,"y":-4.25},{"x":-9.125,"y":-4.4375},{"x":0.0,"y":0.0}]
    },
    {
      "SourcePinAddress":{
        "PinID":0,
        "PinOwnerID":2090543644
      },
      "TargetPinAddress":{
        "PinID":2125488288,
        "PinOwnerID":1877552914
      },
      "ConnectionType":0,
      "ConnectedWireIndex":-1,
      "ConnectedWireSegmentIndex":-1,
      "Points":[{"x":0.0,"y":0.0},{"x":-9.125,"y":-7.4375},{"x":0.0,"y":0.0}]
    },
    {
      "SourcePinAddress":{
        "PinID":1866451594,
        "PinOwnerID":1449029716
      },
      "TargetPinAddress":{
        "PinID":77774206,
        "PinOwnerID":1787343898
      },
      "ConnectionType":0,
      "ConnectedWireIndex":-1,
      "ConnectedWireSegmentIndex":-1,
      "Points":[{"x":0.0,"y":0.0},{"x":-7.625,"y":-3.8125},{"x":-7.625,"y":-3.5625},{"x":-9.25,"y":-3.5625},{"x":-9.25,"y":-3.125},{"x":0.0,"y":0.0}]
    },
    {
      "SourcePinAddress":{
        "PinID":0,
        "PinOwnerID":1755088441
      },
      "TargetPinAddress":{
        "PinID":1891478222,
        "PinOwnerID":2138767822
      },
      "ConnectionType":0,
      "ConnectedWireIndex":-1,
      "ConnectedWireSegmentIndex":-1,
      "Points":[{"x":0.0,"y":0.0},{"x":0.0,"y":0.0}]
    },
    {
      "SourcePinAddress":{
        "PinID":84425304,
        "PinOwnerID":953888679
      },
      "TargetPinAddress":{
        "PinID":1190534317,
        "PinOwnerID":1787343898
      },
      "ConnectionType":0,
      "ConnectedWireIndex":-1,
      "ConnectedWireSegmentIndex":-1,
      "Points":[{"x":0.0,"y":0.0},{"x":0.0,"y":0.0}]
    }
  ],
  "Displays": null
}