{
  "DLSVersion": "2.1.6",
  "Name": "Game,enable",
  "NameLocation": 0,
  "ChipType": 0,
  "Size": {
    "x": 1.775,
    "y": 4.25
  },
  "Colour": {
    "r": 0.521546364,
    "g": 0.08514882,
    "b": 0.0468629673,
    "a": 1
  },
  "InputPins":[
    {
      "Name":"IN",
      "ID":98066049,
      "Position":{
        "x":-19.875,
        "y":-0.9375
      },
      "BitCount":8,
      "Colour":0,
      "ValueDisplayMode":0
    },
    {
      "Name":"IN",
      "ID":81988181,
      "Position":{
        "x":-19.875,
        "y":-1.75
      },
      "BitCount":8,
      "Colour":0,
      "ValueDisplayMode":0
    },
    {
      "Name":"IN",
      "ID":764998301,
      "Position":{
        "x":-19.875,
        "y":-2.5625
      },
      "BitCount":8,
      "Colour":0,
      "ValueDisplayMode":0
    },
    {
      "Name":"IN",
      "ID":238001445,
      "Position":{
        "x":-19.875,
        "y":-3.375
      },
      "BitCount":8,
      "Colour":0,
      "ValueDisplayMode":0
    },
    {
      "Name":"IN",
      "ID":555448914,
      "Position":{
        "x":-19.875,
        "y":-4.1875
      },
      "BitCount":8,
      "Colour":0,
      "ValueDisplayMode":0
    },
    {
      "Name":"IN",
      "ID":1454740927,
      "Position":{
        "x":-19.875,
        "y":-5.0
      },
      "BitCount":8,
      "Colour":0,
      "ValueDisplayMode":0
    },
    {
      "Name":"IN",
      "ID":1873088904,
      "Position":{
        "x":-19.875,
        "y":-5.8125
      },
      "BitCount":8,
      "Colour":0,
      "ValueDisplayMode":0
    },
    {
      "Name":"IN",
      "ID":1941262596,
      "Position":{
        "x":-19.875,
        "y":-6.625
      },
      "BitCount":8,
      "Colour":0,
      "ValueDisplayMode":0
    },
    {
      "Name":"IN",
      "ID":2126939961,
      "Position":{
        "x":-19.875,
        "y":-7.1875
      },
      "BitCount":1,
      "Colour":4,
      "ValueDisplayMode":0
    }
  ],
  "OutputPins":[
    {
      "Name":"OUT",
      "ID":2053488148,
      "Position":{
        "x":-4.0,
        "y":-1.0625
      },
      "BitCount":8,
      "Colour":0,
      "ValueDisplayMode":0
    },
    {
      "Name":"OUT",
      "ID":1404679087,
      "Position":{
        "x":-4.0,
        "y":-1.875
      },
      "BitCount":8,
      "Colour":0,
      "ValueDisplayMode":0
    },
    {
      "Name":"OUT",
      "ID":1269685492,
      "Position":{
        "x":-4.0,
        "y":-2.6875
      },
      "BitCount":8,
      "Colour":0,
      "ValueDisplayMode":0
    },
    {
      "Name":"OUT",
      "ID":1810512127,
      "Position":{
        "x":-4.0,
        "y":-3.5
      },
      "BitCount":8,
      "Colour":0,
      "ValueDisplayMode":0
    },
    {
      "Name":"OUT",
      "ID":1619602463,
      "Position":{
        "x":-4.0,
        "y":-4.3125
      },
      "BitCount":8,
      "Colour":0,
      "ValueDisplayMode":0
    },
    {
      "Name":"OUT",
      "ID":521165017,
      "Position":{
        "x":-4.0,
        "y":-5.125
      },
      "BitCount":8,
      "Colour":0,
      "ValueDisplayMode":0
    },
    {
      "Name":"OUT",
      "ID":1334574319,
      "Position":{
        "x":-4.0,
        "y":-5.9375
      },
      "BitCount":8,
      "Colour":0,
      "ValueDisplayMode":0
    },
    {
      "Name":"OUT",
      "ID":1461195777,
      "Position":{
        "x":-4.0,
        "y":-6.75
      },
      "BitCount":8,
      "Colour":0,
      "ValueDisplayMode":0
    }
  ],
  "SubChips":[
    {
      "Name":"Game Logic",
      "ID":806393154,
      "Label":"",
      "Position":{
        "x":-11.89,
        "y":-3.9375
      },
      "OutputPinColourInfo":[{"PinColour":0,"PinID":140158243},{"PinColour":0,"PinID":1372564969},{"PinColour":0,"PinID":1358550626},{"PinColour":0,"PinID":708537908},{"PinColour":0,"PinID":724647361},{"PinColour":0,"PinID":640571322},{"PinColour":0,"PinID":955333012},{"PinColour":0,"PinID":792544413}],
      "InternalData":null
    },
    {
      "Name":"DFF,8Bit",
      "ID":1358363474,
      "Label":"",
      "Position":{
        "x":-17.2025,
        "y":-1.0625
      },
      "OutputPinColourInfo":[{"PinColour":0,"PinID":153081805}],
      "InternalData":null
    },
    {
      "Name":"DFF,8Bit",
      "ID":1324557730,
      "Label":"",
      "Position":{
        "x":-17.2025,
        "y":-1.875
      },
      "OutputPinColourInfo":[{"PinColour":0,"PinID":153081805}],
      "InternalData":null
    },
    {
      "Name":"DFF,8Bit",
      "ID":1706813782,
      "Label":"",
      "Position":{
        "x":-17.2025,
        "y":-2.6875
      },
      "OutputPinColourInfo":[{"PinColour":0,"PinID":153081805}],
      "InternalData":null
    },
    {
      "Name":"DFF,8Bit",
      "ID":284672678,
      "Label":"",
      "Position":{
        "x":-17.2025,
        "y":-3.5
      },
      "OutputPinColourInfo":[{"PinColour":0,"PinID":153081805}],
      "InternalData":null
    },
    {
      "Name":"DFF,8Bit",
      "ID":1895742334,
      "Label":"",
      "Position":{
        "x":-17.2025,
        "y":-4.3125
      },
      "OutputPinColourInfo":[{"PinColour":0,"PinID":153081805}],
      "InternalData":null
    },
    {
      "Name":"DFF,8Bit",
      "ID":199091501,
      "Label":"",
      "Position":{
        "x":-17.2025,
        "y":-5.125
      },
      "OutputPinColourInfo":[{"PinColour":0,"PinID":153081805}],
      "InternalData":null
    },
    {
      "Name":"DFF,8Bit",
      "ID":357960104,
      "Label":"",
      "Position":{
        "x":-17.2025,
        "y":-5.9375
      },
      "OutputPinColourInfo":[{"PinColour":0,"PinID":153081805}],
      "InternalData":null
    },
    {
      "Name":"DFF,8Bit",
      "ID":2008527892,
      "Label":"",
      "Position":{
        "x":-17.2025,
        "y":-6.75
      },
      "OutputPinColourInfo":[{"PinColour":0,"PinID":153081805}],
      "InternalData":null
    },
    {
      "Name":"DFF,8Bit",
      "ID":1888733527,
      "Label":"",
      "Position":{
        "x":-6.0775,
        "y":-1.0625
      },
      "OutputPinColourInfo":[{"PinColour":0,"PinID":153081805}],
      "InternalData":null
    },
    {
      "Name":"DFF,8Bit",
      "ID":1964030501,
      "Label":"",
      "Position":{
        "x":-6.0775,
        "y":-1.875
      },
      "OutputPinColourInfo":[{"PinColour":0,"PinID":153081805}],
      "InternalData":null
    },
    {
      "Name":"DFF,8Bit",
      "ID":1995499218,
      "Label":"",
      "Position":{
        "x":-6.0775,
        "y":-2.6875
      },
      "OutputPinColourInfo":[{"PinColour":0,"PinID":153081805}],
      "InternalData":null
    },
    {
      "Name":"DFF,8Bit",
      "ID":2077964889,
      "Label":"",
      "Position":{
        "x":-6.0775,
        "y":-3.5
      },
      "OutputPinColourInfo":[{"PinColour":0,"PinID":153081805}],
      "InternalData":null
    },
    {
      "Name":"DFF,8Bit",
      "ID":1991056007,
      "Label":"",
      "Position":{
        "x":-6.0775,
        "y":-4.3125
      },
      "OutputPinColourInfo":[{"PinColour":0,"PinID":153081805}],
      "InternalData":null
    },
    {
      "Name":"DFF,8Bit",
      "ID":217417268,
      "Label":"",
      "Position":{
        "x":-6.0775,
        "y":-5.125
      },
      "OutputPinColourInfo":[{"PinColour":0,"PinID":153081805}],
      "InternalData":null
    },
    {
      "Name":"DFF,8Bit",
      "ID":1294656183,
      "Label":"",
      "Position":{
        "x":-6.0775,
        "y":-5.9375
      },
      "OutputPinColourInfo":[{"PinColour":0,"PinID":153081805}],
      "InternalData":null
    },
    {
      "Name":"DFF,8Bit",
      "ID":1203055406,
      "Label":"",
      "Position":{
        "x":-6.0775,
        "y":-6.75
      },
      "OutputPinColourInfo":[{"PinColour":0,"PinID":153081805}],
      "InternalData":null
    },
    {
      "Name":"NOT",
      "ID":488462808,
      "Label":"",
      "Position":{
        "x":-9.0775,
        "y":-6.1875
      },
      "OutputPinColourInfo":[{"PinColour":4,"PinID":84425304}],
      "InternalData":null
    }
  ],
  "Wires":[
    {
      "SourcePinAddress":{
        "PinID":153081805,
        "PinOwnerID":284672678
      },
      "TargetPinAddress":{
        "PinID":794361416,
        "PinOwnerID":806393154
      },
      "ConnectionType":0,
      "ConnectedWireIndex":-1,
      "ConnectedWireSegmentIndex":-1,
      "Points":[{"x":0.0,"y":0.0},{"x":-16.3125,"y":-3.5},{"x":-16.0625,"y":-3.6875},{"x":0.0,"y":0.0}]
    },
    {
      "SourcePinAddress":{
        "PinID":153081805,
        "PinOwnerID":1895742334
      },
      "TargetPinAddress":{
        "PinID":154529541,
        "PinOwnerID":806393154
      },
      "ConnectionType":0,
      "ConnectedWireIndex":-1,
      "ConnectedWireSegmentIndex":-1,
      "Points":[{"x":0.0,"y":0.0},{"x":-16.3125,"y":-4.3125},{"x":-16.125,"y":-4.1875},{"x":0.0,"y":0.0}]
    },
    {
      "SourcePinAddress":{
        "PinID":153081805,
        "PinOwnerID":1706813782
      },
      "TargetPinAddress":{
        "PinID":2033284534,
        "PinOwnerID":806393154
      },
      "ConnectionType":0,
      "ConnectedWireIndex":-1,
      "ConnectedWireSegmentIndex":-1,
      "Points":[{"x":0.0,"y":0.0},{"x":-16.3125,"y":-2.6875},{"x":-15.875,"y":-3.1875},{"x":0.0,"y":0.0}]
    },
    {
      "SourcePinAddress":{
        "PinID":153081805,
        "PinOwnerID":1324557730
      },
      "TargetPinAddress":{
        "PinID":1334089753,
        "PinOwnerID":806393154
      },
      "ConnectionType":0,
      "ConnectedWireIndex":-1,
      "ConnectedWireSegmentIndex":-1,
      "Points":[{"x":0.0,"y":0.0},{"x":-16.25,"y":-1.875},{"x":-15.5625,"y":-2.6875},{"x":0.0,"y":0.0}]
    },
    {
      "SourcePinAddress":{
        "PinID":153081805,
        "PinOwnerID":1358363474
      },
      "TargetPinAddress":{
        "PinID":111186874,
        "PinOwnerID":806393154
      },
      "ConnectionType":0,
      "ConnectedWireIndex":-1,
      "ConnectedWireSegmentIndex":-1,
      "Points":[{"x":0.0,"y":0.0},{"x":-16.25,"y":-1.0625},{"x":-15.3125,"y":-2.1875},{"x":-13.5625,"y":-2.1875},{"x":0.0,"y":0.0}]
    },
    {
      "SourcePinAddress":{
        "PinID":153081805,
        "PinOwnerID":199091501
      },
      "TargetPinAddress":{
        "PinID":1493307013,
        "PinOwnerID":806393154
      },
      "ConnectionType":0,
      "ConnectedWireIndex":-1,
      "ConnectedWireSegmentIndex":-1,
      "Points":[{"x":0.0,"y":0.0},{"x":-16.3125,"y":-5.125},{"x":-15.875,"y":-4.6875},{"x":0.0,"y":0.0}]
    },
    {
      "SourcePinAddress":{
        "PinID":153081805,
        "PinOwnerID":357960104
      },
      "TargetPinAddress":{
        "PinID":1626693077,
        "PinOwnerID":806393154
      },
      "ConnectionType":0,
      "ConnectedWireIndex":-1,
      "ConnectedWireSegmentIndex":-1,
      "Points":[{"x":0.0,"y":0.0},{"x":-16.25,"y":-5.9375},{"x":-15.625,"y":-5.1875},{"x":0.0,"y":0.0}]
    },
    {
      "SourcePinAddress":{
        "PinID":153081805,
        "PinOwnerID":2008527892
      },
      "TargetPinAddress":{
        "PinID":1607692823,
        "PinOwnerID":806393154
      },
      "ConnectionType":0,
      "ConnectedWireIndex":-1,
      "ConnectedWireSegmentIndex":-1,
      "Points":[{"x":0.0,"y":0.0},{"x":-16.1875,"y":-6.75},{"x":-15.375,"y":-5.6875},{"x":0.0,"y":0.0}]
    },
    {
      "SourcePinAddress":{
        "PinID":84425304,
        "PinOwnerID":488462808
      },
      "TargetPinAddress":{
        "PinID":497955897,
        "PinOwnerID":1888733527
      },
      "ConnectionType":0,
      "ConnectedWireIndex":-1,
      "ConnectedWireSegmentIndex":-1,
      "Points":[{"x":0.0,"y":0.0},{"x":-7.0,"y":-6.1875},{"x":-7.0,"y":-1.3125},{"x":0.0,"y":0.0}]
    },
    {
      "SourcePinAddress":{
        "PinID":84425304,
        "PinOwnerID":488462808
      },
      "TargetPinAddress":{
        "PinID":497955897,
        "PinOwnerID":1964030501
      },
      "ConnectionType":1,
      "ConnectedWireIndex":8,
      "ConnectedWireSegmentIndex":1,
      "Points":[{"x":-7.0,"y":-2.125},{"x":0.0,"y":0.0}]
    },
    {
      "SourcePinAddress":{
        "PinID":84425304,
        "PinOwnerID":488462808
      },
      "TargetPinAddress":{
        "PinID":497955897,
        "PinOwnerID":1995499218
      },
      "ConnectionType":1,
      "ConnectedWireIndex":8,
      "ConnectedWireSegmentIndex":1,
      "Points":[{"x":-7.0,"y":-2.9375},{"x":0.0,"y":0.0}]
    },
    {
      "SourcePinAddress":{
        "PinID":84425304,
        "PinOwnerID":488462808
      },
      "TargetPinAddress":{
        "PinID":497955897,
        "PinOwnerID":2077964889
      },
      "ConnectionType":1,
      "ConnectedWireIndex":8,
      "ConnectedWireSegmentIndex":1,
      "Points":[{"x":-7.0,"y":-3.75},{"x":0.0,"y":0.0}]
    },
    {
      "SourcePinAddress":{
        "PinID":84425304,
        "PinOwnerID":488462808
      },
      "TargetPinAddress":{
        "PinID":497955897,
        "PinOwnerID":1991056007
      },
      "ConnectionType":1,
      "ConnectedWireIndex":8,
      "ConnectedWireSegmentIndex":1,
      "Points":[{"x":-7.0,"y":-4.5625},{"x":0.0,"y":0.0}]
    },
    {
      "SourcePinAddress":{
        "PinID":84425304,
        "PinOwnerID":488462808
      },
      "TargetPinAddress":{
        "PinID":497955897,
        "PinOwnerID":217417268
      },
      "ConnectionType":1,
      "ConnectedWireIndex":8,
      "ConnectedWireSegmentIndex":1,
      "Points":[{"x":-7.0,"y":-5.375},{"x":0.0,"y":0.0}]
    },
    {
      "SourcePinAddress":{
        "PinID":84425304,
        "PinOwnerID":488462808
      },
      "TargetPinAddress":{
        "PinID":497955897,
        "PinOwnerID":1294656183
      },
      "ConnectionType":1,
      "ConnectedWireIndex":8,
      "ConnectedWireSegmentIndex":1,
      "Points":[{"x":-7.0,"y":-6.1875},{"x":0.0,"y":0.0}]
    },
    {
      "SourcePinAddress":{
        "PinID":84425304,
        "PinOwnerID":488462808
      },
      "TargetPinAddress":{
        "PinID":497955897,
        "PinOwnerID":1203055406
      },
      "ConnectionType":1,
      "ConnectedWireIndex":8,
      "ConnectedWireSegmentIndex":0,
      "Points":[{"x":-7.0,"y":-6.1875},{"x":-7.0,"y":-7.0},{"x":0.0,"y":0.0}]
    },
    {
      "SourcePinAddress":{
        "PinID":792544413,
        "PinOwnerID":806393154
      },
      "TargetPinAddress":{
        "PinID":90397391,
        "PinOwnerID":1203055406
      },
      "ConnectionType":0,
      "ConnectedWireIndex":-1,
      "ConnectedWireSegmentIndex":-1,
      "Points":[{"x":0.0,"y":0.0},{"x":-8.0,"y":-5.6875},{"x":-7.625,"y":-6.625},{"x":0.0,"y":0.0}]
    },
    {
      "SourcePinAddress":{
        "PinID":955333012,
        "PinOwnerID":806393154
      },
      "TargetPinAddress":{
        "PinID":90397391,
        "PinOwnerID":1294656183
      },
      "ConnectionType":0,
      "ConnectedWireIndex":-1,
      "ConnectedWireSegmentIndex":-1,
      "Points":[{"x":0.0,"y":0.0},{"x":-7.6875,"y":-5.1875},{"x":-7.4375,"y":-5.8125},{"x":0.0,"y":0.0}]
    },
    {
      "SourcePinAddress":{
        "PinID":640571322,
        "PinOwnerID":806393154
      },
      "TargetPinAddress":{
        "PinID":90397391,
        "PinOwnerID":217417268
      },
      "ConnectionType":0,
      "ConnectedWireIndex":-1,
      "ConnectedWireSegmentIndex":-1,
      "Points":[{"x":0.0,"y":0.0},{"x":-7.375,"y":-4.6875},{"x":-7.25,"y":-5.0},{"x":0.0,"y":0.0}]
    },
    {
      "SourcePinAddress":{
        "PinID":724647361,
        "PinOwnerID":806393154
      },
      "TargetPinAddress":{
        "PinID":90397391,
        "PinOwnerID":1991056007
      },
      "ConnectionType":0,
      "ConnectedWireIndex":-1,
      "ConnectedWireSegmentIndex":-1,
      "Points":[{"x":0.0,"y":0.0},{"x":0.0,"y":0.0}]
    },
    {
      "SourcePinAddress":{
        "PinID":708537908,
        "PinOwnerID":806393154
      },
      "TargetPinAddress":{
        "PinID":90397391,
        "PinOwnerID":2077964889
      },
      "ConnectionType":0,
      "ConnectedWireIndex":-1,
      "ConnectedWireSegmentIndex":-1,
      "Points":[{"x":0.0,"y":0.0},{"x":-7.4375,"y":-3.6875},{"x":-7.3125,"y":-3.375},{"x":0.0,"y":0.0}]
    },
    {
      "SourcePinAddress":{
        "PinID":1358550626,
        "PinOwnerID":806393154
      },
      "TargetPinAddress":{
        "PinID":90397391,
        "PinOwnerID":1995499218
      },
      "ConnectionType":0,
      "ConnectedWireIndex":-1,
      "ConnectedWireSegmentIndex":-1,
      "Points":[{"x":0.0,"y":0.0},{"x":-7.75,"y":-3.1875},{"x":-7.5,"y":-2.5625},{"x":0.0,"y":0.0}]
    },
    {
      "SourcePinAddress":{
        "PinID":1372564969,
        "PinOwnerID":806393154
      },
      "TargetPinAddress":{
        "PinID":90397391,
        "PinOwnerID":1964030501
      },
      "ConnectionType":0,
      "ConnectedWireIndex":-1,
      "ConnectedWireSegmentIndex":-1,
      "Points":[{"x":0.0,"y":0.0},{"x":-8.0625,"y":-2.6875},{"x":-7.6875,"y":-1.75},{"x":0.0,"y":0.0}]
    },
    {
      "SourcePinAddress":{
        "PinID":140158243,
        "PinOwnerID":806393154
      },
      "TargetPinAddress":{
        "PinID":90397391,
        "PinOwnerID":1888733527
      },
      "ConnectionType":0,
      "ConnectedWireIndex":-1,
      "ConnectedWireSegmentIndex":-1,
      "Points":[{"x":0.0,"y":0.0},{"x":-8.375,"y":-2.1875},{"x":-7.875,"y":-0.9375},{"x":0.0,"y":0.0}]
    },
    {
      "SourcePinAddress":{
        "PinID":0,
        "PinOwnerID":2126939961
      },
      "TargetPinAddress":{
        "PinID":1012375142,
        "PinOwnerID":488462808
      },
      "ConnectionType":0,
      "ConnectedWireIndex":-1,
      "ConnectedWireSegmentIndex":-1,
      "Points":[{"x":0.0,"y":0.0},{"x":-16.125,"y":-7.1875},{"x":-15.3125,"y":-6.1875},{"x":0.0,"y":0.0}]
    },
    {
      "SourcePinAddress":{
        "PinID":0,
        "PinOwnerID":2126939961
      },
      "TargetPinAddress":{
        "PinID":497955897,
        "PinOwnerID":1358363474
      },
      "ConnectionType":1,
      "ConnectedWireIndex":24,
      "ConnectedWireSegmentIndex":0,
      "Points":[{"x":-18.1875,"y":-7.1875},{"x":-18.1875,"y":-1.3125},{"x":0.0,"y":0.0}]
    },
    {
      "SourcePinAddress":{
        "PinID":0,
        "PinOwnerID":2126939961
      },
      "TargetPinAddress":{
        "PinID":497955897,
        "PinOwnerID":1324557730
      },
      "ConnectionType":1,
      "ConnectedWireIndex":25,
      "ConnectedWireSegmentIndex":0,
      "Points":[{"x":-18.1875,"y":-2.125},{"x":0.0,"y":0.0}]
    },
    {
      "SourcePinAddress":{
        "PinID":0,
        "PinOwnerID":2126939961
      },
      "TargetPinAddress":{
        "PinID":497955897,
        "PinOwnerID":1706813782
      },
      "ConnectionType":1,
      "ConnectedWireIndex":25,
      "ConnectedWireSegmentIndex":0,
      "Points":[{"x":-18.1875,"y":-2.9375},{"x":0.0,"y":0.0}]
    },
    {
      "SourcePinAddress":{
        "PinID":0,
        "PinOwnerID":2126939961
      },
      "TargetPinAddress":{
        "PinID":497955897,
        "PinOwnerID":284672678
      },
      "ConnectionType":1,
      "ConnectedWireIndex":25,
      "ConnectedWireSegmentIndex":0,
      "Points":[{"x":-18.1875,"y":-3.75},{"x":0.0,"y":0.0}]
    },
    {
      "SourcePinAddress":{
        "PinID":0,
        "PinOwnerID":2126939961
      },
      "TargetPinAddress":{
        "PinID":497955897,
        "PinOwnerID":1895742334
      },
      "ConnectionType":1,
      "ConnectedWireIndex":25,
      "ConnectedWireSegmentIndex":0,
      "Points":[{"x":-18.1875,"y":-4.5625},{"x":0.0,"y":0.0}]
    },
    {
      "SourcePinAddress":{
        "PinID":0,
        "PinOwnerID":2126939961
      },
      "TargetPinAddress":{
        "PinID":497955897,
        "PinOwnerID":199091501
      },
      "ConnectionType":1,
      "ConnectedWireIndex":25,
      "ConnectedWireSegmentIndex":0,
      "Points":[{"x":-18.1875,"y":-5.375},{"x":0.0,"y":0.0}]
    },
    {
      "SourcePinAddress":{
        "PinID":0,
        "PinOwnerID":2126939961
      },
      "TargetPinAddress":{
        "PinID":497955897,
        "PinOwnerID":357960104
      },
      "ConnectionType":1,
      "ConnectedWireIndex":25,
      "ConnectedWireSegmentIndex":0,
      "Points":[{"x":-18.1875,"y":-6.1875},{"x":0.0,"y":0.0}]
    },
    {
      "SourcePinAddress":{
        "PinID":0,
        "PinOwnerID":2126939961
      },
      "TargetPinAddress":{
        "PinID":497955897,
        "PinOwnerID":2008527892
      },
      "ConnectionType":1,
      "ConnectedWireIndex":25,
      "ConnectedWireSegmentIndex":0,
      "Points":[{"x":-18.1875,"y":-7.0},{"x":0.0,"y":0.0}]
    },
    {
      "SourcePinAddress":{
        "PinID":0,
        "PinOwnerID":98066049
      },
      "TargetPinAddress":{
        "PinID":90397391,
        "PinOwnerID":1358363474
      },
      "ConnectionType":0,
      "ConnectedWireIndex":-1,
      "ConnectedWireSegmentIndex":-1,
      "Points":[{"x":0.0,"y":0.0},{"x":0.0,"y":0.0}]
    },
    {
      "SourcePinAddress":{
        "PinID":0,
        "PinOwnerID":81988181
      },
      "TargetPinAddress":{
        "PinID":90397391,
        "PinOwnerID":1324557730
      },
      "ConnectionType":0,
      "ConnectedWireIndex":-1,
      "ConnectedWireSegmentIndex":-1,
      "Points":[{"x":0.0,"y":0.0},{"x":0.0,"y":0.0}]
    },
    {
      "SourcePinAddress":{
        "PinID":0,
        "PinOwnerID":764998301
      },
      "TargetPinAddress":{
        "PinID":90397391,
        "PinOwnerID":1706813782
      },
      "ConnectionType":0,
      "ConnectedWireIndex":-1,
      "ConnectedWireSegmentIndex":-1,
      "Points":[{"x":0.0,"y":0.0},{"x":0.0,"y":0.0}]
    },
    {
      "SourcePinAddress":{
        "PinID":0,
        "PinOwnerID":238001445
      },
      "TargetPinAddress":{
        "PinID":90397391,
        "PinOwnerID":284672678
      },
      "ConnectionType":0,
      "ConnectedWireIndex":-1,
      "ConnectedWireSegmentIndex":-1,
      "Points":[{"x":0.0,"y":0.0},{"x":0.0,"y":0.0}]
    },
    {
      "SourcePinAddress":{
        "PinID":0,
        "PinOwnerID":555448914
      },
      "TargetPinAddress":{
        "PinID":90397391,
        "PinOwnerID":1895742334
      },
      "ConnectionType":0,
      "ConnectedWireIndex":-1,
      "ConnectedWireSegmentIndex":-1,
      "Points":[{"x":0.0,"y":0.0},{"x":0.0,"y":0.0}]
    },
    {
      "SourcePinAddress":{
        "PinID":0,
        "PinOwnerID":1454740927
      },
      "TargetPinAddress":{
        "PinID":90397391,
        "PinOwnerID":199091501
      },
      "ConnectionType":0,
      "ConnectedWireIndex":-1,
      "ConnectedWireSegmentIndex":-1,
      "Points":[{"x":0.0,"y":0.0},{"x":0.0,"y":0.0}]
    },
    {
      "SourcePinAddress":{
        "PinID":0,
        "PinOwnerID":1873088904
      },
      "TargetPinAddress":{
        "PinID":90397391,
        "PinOwnerID":357960104
      },
      "ConnectionType":0,
      "ConnectedWireIndex":-1,
      "ConnectedWireSegmentIndex":-1,
      "Points":[{"x":0.0,"y":0.0},{"x":0.0,"y":0.0}]
    },
    {
      "SourcePinAddress":{
        "PinID":0,
        "PinOwnerID":1941262596
      },
      "TargetPinAddress":{
        "PinID":90397391,
        "PinOwnerID":2008527892
      },
      "ConnectionType":0,
      "ConnectedWireIndex":-1,
      "ConnectedWireSegmentIndex":-1,
      "Points":[{"x":0.0,"y":0.0},{"x":0.0,"y":0.0}]
    },
    {
      "SourcePinAddress":{
        "PinID":153081805,
        "PinOwnerID":1888733527
      },
      "TargetPinAddress":{
        "PinID":0,
        "PinOwnerID":2053488148
      },
      "ConnectionType":0,
      "ConnectedWireIndex":-1,
      "ConnectedWireSegmentIndex":-1,
      "Points":[{"x":0.0,"y":0.0},{"x":0.0,"y":0.0}]
    },
    {
      "SourcePinAddress":{
        "PinID":153081805,
        "PinOwnerID":1964030501
      },
      "TargetPinAddress":{
        "PinID":0,
        "PinOwnerID":1404679087
      },
      "ConnectionType":0,
      "ConnectedWireIndex":-1,
      "ConnectedWireSegmentIndex":-1,
      "Points":[{"x":0.0,"y":0.0},{"x":0.0,"y":0.0}]
    },
    {
      "SourcePinAddress":{
        "PinID":153081805,
        "PinOwnerID":1995499218
      },
      "TargetPinAddress":{
        "PinID":0,
        "PinOwnerID":1269685492
      },
      "ConnectionType":0,
      "ConnectedWireIndex":-1,
      "ConnectedWireSegmentIndex":-1,
      "Points":[{"x":0.0,"y":0.0},{"x":0.0,"y":0.0}]
    },
    {
      "SourcePinAddress":{
        "PinID":153081805,
        "PinOwnerID":2077964889
      },
      "TargetPinAddress":{
        "PinID":0,
        "PinOwnerID":1810512127
      },
      "ConnectionType":0,
      "ConnectedWireIndex":-1,
      "ConnectedWireSegmentIndex":-1,
      "Points":[{"x":0.0,"y":0.0},{"x":0.0,"y":0.0}]
    },
    {
      "SourcePinAddress":{
        "PinID":153081805,
        "PinOwnerID":1991056007
      },
      "TargetPinAddress":{
        "PinID":0,
        "PinOwnerID":1619602463
      },
      "ConnectionType":0,
      "ConnectedWireIndex":-1,
      "ConnectedWireSegmentIndex":-1,
      "Points":[{"x":0.0,"y":0.0},{"x":0.0,"y":0.0}]
    },
    {
      "SourcePinAddress":{
        "PinID":153081805,
        "PinOwnerID":217417268
      },
      "TargetPinAddress":{
        "PinID":0,
        "PinOwnerID":521165017
      },
      "ConnectionType":0,
      "ConnectedWireIndex":-1,
      "ConnectedWireSegmentIndex":-1,
      "Points":[{"x":0.0,"y":0.0},{"x":0.0,"y":0.0}]
    },
    {
      "SourcePinAddress":{
        "PinID":153081805,
        "PinOwnerID":1294656183
      },
      "TargetPinAddress":{
        "PinID":0,
        "PinOwnerID":1334574319
      },
      "ConnectionType":0,
      "ConnectedWireIndex":-1,
      "ConnectedWireSegmentIndex":-1,
      "Points":[{"x":0.0,"y":0.0},{"x":0.0,"y":0.0}]
    },
    {
      "SourcePinAddress":{
        "PinID":153081805,
        "PinOwnerID":1203055406
      },
      "TargetPinAddress":{
        "PinID":0,
        "PinOwnerID":1461195777
      },
      "ConnectionType":0,
      "ConnectedWireIndex":-1,
      "ConnectedWireSegmentIndex":-1,
      "Points":[{"x":0.0,"y":0.0},{"x":0.0,"y":0.0}]
    }
  ],
  "Displays": null
}