{
  "DLSVersion": "2.1.6",
  "Name": "Input Set",
  "NameLocation": 1,
  "ChipType": 0,
  "Size": {
    "x": 1.7,
    "y": 1.0
  },
  "Colour": {
    "r": 0.3896199,
    "g": 0.211222515,
    "b": 0.348666161,
    "a": 1
  },
  "InputPins":[
    {
      "Name":"T IN",
      "ID":321197957,
      "Position":{
        "x":23.75,
        "y":24.0
      },
      "BitCount":8,
      "Colour":0,
      "ValueDisplayMode":0
    },
    {
      "Name":"Clock",
      "ID":1206600009,
      "Position":{
        "x":23.75,
        "y":22.75
      },
      "BitCount":1,
      "Colour":4,
      "ValueDisplayMode":0
    },
    {
      "Name":"CLEAR",
      "ID":841455058,
      "Position":{
        "x":23.75,
        "y":22.25
      },
      "BitCount":1,
      "Colour":6,
      "ValueDisplayMode":0
    }
  ],
  "OutputPins":[
    {
      "Name":"OUT",
      "ID":1981046234,
      "Position":{
        "x":33.125,
        "y":23.9375
      },
      "BitCount":8,
      "Colour":0,
      "ValueDisplayMode":0
    }
  ],
  "SubChips":[
    {
      "Name":"8-1BIT",
      "ID":1110673763,
      "Label":"",
      "Position":{
        "x":25.6975,
        "y":24.0
      },
      "OutputPinColourInfo":[{"PinColour":0,"PinID":1},{"PinColour":0,"PinID":2},{"PinColour":0,"PinID":3},{"PinColour":0,"PinID":4},{"PinColour":0,"PinID":5},{"PinColour":0,"PinID":6},{"PinColour":0,"PinID":7},{"PinColour":0,"PinID":8}],
      "InternalData":null
    },
    {
      "Name":"T Latch",
      "ID":840903698,
      "Label":"",
      "Position":{
        "x":27.66969,
        "y":24.77575
      },
      "OutputPinColourInfo":[{"PinColour":1,"PinID":88060233}],
      "InternalData":null
    },
    {
      "Name":"T Latch",
      "ID":926183924,
      "Label":"",
      "Position":{
        "x":27.64394,
        "y":24.19701
      },
      "OutputPinColourInfo":[{"PinColour":0,"PinID":88060233}],
      "InternalData":null
    },
    {
      "Name":"T Latch",
      "ID":569666601,
      "Label":"",
      "Position":{
        "x":27.63582,
        "y":23.63556
      },
      "OutputPinColourInfo":[{"PinColour":1,"PinID":88060233}],
      "InternalData":null
    },
    {
      "Name":"T Latch",
      "ID":630228392,
      "Label":"",
      "Position":{
        "x":27.62381,
        "y":22.49743
      },
      "OutputPinColourInfo":[{"PinColour":1,"PinID":88060233}],
      "InternalData":null
    },
    {
      "Name":"T Latch",
      "ID":1012770533,
      "Label":"",
      "Position":{
        "x":27.61609,
        "y":23.07485
      },
      "OutputPinColourInfo":[{"PinColour":0,"PinID":88060233}],
      "InternalData":null
    },
    {
      "Name":"T Latch",
      "ID":602930047,
      "Label":"",
      "Position":{
        "x":27.63632,
        "y":21.9203
      },
      "OutputPinColourInfo":[{"PinColour":0,"PinID":88060233}],
      "InternalData":null
    },
    {
      "Name":"T Latch",
      "ID":1474855075,
      "Label":"",
      "Position":{
        "x":27.6457,
        "y":20.79139
      },
      "OutputPinColourInfo":[{"PinColour":0,"PinID":88060233}],
      "InternalData":null
    },
    {
      "Name":"T Latch",
      "ID":1201550347,
      "Label":"",
      "Position":{
        "x":27.6307,
        "y":21.35065
      },
      "OutputPinColourInfo":[{"PinColour":1,"PinID":88060233}],
      "InternalData":null
    },
    {
      "Name":"D Latch",
      "ID":1141054497,
      "Label":"",
      "Position":{
        "x":29.59706,
        "y":20.68273
      },
      "OutputPinColourInfo":[{"PinColour":0,"PinID":1866451594},{"PinColour":0,"PinID":345729972}],
      "InternalData":null
    },
    {
      "Name":"D Latch",
      "ID":1480997938,
      "Label":"",
      "Position":{
        "x":29.57522,
        "y":21.25151
      },
      "OutputPinColourInfo":[{"PinColour":0,"PinID":1866451594},{"PinColour":0,"PinID":345729972}],
      "InternalData":null
    },
    {
      "Name":"D Latch",
      "ID":1314651771,
      "Label":"",
      "Position":{
        "x":29.57053,
        "y":21.81589
      },
      "OutputPinColourInfo":[{"PinColour":0,"PinID":1866451594},{"PinColour":0,"PinID":345729972}],
      "InternalData":null
    },
    {
      "Name":"D Latch",
      "ID":1748225017,
      "Label":"",
      "Position":{
        "x":29.57097,
        "y":22.38496
      },
      "OutputPinColourInfo":[{"PinColour":0,"PinID":1866451594},{"PinColour":0,"PinID":345729972}],
      "InternalData":null
    },
    {
      "Name":"D Latch",
      "ID":413999157,
      "Label":"",
      "Position":{
        "x":29.55807,
        "y":22.95448
      },
      "OutputPinColourInfo":[{"PinColour":0,"PinID":1866451594},{"PinColour":0,"PinID":345729972}],
      "InternalData":null
    },
    {
      "Name":"D Latch",
      "ID":1411159258,
      "Label":"",
      "Position":{
        "x":29.54605,
        "y":23.52135
      },
      "OutputPinColourInfo":[{"PinColour":0,"PinID":1866451594},{"PinColour":0,"PinID":345729972}],
      "InternalData":null
    },
    {
      "Name":"D Latch",
      "ID":1702449374,
      "Label":"",
      "Position":{
        "x":29.55294,
        "y":24.09731
      },
      "OutputPinColourInfo":[{"PinColour":0,"PinID":1866451594},{"PinColour":0,"PinID":345729972}],
      "InternalData":null
    },
    {
      "Name":"D Latch",
      "ID":3300748,
      "Label":"",
      "Position":{
        "x":29.5547,
        "y":24.66126
      },
      "OutputPinColourInfo":[{"PinColour":0,"PinID":1866451594},{"PinColour":0,"PinID":345729972}],
      "InternalData":null
    },
    {
      "Name":"1-8BIT",
      "ID":531306562,
      "Label":"",
      "Position":{
        "x":31.1975,
        "y":23.9375
      },
      "OutputPinColourInfo":[{"PinColour":0,"PinID":8}],
      "InternalData":null
    },
    {
      "Name":"LED",
      "ID":519705741,
      "Label":"1",
      "Position":{
        "x":28.885,
        "y":26.1875
      },
      "OutputPinColourInfo":[],
      "InternalData":[0]
    },
    {
      "Name":"LED",
      "ID":1092621337,
      "Label":"2",
      "Position":{
        "x":29.385,
        "y":26.1875
      },
      "OutputPinColourInfo":[],
      "InternalData":[0]
    },
    {
      "Name":"LED",
      "ID":38360039,
      "Label":"3",
      "Position":{
        "x":29.885,
        "y":26.1875
      },
      "OutputPinColourInfo":[],
      "InternalData":[0]
    },
    {
      "Name":"LED",
      "ID":694878680,
      "Label":"5",
      "Position":{
        "x":28.885,
        "y":25.8125
      },
      "OutputPinColourInfo":[],
      "InternalData":[0]
    },
    {
      "Name":"LED",
      "ID":6819002,
      "Label":"6",
      "Position":{
        "x":29.385,
        "y":25.8125
      },
      "OutputPinColourInfo":[],
      "InternalData":[0]
    },
    {
      "Name":"LED",
      "ID":991015059,
      "Label":"7",
      "Position":{
        "x":29.885,
        "y":25.8125
      },
      "OutputPinColourInfo":[],
      "InternalData":[0]
    },
    {
      "Name":"LED",
      "ID":1165387472,
      "Label":"8",
      "Position":{
        "x":30.385,
        "y":25.8125
      },
      "OutputPinColourInfo":[],
      "InternalData":[0]
    },
    {
      "Name":"LED",
      "ID":1727132040,
      "Label":"4",
      "Position":{
        "x":30.385,
        "y":26.1875
      },
      "OutputPinColourInfo":[],
      "InternalData":[0]
    }
  ],
  "Wires":[
    {
      "SourcePinAddress":{
        "PinID":1,
        "PinOwnerID":1110673763
      },
      "TargetPinAddress":{
        "PinID":1263699465,
        "PinOwnerID":840903698
      },
      "ConnectionType":0,
      "ConnectedWireIndex":-1,
      "ConnectedWireSegmentIndex":-1,
      "Points":[{"x":0.0,"y":0.0},{"x":0.0,"y":0.0}]
    },
    {
      "SourcePinAddress":{
        "PinID":2,
        "PinOwnerID":1110673763
      },
      "TargetPinAddress":{
        "PinID":1263699465,
        "PinOwnerID":926183924
      },
      "ConnectionType":0,
      "ConnectedWireIndex":-1,
      "ConnectedWireSegmentIndex":-1,
      "Points":[{"x":0.0,"y":0.0},{"x":0.0,"y":0.0}]
    },
    {
      "SourcePinAddress":{
        "PinID":3,
        "PinOwnerID":1110673763
      },
      "TargetPinAddress":{
        "PinID":1263699465,
        "PinOwnerID":569666601
      },
      "ConnectionType":0,
      "ConnectedWireIndex":-1,
      "ConnectedWireSegmentIndex":-1,
      "Points":[{"x":0.0,"y":0.0},{"x":0.0,"y":0.0}]
    },
    {
      "SourcePinAddress":{
        "PinID":4,
        "PinOwnerID":1110673763
      },
      "TargetPinAddress":{
        "PinID":1263699465,
        "PinOwnerID":1012770533
      },
      "ConnectionType":0,
      "ConnectedWireIndex":-1,
      "ConnectedWireSegmentIndex":-1,
      "Points":[{"x":0.0,"y":0.0},{"x":0.0,"y":0.0}]
    },
    {
      "SourcePinAddress":{
        "PinID":5,
        "PinOwnerID":1110673763
      },
      "TargetPinAddress":{
        "PinID":1263699465,
        "PinOwnerID":630228392
      },
      "ConnectionType":0,
      "ConnectedWireIndex":-1,
      "ConnectedWireSegmentIndex":-1,
      "Points":[{"x":0.0,"y":0.0},{"x":0.0,"y":0.0}]
    },
    {
      "SourcePinAddress":{
        "PinID":6,
        "PinOwnerID":1110673763
      },
      "TargetPinAddress":{
        "PinID":1263699465,
        "PinOwnerID":602930047
      },
      "ConnectionType":0,
      "ConnectedWireIndex":-1,
      "ConnectedWireSegmentIndex":-1,
      "Points":[{"x":0.0,"y":0.0},{"x":0.0,"y":0.0}]
    },
    {
      "SourcePinAddress":{
        "PinID":7,
        "PinOwnerID":1110673763
      },
      "TargetPinAddress":{
        "PinID":1263699465,
        "PinOwnerID":1201550347
      },
      "ConnectionType":0,
      "ConnectedWireIndex":-1,
      "ConnectedWireSegmentIndex":-1,
      "Points":[{"x":0.0,"y":0.0},{"x":0.0,"y":0.0}]
    },
    {
      "SourcePinAddress":{
        "PinID":8,
        "PinOwnerID":1110673763
      },
      "TargetPinAddress":{
        "PinID":1263699465,
        "PinOwnerID":1474855075
      },
      "ConnectionType":0,
      "ConnectedWireIndex":-1,
      "ConnectedWireSegmentIndex":-1,
      "Points":[{"x":0.0,"y":0.0},{"x":0.0,"y":0.0}]
    },
    {
      "SourcePinAddress":{
        "PinID":0,
        "PinOwnerID":321197957
      },
      "TargetPinAddress":{
        "PinID":0,
        "PinOwnerID":1110673763
      },
      "ConnectionType":0,
      "ConnectedWireIndex":-1,
      "ConnectedWireSegmentIndex":-1,
      "Points":[{"x":0.0,"y":0.0},{"x":0.0,"y":0.0}]
    },
    {
      "SourcePinAddress":{
        "PinID":0,
        "PinOwnerID":1206600009
      },
      "TargetPinAddress":{
        "PinID":1190534317,
        "PinOwnerID":1141054497
      },
      "ConnectionType":0,
      "ConnectedWireIndex":-1,
      "ConnectedWireSegmentIndex":-1,
      "Points":[{"x":0.0,"y":0.0},{"x":25.5,"y":22.75},{"x":25.49998,"y":20.32952},{"x":28.75,"y":20.375},{"x":28.75,"y":20.5625},{"x":0.0,"y":0.0}]
    },
    {
      "SourcePinAddress":{
        "PinID":0,
        "PinOwnerID":1206600009
      },
      "TargetPinAddress":{
        "PinID":1190534317,
        "PinOwnerID":1480997938
      },
      "ConnectionType":1,
      "ConnectedWireIndex":9,
      "ConnectedWireSegmentIndex":3,
      "Points":[{"x":28.75,"y":20.54911},{"x":28.75,"y":21.125},{"x":0.0,"y":0.0}]
    },
    {
      "SourcePinAddress":{
        "PinID":0,
        "PinOwnerID":1206600009
      },
      "TargetPinAddress":{
        "PinID":1190534317,
        "PinOwnerID":1314651771
      },
      "ConnectionType":1,
      "ConnectedWireIndex":10,
      "ConnectedWireSegmentIndex":0,
      "Points":[{"x":28.75,"y":21.07387},{"x":28.75,"y":21.6875},{"x":0.0,"y":0.0}]
    },
    {
      "SourcePinAddress":{
        "PinID":0,
        "PinOwnerID":1206600009
      },
      "TargetPinAddress":{
        "PinID":1190534317,
        "PinOwnerID":1748225017
      },
      "ConnectionType":1,
      "ConnectedWireIndex":11,
      "ConnectedWireSegmentIndex":0,
      "Points":[{"x":28.75,"y":21.65162},{"x":28.75,"y":22.25},{"x":0.0,"y":0.0}]
    },
    {
      "SourcePinAddress":{
        "PinID":0,
        "PinOwnerID":1206600009
      },
      "TargetPinAddress":{
        "PinID":1190534317,
        "PinOwnerID":413999157
      },
      "ConnectionType":1,
      "ConnectedWireIndex":12,
      "ConnectedWireSegmentIndex":1,
      "Points":[{"x":28.75,"y":22.25},{"x":28.73336,"y":22.81165},{"x":0.0,"y":0.0}]
    },
    {
      "SourcePinAddress":{
        "PinID":0,
        "PinOwnerID":1206600009
      },
      "TargetPinAddress":{
        "PinID":1190534317,
        "PinOwnerID":1411159258
      },
      "ConnectionType":1,
      "ConnectedWireIndex":13,
      "ConnectedWireSegmentIndex":0,
      "Points":[{"x":28.73425,"y":22.78163},{"x":28.75,"y":23.375},{"x":0.0,"y":0.0}]
    },
    {
      "SourcePinAddress":{
        "PinID":0,
        "PinOwnerID":1206600009
      },
      "TargetPinAddress":{
        "PinID":1190534317,
        "PinOwnerID":1702449374
      },
      "ConnectionType":1,
      "ConnectedWireIndex":14,
      "ConnectedWireSegmentIndex":1,
      "Points":[{"x":28.75,"y":23.375},{"x":28.75,"y":23.9375},{"x":0.0,"y":0.0}]
    },
    {
      "SourcePinAddress":{
        "PinID":0,
        "PinOwnerID":1206600009
      },
      "TargetPinAddress":{
        "PinID":1190534317,
        "PinOwnerID":3300748
      },
      "ConnectionType":1,
      "ConnectedWireIndex":15,
      "ConnectedWireSegmentIndex":1,
      "Points":[{"x":28.75,"y":23.9375},{"x":28.75,"y":24.5625},{"x":0.0,"y":0.0}]
    },
    {
      "SourcePinAddress":{
        "PinID":88060233,
        "PinOwnerID":840903698
      },
      "TargetPinAddress":{
        "PinID":77774206,
        "PinOwnerID":3300748
      },
      "ConnectionType":0,
      "ConnectedWireIndex":-1,
      "ConnectedWireSegmentIndex":-1,
      "Points":[{"x":0.0,"y":0.0},{"x":0.0,"y":0.0}]
    },
    {
      "SourcePinAddress":{
        "PinID":88060233,
        "PinOwnerID":926183924
      },
      "TargetPinAddress":{
        "PinID":77774206,
        "PinOwnerID":1702449374
      },
      "ConnectionType":0,
      "ConnectedWireIndex":-1,
      "ConnectedWireSegmentIndex":-1,
      "Points":[{"x":0.0,"y":0.0},{"x":0.0,"y":0.0}]
    },
    {
      "SourcePinAddress":{
        "PinID":88060233,
        "PinOwnerID":569666601
      },
      "TargetPinAddress":{
        "PinID":77774206,
        "PinOwnerID":1411159258
      },
      "ConnectionType":0,
      "ConnectedWireIndex":-1,
      "ConnectedWireSegmentIndex":-1,
      "Points":[{"x":0.0,"y":0.0},{"x":0.0,"y":0.0}]
    },
    {
      "SourcePinAddress":{
        "PinID":88060233,
        "PinOwnerID":1012770533
      },
      "TargetPinAddress":{
        "PinID":77774206,
        "PinOwnerID":413999157
      },
      "ConnectionType":0,
      "ConnectedWireIndex":-1,
      "ConnectedWireSegmentIndex":-1,
      "Points":[{"x":0.0,"y":0.0},{"x":0.0,"y":0.0}]
    },
    {
      "SourcePinAddress":{
        "PinID":88060233,
        "PinOwnerID":630228392
      },
      "TargetPinAddress":{
        "PinID":77774206,
        "PinOwnerID":1748225017
      },
      "ConnectionType":0,
      "ConnectedWireIndex":-1,
      "ConnectedWireSegmentIndex":-1,
      "Points":[{"x":0.0,"y":0.0},{"x":0.0,"y":0.0}]
    },
    {
      "SourcePinAddress":{
        "PinID":88060233,
        "PinOwnerID":602930047
      },
      "TargetPinAddress":{
        "PinID":77774206,
        "PinOwnerID":1314651771
      },
      "ConnectionType":0,
      "ConnectedWireIndex":-1,
      "ConnectedWireSegmentIndex":-1,
      "Points":[{"x":0.0,"y":0.0},{"x":0.0,"y":0.0}]
    },
    {
      "SourcePinAddress":{
        "PinID":88060233,
        "PinOwnerID":1201550347
      },
      "TargetPinAddress":{
        "PinID":77774206,
        "PinOwnerID":1480997938
      },
      "ConnectionType":0,
      "ConnectedWireIndex":-1,
      "ConnectedWireSegmentIndex":-1,
      "Points":[{"x":0.0,"y":0.0},{"x":28.75,"y":21.375},{"x":0.0,"y":0.0}]
    },
    {
      "SourcePinAddress":{
        "PinID":88060233,
        "PinOwnerID":1474855075
      },
      "TargetPinAddress":{
        "PinID":77774206,
        "PinOwnerID":1141054497
      },
      "ConnectionType":0,
      "ConnectedWireIndex":-1,
      "ConnectedWireSegmentIndex":-1,
      "Points":[{"x":0.0,"y":0.0},{"x":0.0,"y":0.0}]
    },
    {
      "SourcePinAddress":{
        "PinID":1866451594,
        "PinOwnerID":3300748
      },
      "TargetPinAddress":{
        "PinID":0,
        "PinOwnerID":531306562
      },
      "ConnectionType":0,
      "ConnectedWireIndex":-1,
      "ConnectedWireSegmentIndex":-1,
      "Points":[{"x":0.0,"y":0.0},{"x":0.0,"y":0.0}]
    },
    {
      "SourcePinAddress":{
        "PinID":1866451594,
        "PinOwnerID":1702449374
      },
      "TargetPinAddress":{
        "PinID":1,
        "PinOwnerID":531306562
      },
      "ConnectionType":0,
      "ConnectedWireIndex":-1,
      "ConnectedWireSegmentIndex":-1,
      "Points":[{"x":0.0,"y":0.0},{"x":0.0,"y":0.0}]
    },
    {
      "SourcePinAddress":{
        "PinID":1866451594,
        "PinOwnerID":1411159258
      },
      "TargetPinAddress":{
        "PinID":2,
        "PinOwnerID":531306562
      },
      "ConnectionType":0,
      "ConnectedWireIndex":-1,
      "ConnectedWireSegmentIndex":-1,
      "Points":[{"x":0.0,"y":0.0},{"x":0.0,"y":0.0}]
    },
    {
      "SourcePinAddress":{
        "PinID":1866451594,
        "PinOwnerID":413999157
      },
      "TargetPinAddress":{
        "PinID":3,
        "PinOwnerID":531306562
      },
      "ConnectionType":0,
      "ConnectedWireIndex":-1,
      "ConnectedWireSegmentIndex":-1,
      "Points":[{"x":0.0,"y":0.0},{"x":0.0,"y":0.0}]
    },
    {
      "SourcePinAddress":{
        "PinID":1866451594,
        "PinOwnerID":1748225017
      },
      "TargetPinAddress":{
        "PinID":4,
        "PinOwnerID":531306562
      },
      "ConnectionType":0,
      "ConnectedWireIndex":-1,
      "ConnectedWireSegmentIndex":-1,
      "Points":[{"x":0.0,"y":0.0},{"x":0.0,"y":0.0}]
    },
    {
      "SourcePinAddress":{
        "PinID":1866451594,
        "PinOwnerID":1314651771
      },
      "TargetPinAddress":{
        "PinID":5,
        "PinOwnerID":531306562
      },
      "ConnectionType":0,
      "ConnectedWireIndex":-1,
      "ConnectedWireSegmentIndex":-1,
      "Points":[{"x":0.0,"y":0.0},{"x":0.0,"y":0.0}]
    },
    {
      "SourcePinAddress":{
        "PinID":1866451594,
        "PinOwnerID":1480997938
      },
      "TargetPinAddress":{
        "PinID":6,
        "PinOwnerID":531306562
      },
      "ConnectionType":0,
      "ConnectedWireIndex":-1,
      "ConnectedWireSegmentIndex":-1,
      "Points":[{"x":0.0,"y":0.0},{"x":0.0,"y":0.0}]
    },
    {
      "SourcePinAddress":{
        "PinID":1866451594,
        "PinOwnerID":1141054497
      },
      "TargetPinAddress":{
        "PinID":7,
        "PinOwnerID":531306562
      },
      "ConnectionType":0,
      "ConnectedWireIndex":-1,
      "ConnectedWireSegmentIndex":-1,
      "Points":[{"x":0.0,"y":0.0},{"x":0.0,"y":0.0}]
    },
    {
      "SourcePinAddress":{
        "PinID":8,
        "PinOwnerID":531306562
      },
      "TargetPinAddress":{
        "PinID":0,
        "PinOwnerID":1981046234
      },
      "ConnectionType":0,
      "ConnectedWireIndex":-1,
      "ConnectedWireSegmentIndex":-1,
      "Points":[{"x":0.0,"y":0.0},{"x":0.0,"y":0.0}]
    },
    {
      "SourcePinAddress":{
        "PinID":88060233,
        "PinOwnerID":840903698
      },
      "TargetPinAddress":{
        "PinID":0,
        "PinOwnerID":519705741
      },
      "ConnectionType":1,
      "ConnectedWireIndex":17,
      "ConnectedWireSegmentIndex":0,
      "Points":[{"x":28.37543,"y":24.77804},{"x":28.375,"y":26.1875},{"x":0.0,"y":0.0}]
    },
    {
      "SourcePinAddress":{
        "PinID":88060233,
        "PinOwnerID":926183924
      },
      "TargetPinAddress":{
        "PinID":0,
        "PinOwnerID":1092621337
      },
      "ConnectionType":1,
      "ConnectedWireIndex":18,
      "ConnectedWireSegmentIndex":0,
      "Points":[{"x":28.3121,"y":24.20127},{"x":28.3125,"y":26.0},{"x":29.125,"y":26.0},{"x":29.125,"y":26.1875},{"x":0.0,"y":0.0}]
    },
    {
      "SourcePinAddress":{
        "PinID":88060233,
        "PinOwnerID":569666601
      },
      "TargetPinAddress":{
        "PinID":0,
        "PinOwnerID":38360039
      },
      "ConnectionType":1,
      "ConnectedWireIndex":19,
      "ConnectedWireSegmentIndex":0,
      "Points":[{"x":28.5006,"y":23.63983},{"x":28.5,"y":25.625},{"x":29.625,"y":25.625},{"x":29.625,"y":26.1875},{"x":0.0,"y":0.0}]
    },
    {
      "SourcePinAddress":{
        "PinID":88060233,
        "PinOwnerID":630228392
      },
      "TargetPinAddress":{
        "PinID":0,
        "PinOwnerID":694878680
      },
      "ConnectionType":1,
      "ConnectedWireIndex":21,
      "ConnectedWireSegmentIndex":0,
      "Points":[{"x":28.43835,"y":22.50149},{"x":28.4375,"y":25.8125},{"x":0.0,"y":0.0}]
    },
    {
      "SourcePinAddress":{
        "PinID":88060233,
        "PinOwnerID":602930047
      },
      "TargetPinAddress":{
        "PinID":0,
        "PinOwnerID":6819002
      },
      "ConnectionType":1,
      "ConnectedWireIndex":22,
      "ConnectedWireSegmentIndex":0,
      "Points":[{"x":28.56268,"y":21.92965},{"x":28.5625,"y":25.3125},{"x":29.125,"y":25.3125},{"x":29.125,"y":25.8125},{"x":0.0,"y":0.0}]
    },
    {
      "SourcePinAddress":{
        "PinID":88060233,
        "PinOwnerID":1201550347
      },
      "TargetPinAddress":{
        "PinID":0,
        "PinOwnerID":991015059
      },
      "ConnectionType":1,
      "ConnectedWireIndex":23,
      "ConnectedWireSegmentIndex":0,
      "Points":[{"x":28.25338,"y":21.35474},{"x":28.25,"y":25.0625},{"x":29.75,"y":25.0625},{"x":0.0,"y":0.0}]
    },
    {
      "SourcePinAddress":{
        "PinID":88060233,
        "PinOwnerID":1474855075
      },
      "TargetPinAddress":{
        "PinID":0,
        "PinOwnerID":1165387472
      },
      "ConnectionType":1,
      "ConnectedWireIndex":24,
      "ConnectedWireSegmentIndex":0,
      "Points":[{"x":28.68771,"y":20.80075},{"x":28.6875,"y":25.1875},{"x":30.1875,"y":25.1875},{"x":30.1875,"y":25.8125},{"x":0.0,"y":0.0}]
    },
    {
      "SourcePinAddress":{
        "PinID":88060233,
        "PinOwnerID":1012770533
      },
      "TargetPinAddress":{
        "PinID":0,
        "PinOwnerID":1727132040
      },
      "ConnectionType":1,
      "ConnectedWireIndex":20,
      "ConnectedWireSegmentIndex":0,
      "Points":[{"x":28.62525,"y":23.07736},{"x":28.625,"y":25.25},{"x":30.0625,"y":25.25},{"x":30.0625,"y":26.1875},{"x":0.0,"y":0.0}]
    },
    {
      "SourcePinAddress":{
        "PinID":0,
        "PinOwnerID":841455058
      },
      "TargetPinAddress":{
        "PinID":284877230,
        "PinOwnerID":630228392
      },
      "ConnectionType":0,
      "ConnectedWireIndex":-1,
      "ConnectedWireSegmentIndex":-1,
      "Points":[{"x":0.0,"y":0.0},{"x":26.8125,"y":22.25},{"x":26.8125,"y":22.375},{"x":0.0,"y":0.0}]
    },
    {
      "SourcePinAddress":{
        "PinID":0,
        "PinOwnerID":841455058
      },
      "TargetPinAddress":{
        "PinID":284877230,
        "PinOwnerID":602930047
      },
      "ConnectionType":1,
      "ConnectedWireIndex":42,
      "ConnectedWireSegmentIndex":0,
      "Points":[{"x":26.8125,"y":22.25},{"x":26.8125,"y":21.8125},{"x":0.0,"y":0.0}]
    },
    {
      "SourcePinAddress":{
        "PinID":0,
        "PinOwnerID":841455058
      },
      "TargetPinAddress":{
        "PinID":284877230,
        "PinOwnerID":1201550347
      },
      "ConnectionType":1,
      "ConnectedWireIndex":43,
      "ConnectedWireSegmentIndex":0,
      "Points":[{"x":26.8125,"y":21.8125},{"x":26.8125,"y":21.25},{"x":0.0,"y":0.0}]
    },
    {
      "SourcePinAddress":{
        "PinID":0,
        "PinOwnerID":841455058
      },
      "TargetPinAddress":{
        "PinID":284877230,
        "PinOwnerID":1474855075
      },
      "ConnectionType":1,
      "ConnectedWireIndex":44,
      "ConnectedWireSegmentIndex":0,
      "Points":[{"x":26.8125,"y":21.25},{"x":26.8125,"y":20.6875},{"x":0.0,"y":0.0}]
    },
    {
      "SourcePinAddress":{
        "PinID":0,
        "PinOwnerID":841455058
      },
      "TargetPinAddress":{
        "PinID":284877230,
        "PinOwnerID":1012770533
      },
      "ConnectionType":1,
      "ConnectedWireIndex":42,
      "ConnectedWireSegmentIndex":1,
      "Points":[{"x":26.8125,"y":22.375},{"x":26.8125,"y":22.9375},{"x":0.0,"y":0.0}]
    },
    {
      "SourcePinAddress":{
        "PinID":0,
        "PinOwnerID":841455058
      },
      "TargetPinAddress":{
        "PinID":284877230,
        "PinOwnerID":569666601
      },
      "ConnectionType":1,
      "ConnectedWireIndex":46,
      "ConnectedWireSegmentIndex":0,
      "Points":[{"x":26.8125,"y":22.9375},{"x":26.8125,"y":23.4375},{"x":0.0,"y":0.0}]
    },
    {
      "SourcePinAddress":{
        "PinID":0,
        "PinOwnerID":841455058
      },
      "TargetPinAddress":{
        "PinID":284877230,
        "PinOwnerID":926183924
      },
      "ConnectionType":1,
      "ConnectedWireIndex":47,
      "ConnectedWireSegmentIndex":0,
      "Points":[{"x":26.8125,"y":23.375},{"x":26.8125,"y":24.0625},{"x":0.0,"y":0.0}]
    },
    {
      "SourcePinAddress":{
        "PinID":0,
        "PinOwnerID":841455058
      },
      "TargetPinAddress":{
        "PinID":284877230,
        "PinOwnerID":840903698
      },
      "ConnectionType":1,
      "ConnectedWireIndex":48,
      "ConnectedWireSegmentIndex":0,
      "Points":[{"x":26.8125,"y":24.0625},{"x":26.8125,"y":24.625},{"x":0.0,"y":0.0}]
    }
  ],
  "Displays":[
    {
      "SubChipID":1727132040,
      "Position":{
        "x":0.46875,
        "y":-0.03125
      },
      "Scale":1.0
    },
    {
      "SubChipID":1165387472,
      "Position":{
        "x":0.46875,
        "y":-0.28125
      },
      "Scale":1.0
    },
    {
      "SubChipID":991015059,
      "Position":{
        "x":0.15625,
        "y":-0.28125
      },
      "Scale":1.0
    },
    {
      "SubChipID":38360039,
      "Position":{
        "x":0.15625,
        "y":-0.03125
      },
      "Scale":1.0
    },
    {
      "SubChipID":1092621337,
      "Position":{
        "x":-0.15625,
        "y":-0.03125
      },
      "Scale":1.0
    },
    {
      "SubChipID":6819002,
      "Position":{
        "x":-0.15625,
        "y":-0.28125
      },
      "Scale":1.0
    },
    {
      "SubChipID":519705741,
      "Position":{
        "x":-0.46875,
        "y":-0.03125
      },
      "Scale":1.0
    },
    {
      "SubChipID":694878680,
      "Position":{
        "x":-0.46875,
        "y":-0.28125
      },
      "Scale":1.0
    }
  ]
}