{
  "DLSVersion": "2.1.6",
  "Name": "Invert,8bit",
  "NameLocation": 0,
  "ChipType": 0,
  "Size": {
    "x": 1.775,
    "y": 0.75
  },
  "Colour": {
    "r": 0.6658377,
    "g": 0.7926581,
    "b": 0.6133121,
    "a": 1
  },
  "InputPins":[
    {
      "Name":"IN",
      "ID":1855322221,
      "Position":{
        "x":-11.0,
        "y":-8.5625
      },
      "BitCount":8,
      "Colour":0,
      "ValueDisplayMode":0
    },
    {
      "Name":"IN",
      "ID":969558028,
      "Position":{
        "x":-11.0,
        "y":-9.0
      },
      "BitCount":1,
      "Colour":0,
      "ValueDisplayMode":0
    }
  ],
  "OutputPins":[
    {
      "Name":"OUT",
      "ID":1440992803,
      "Position":{
        "x":-4.375,
        "y":-8.4375
      },
      "BitCount":8,
      "Colour":0,
      "ValueDisplayMode":0
    }
  ],
  "SubChips":[
    {
      "Name":"NOT,8Bit",
      "ID":1703243681,
      "Label":"",
      "Position":{
        "x":-8.7025,
        "y":-8.0625
      },
      "OutputPinColourInfo":[{"PinColour":0,"PinID":1386793146}],
      "InternalData":null
    },
    {
      "Name":"2-1MUX,8Bit",
      "ID":1650414785,
      "Label":"",
      "Position":{
        "x":-6.8525,
        "y":-8.4375
      },
      "OutputPinColourInfo":[{"PinColour":0,"PinID":1786653634}],
      "InternalData":null
    }
  ],
  "Wires":[
    {
      "SourcePinAddress":{
        "PinID":1386793146,
        "PinOwnerID":1703243681
      },
      "TargetPinAddress":{
        "PinID":317052020,
        "PinOwnerID":1650414785
      },
      "ConnectionType":0,
      "ConnectedWireIndex":-1,
      "ConnectedWireSegmentIndex":-1,
      "Points":[{"x":0.0,"y":0.0},{"x":0.0,"y":0.0}]
    },
    {
      "SourcePinAddress":{
        "PinID":0,
        "PinOwnerID":1855322221
      },
      "TargetPinAddress":{
        "PinID":1649915574,
        "PinOwnerID":1703243681
      },
      "ConnectionType":0,
      "ConnectedWireIndex":-1,
      "ConnectedWireSegmentIndex":-1,
      "Points":[{"x":0.0,"y":0.0},{"x":-9.625,"y":-8.5625},{"x":-9.625,"y":-8.0625},{"x":0.0,"y":0.0}]
    },
    {
      "SourcePinAddress":{
        "PinID":0,
        "PinOwnerID":1855322221
      },
      "TargetPinAddress":{
        "PinID":1875139927,
        "PinOwnerID":1650414785
      },
      "ConnectionType":0,
      "ConnectedWireIndex":-1,
      "ConnectedWireSegmentIndex":-1,
      "Points":[{"x":0.0,"y":0.0},{"x":0.0,"y":0.0}]
    },
    {
      "SourcePinAddress":{
        "PinID":0,
        "PinOwnerID":969558028
      },
      "TargetPinAddress":{
        "PinID":540429229,
        "PinOwnerID":1650414785
      },
      "ConnectionType":0,
      "ConnectedWireIndex":-1,
      "ConnectedWireSegmentIndex":-1,
      "Points":[{"x":0.0,"y":0.0},{"x":-10.0625,"y":-8.9375},{"x":0.0,"y":0.0}]
    },
    {
      "SourcePinAddress":{
        "PinID":1786653634,
        "PinOwnerID":1650414785
      },
      "TargetPinAddress":{
        "PinID":0,
        "PinOwnerID":1440992803
      },
      "ConnectionType":0,
      "ConnectedWireIndex":-1,
      "ConnectedWireSegmentIndex":-1,
      "Points":[{"x":0.0,"y":0.0},{"x":0.0,"y":0.0}]
    }
  ],
  "Displays": null
}