{
  "DLSVersion": "2.1.6",
  "Name": "JKFF",
  "NameLocation": 0,
  "ChipType": 0,
  "Size": {
    "x": 0.725,
    "y": 0.75
  },
  "Colour": {
    "r": 0.444205433,
    "g": 0.146638215,
    "b": 0.5281495,
    "a": 1
  },
  "InputPins":[
    {
      "Name":"J",
      "ID":1327908502,
      "Position":{
        "x":-6.625,
        "y":-0.625
      },
      "BitCount":1,
      "Colour":0,
      "ValueDisplayMode":0
    },
    {
      "Name":"Clock",
      "ID":430681975,
      "Position":{
        "x":-6.625,
        "y":-1.1875
      },
      "BitCount":1,
      "Colour":0,
      "ValueDisplayMode":0
    },
    {
      "Name":"K",
      "ID":1738167388,
      "Position":{
        "x":-6.625,
        "y":-1.6875
      },
      "BitCount":1,
      "Colour":0,
      "ValueDisplayMode":0
    }
  ],
  "OutputPins":[
    {
      "Name":"Q",
      "ID":1294106162,
      "Position":{
        "x":4.125,
        "y":-1.4375
      },
      "BitCount":1,
      "Colour":0,
      "ValueDisplayMode":0
    },
    {
      "Name":"Q'",
      "ID":732018673,
      "Position":{
        "x":4.125,
        "y":-2.25
      },
      "BitCount":1,
      "Colour":0,
      "ValueDisplayMode":0
    }
  ],
  "SubChips":[
    {
      "Name":"AND",
      "ID":373544488,
      "Label":"",
      "Position":{
        "x":-4.2025,
        "y":-1.8125
      },
      "OutputPinColourInfo":[{"PinColour":0,"PinID":726622901}],
      "InternalData":null
    },
    {
      "Name":"AND",
      "ID":955145174,
      "Label":"",
      "Position":{
        "x":-4.2025,
        "y":-0.5
      },
      "OutputPinColourInfo":[{"PinColour":0,"PinID":726622901}],
      "InternalData":null
    },
    {
      "Name":"AND",
      "ID":597829513,
      "Label":"",
      "Position":{
        "x":-3.0775,
        "y":-0.625
      },
      "OutputPinColourInfo":[{"PinColour":0,"PinID":726622901}],
      "InternalData":null
    },
    {
      "Name":"AND",
      "ID":499276280,
      "Label":"",
      "Position":{
        "x":-3.0775,
        "y":-1.6875
      },
      "OutputPinColourInfo":[{"PinColour":0,"PinID":726622901}],
      "InternalData":null
    },
    {
      "Name":"OR",
      "ID":50041596,
      "Label":"",
      "Position":{
        "x":-2.0275,
        "y":-0.5
      },
      "OutputPinColourInfo":[{"PinColour":0,"PinID":1165613228}],
      "InternalData":null
    },
    {
      "Name":"NOT",
      "ID":1271364394,
      "Label":"",
      "Position":{
        "x":-2.0775,
        "y":-1.6875
      },
      "OutputPinColourInfo":[{"PinColour":0,"PinID":84425304}],
      "InternalData":null
    },
    {
      "Name":"AND",
      "ID":266481654,
      "Label":"",
      "Position":{
        "x":-1.2025,
        "y":-1.125
      },
      "OutputPinColourInfo":[{"PinColour":0,"PinID":726622901}],
      "InternalData":null
    },
    {
      "Name":"AND",
      "ID":789875513,
      "Label":"",
      "Position":{
        "x":0.6725,
        "y":-1.25
      },
      "OutputPinColourInfo":[{"PinColour":0,"PinID":726622901}],
      "InternalData":null
    },
    {
      "Name":"AND",
      "ID":1259109462,
      "Label":"",
      "Position":{
        "x":0.6725,
        "y":-1.875
      },
      "OutputPinColourInfo":[{"PinColour":0,"PinID":726622901}],
      "InternalData":null
    },
    {
      "Name":"NOT",
      "ID":677025312,
      "Label":"",
      "Position":{
        "x":-0.2025,
        "y":-2.0
      },
      "OutputPinColourInfo":[{"PinColour":0,"PinID":84425304}],
      "InternalData":null
    },
    {
      "Name":"NOT",
      "ID":979379218,
      "Label":"",
      "Position":{
        "x":-0.2025,
        "y":-1.5
      },
      "OutputPinColourInfo":[{"PinColour":0,"PinID":84425304}],
      "InternalData":null
    },
    {
      "Name":"OR",
      "ID":278902415,
      "Label":"",
      "Position":{
        "x":1.5975,
        "y":-1.125
      },
      "OutputPinColourInfo":[{"PinColour":0,"PinID":1165613228}],
      "InternalData":null
    },
    {
      "Name":"NOT",
      "ID":2010191748,
      "Label":"",
      "Position":{
        "x":1.5475,
        "y":-1.875
      },
      "OutputPinColourInfo":[{"PinColour":0,"PinID":84425304}],
      "InternalData":null
    },
    {
      "Name":"AND",
      "ID":2048688699,
      "Label":"",
      "Position":{
        "x":2.5475,
        "y":-1.4375
      },
      "OutputPinColourInfo":[{"PinColour":0,"PinID":726622901}],
      "InternalData":null
    },
    {
      "Name":"NOT",
      "ID":1518210848,
      "Label":"",
      "Position":{
        "x":-5.0775,
        "y":-0.375
      },
      "OutputPinColourInfo":[{"PinColour":0,"PinID":84425304}],
      "InternalData":null
    }
  ],
  "Wires":[
    {
      "SourcePinAddress":{
        "PinID":0,
        "PinOwnerID":1327908502
      },
      "TargetPinAddress":{
        "PinID":865093321,
        "PinOwnerID":955145174
      },
      "ConnectionType":0,
      "ConnectedWireIndex":-1,
      "ConnectedWireSegmentIndex":-1,
      "Points":[{"x":0.0,"y":0.0},{"x":0.0,"y":0.0}]
    },
    {
      "SourcePinAddress":{
        "PinID":0,
        "PinOwnerID":1738167388
      },
      "TargetPinAddress":{
        "PinID":1010112276,
        "PinOwnerID":373544488
      },
      "ConnectionType":0,
      "ConnectedWireIndex":-1,
      "ConnectedWireSegmentIndex":-1,
      "Points":[{"x":0.0,"y":0.0},{"x":0.0,"y":0.0}]
    },
    {
      "SourcePinAddress":{
        "PinID":726622901,
        "PinOwnerID":955145174
      },
      "TargetPinAddress":{
        "PinID":1010112276,
        "PinOwnerID":597829513
      },
      "ConnectionType":0,
      "ConnectedWireIndex":-1,
      "ConnectedWireSegmentIndex":-1,
      "Points":[{"x":0.0,"y":0.0},{"x":0.0,"y":0.0}]
    },
    {
      "SourcePinAddress":{
        "PinID":726622901,
        "PinOwnerID":373544488
      },
      "TargetPinAddress":{
        "PinID":865093321,
        "PinOwnerID":499276280
      },
      "ConnectionType":0,
      "ConnectedWireIndex":-1,
      "ConnectedWireSegmentIndex":-1,
      "Points":[{"x":0.0,"y":0.0},{"x":0.0,"y":0.0}]
    },
    {
      "SourcePinAddress":{
        "PinID":0,
        "PinOwnerID":430681975
      },
      "TargetPinAddress":{
        "PinID":865093321,
        "PinOwnerID":597829513
      },
      "ConnectionType":0,
      "ConnectedWireIndex":-1,
      "ConnectedWireSegmentIndex":-1,
      "Points":[{"x":0.0,"y":0.0},{"x":-3.6875,"y":-1.1875},{"x":-3.6875,"y":-0.75},{"x":0.0,"y":0.0}]
    },
    {
      "SourcePinAddress":{
        "PinID":0,
        "PinOwnerID":430681975
      },
      "TargetPinAddress":{
        "PinID":1010112276,
        "PinOwnerID":499276280
      },
      "ConnectionType":1,
      "ConnectedWireIndex":4,
      "ConnectedWireSegmentIndex":0,
      "Points":[{"x":-3.6875,"y":-1.1875},{"x":-3.6875,"y":-1.5625},{"x":0.0,"y":0.0}]
    },
    {
      "SourcePinAddress":{
        "PinID":1165613228,
        "PinOwnerID":50041596
      },
      "TargetPinAddress":{
        "PinID":1010112276,
        "PinOwnerID":266481654
      },
      "ConnectionType":0,
      "ConnectedWireIndex":-1,
      "ConnectedWireSegmentIndex":-1,
      "Points":[{"x":0.0,"y":0.0},{"x":-1.5625,"y":-0.9375},{"x":0.0,"y":0.0}]
    },
    {
      "SourcePinAddress":{
        "PinID":84425304,
        "PinOwnerID":1271364394
      },
      "TargetPinAddress":{
        "PinID":865093321,
        "PinOwnerID":266481654
      },
      "ConnectionType":0,
      "ConnectedWireIndex":-1,
      "ConnectedWireSegmentIndex":-1,
      "Points":[{"x":0.0,"y":0.0},{"x":0.0,"y":0.0}]
    },
    {
      "SourcePinAddress":{
        "PinID":726622901,
        "PinOwnerID":499276280
      },
      "TargetPinAddress":{
        "PinID":1012375142,
        "PinOwnerID":1271364394
      },
      "ConnectionType":0,
      "ConnectedWireIndex":-1,
      "ConnectedWireSegmentIndex":-1,
      "Points":[{"x":0.0,"y":0.0},{"x":0.0,"y":0.0}]
    },
    {
      "SourcePinAddress":{
        "PinID":726622901,
        "PinOwnerID":597829513
      },
      "TargetPinAddress":{
        "PinID":1891478222,
        "PinOwnerID":50041596
      },
      "ConnectionType":0,
      "ConnectedWireIndex":-1,
      "ConnectedWireSegmentIndex":-1,
      "Points":[{"x":0.0,"y":0.0},{"x":0.0,"y":0.0}]
    },
    {
      "SourcePinAddress":{
        "PinID":726622901,
        "PinOwnerID":266481654
      },
      "TargetPinAddress":{
        "PinID":70153538,
        "PinOwnerID":50041596
      },
      "ConnectionType":0,
      "ConnectedWireIndex":-1,
      "ConnectedWireSegmentIndex":-1,
      "Points":[{"x":0.0,"y":0.0},{"x":-0.6875,"y":-1.125},{"x":-0.6875,"y":-0.1875},{"x":-2.375,"y":-0.1875},{"x":-2.375,"y":-0.3125},{"x":0.0,"y":0.0}]
    },
    {
      "SourcePinAddress":{
        "PinID":726622901,
        "PinOwnerID":266481654
      },
      "TargetPinAddress":{
        "PinID":1010112276,
        "PinOwnerID":789875513
      },
      "ConnectionType":1,
      "ConnectedWireIndex":10,
      "ConnectedWireSegmentIndex":0,
      "Points":[{"x":-0.6875,"y":-1.125},{"x":0.0,"y":0.0}]
    },
    {
      "SourcePinAddress":{
        "PinID":84425304,
        "PinOwnerID":677025312
      },
      "TargetPinAddress":{
        "PinID":865093321,
        "PinOwnerID":1259109462
      },
      "ConnectionType":0,
      "ConnectedWireIndex":-1,
      "ConnectedWireSegmentIndex":-1,
      "Points":[{"x":0.0,"y":0.0},{"x":0.0,"y":0.0}]
    },
    {
      "SourcePinAddress":{
        "PinID":726622901,
        "PinOwnerID":266481654
      },
      "TargetPinAddress":{
        "PinID":1012375142,
        "PinOwnerID":677025312
      },
      "ConnectionType":1,
      "ConnectedWireIndex":10,
      "ConnectedWireSegmentIndex":0,
      "Points":[{"x":-0.6875,"y":-1.125},{"x":-0.6875,"y":-2.0},{"x":0.0,"y":0.0}]
    },
    {
      "SourcePinAddress":{
        "PinID":84425304,
        "PinOwnerID":979379218
      },
      "TargetPinAddress":{
        "PinID":865093321,
        "PinOwnerID":789875513
      },
      "ConnectionType":0,
      "ConnectedWireIndex":-1,
      "ConnectedWireSegmentIndex":-1,
      "Points":[{"x":0.0,"y":0.0},{"x":0.25,"y":-1.5},{"x":0.0,"y":0.0}]
    },
    {
      "SourcePinAddress":{
        "PinID":84425304,
        "PinOwnerID":979379218
      },
      "TargetPinAddress":{
        "PinID":1010112276,
        "PinOwnerID":1259109462
      },
      "ConnectionType":1,
      "ConnectedWireIndex":14,
      "ConnectedWireSegmentIndex":0,
      "Points":[{"x":0.25,"y":-1.5},{"x":0.0,"y":0.0}]
    },
    {
      "SourcePinAddress":{
        "PinID":0,
        "PinOwnerID":430681975
      },
      "TargetPinAddress":{
        "PinID":1012375142,
        "PinOwnerID":979379218
      },
      "ConnectionType":1,
      "ConnectedWireIndex":4,
      "ConnectedWireSegmentIndex":0,
      "Points":[{"x":-3.6875,"y":-1.1875},{"x":-1.8125,"y":-1.1875},{"x":-1.5,"y":-1.5},{"x":0.0,"y":0.0}]
    },
    {
      "SourcePinAddress":{
        "PinID":726622901,
        "PinOwnerID":1259109462
      },
      "TargetPinAddress":{
        "PinID":1012375142,
        "PinOwnerID":2010191748
      },
      "ConnectionType":0,
      "ConnectedWireIndex":-1,
      "ConnectedWireSegmentIndex":-1,
      "Points":[{"x":0.0,"y":0.0},{"x":0.0,"y":0.0}]
    },
    {
      "SourcePinAddress":{
        "PinID":726622901,
        "PinOwnerID":789875513
      },
      "TargetPinAddress":{
        "PinID":1891478222,
        "PinOwnerID":278902415
      },
      "ConnectionType":0,
      "ConnectedWireIndex":-1,
      "ConnectedWireSegmentIndex":-1,
      "Points":[{"x":0.0,"y":0.0},{"x":0.0,"y":0.0}]
    },
    {
      "SourcePinAddress":{
        "PinID":1165613228,
        "PinOwnerID":278902415
      },
      "TargetPinAddress":{
        "PinID":1010112276,
        "PinOwnerID":2048688699
      },
      "ConnectionType":0,
      "ConnectedWireIndex":-1,
      "ConnectedWireSegmentIndex":-1,
      "Points":[{"x":0.0,"y":0.0},{"x":0.0,"y":0.0}]
    },
    {
      "SourcePinAddress":{
        "PinID":84425304,
        "PinOwnerID":2010191748
      },
      "TargetPinAddress":{
        "PinID":865093321,
        "PinOwnerID":2048688699
      },
      "ConnectionType":0,
      "ConnectedWireIndex":-1,
      "ConnectedWireSegmentIndex":-1,
      "Points":[{"x":0.0,"y":0.0},{"x":0.0,"y":0.0}]
    },
    {
      "SourcePinAddress":{
        "PinID":726622901,
        "PinOwnerID":2048688699
      },
      "TargetPinAddress":{
        "PinID":70153538,
        "PinOwnerID":278902415
      },
      "ConnectionType":0,
      "ConnectedWireIndex":-1,
      "ConnectedWireSegmentIndex":-1,
      "Points":[{"x":0.0,"y":0.0},{"x":3.125,"y":-1.4375},{"x":3.125,"y":-0.75},{"x":1.1875,"y":-0.75},{"x":1.1875,"y":-1.0},{"x":0.0,"y":0.0}]
    },
    {
      "SourcePinAddress":{
        "PinID":84425304,
        "PinOwnerID":1518210848
      },
      "TargetPinAddress":{
        "PinID":1010112276,
        "PinOwnerID":955145174
      },
      "ConnectionType":0,
      "ConnectedWireIndex":-1,
      "ConnectedWireSegmentIndex":-1,
      "Points":[{"x":0.0,"y":0.0},{"x":0.0,"y":0.0}]
    },
    {
      "SourcePinAddress":{
        "PinID":726622901,
        "PinOwnerID":2048688699
      },
      "TargetPinAddress":{
        "PinID":0,
        "PinOwnerID":1294106162
      },
      "ConnectionType":1,
      "ConnectedWireIndex":21,
      "ConnectedWireSegmentIndex":0,
      "Points":[{"x":3.125,"y":-1.4375},{"x":0.0,"y":0.0}]
    },
    {
      "SourcePinAddress":{
        "PinID":726622901,
        "PinOwnerID":2048688699
      },
      "TargetPinAddress":{
        "PinID":865093321,
        "PinOwnerID":373544488
      },
      "ConnectionType":1,
      "ConnectedWireIndex":21,
      "ConnectedWireSegmentIndex":0,
      "Points":[{"x":3.125,"y":-1.4375},{"x":3.125,"y":-2.3125},{"x":-5.5625,"y":-2.3125},{"x":-5.5625,"y":-1.9375},{"x":0.0,"y":0.0}]
    },
    {
      "SourcePinAddress":{
        "PinID":726622901,
        "PinOwnerID":2048688699
      },
      "TargetPinAddress":{
        "PinID":1012375142,
        "PinOwnerID":1518210848
      },
      "ConnectionType":1,
      "ConnectedWireIndex":24,
      "ConnectedWireSegmentIndex":2,
      "Points":[{"x":-5.5625,"y":-1.9375},{"x":-5.5625,"y":-0.375},{"x":0.0,"y":0.0}]
    },
    {
      "SourcePinAddress":{
        "PinID":84425304,
        "PinOwnerID":1518210848
      },
      "TargetPinAddress":{
        "PinID":0,
        "PinOwnerID":732018673
      },
      "ConnectionType":1,
      "ConnectedWireIndex":22,
      "ConnectedWireSegmentIndex":0,
      "Points":[{"x":-4.625,"y":-0.375},{"x":-4.625,"y":-2.25},{"x":0.0,"y":0.0}]
    }
  ],
  "Displays": null
}