{
  "DLSVersion": "2.1.6",
  "Name": "Logic Cell",
  "NameLocation": 0,
  "ChipType": 0,
  "Size": {
    "x": 1.775,
    "y": 2.25
  },
  "Colour": {
    "r": 0.5383324,
    "g": 0.1652773,
    "b": 0.823396742,
    "a": 1
  },
  "InputPins":[
    {
      "Name":"IN",
      "ID":1933837350,
      "Position":{
        "x":-8.25,
        "y":-0.75
      },
      "BitCount":1,
      "Colour":0,
      "ValueDisplayMode":0
    },
    {
      "Name":"IN",
      "ID":1373798579,
      "Position":{
        "x":-9.25,
        "y":-1.0
      },
      "BitCount":1,
      "Colour":0,
      "ValueDisplayMode":0
    },
    {
      "Name":"IN",
      "ID":465806351,
      "Position":{
        "x":-8.25,
        "y":-1.25
      },
      "BitCount":1,
      "Colour":0,
      "ValueDisplayMode":0
    },
    {
      "Name":"IN",
      "ID":1121928897,
      "Position":{
        "x":-9.25,
        "y":-1.5
      },
      "BitCount":1,
      "Colour":0,
      "ValueDisplayMode":0
    },
    {
      "Name":"IN",
      "ID":1656864548,
      "Position":{
        "x":-8.25,
        "y":-1.75
      },
      "BitCount":1,
      "Colour":0,
      "ValueDisplayMode":0
    },
    {
      "Name":"IN",
      "ID":1754598855,
      "Position":{
        "x":-9.25,
        "y":-2.0
      },
      "BitCount":1,
      "Colour":0,
      "ValueDisplayMode":0
    },
    {
      "Name":"IN",
      "ID":546544610,
      "Position":{
        "x":-8.25,
        "y":-2.25
      },
      "BitCount":1,
      "Colour":0,
      "ValueDisplayMode":0
    },
    {
      "Name":"IN",
      "ID":612437348,
      "Position":{
        "x":-9.25,
        "y":-2.5
      },
      "BitCount":1,
      "Colour":0,
      "ValueDisplayMode":0
    },
    {
      "Name":"centre",
      "ID":1574633735,
      "Position":{
        "x":-9.25,
        "y":-3.0
      },
      "BitCount":1,
      "Colour":4,
      "ValueDisplayMode":0
    }
  ],
  "OutputPins":[
    {
      "Name":"Next",
      "ID":406056842,
      "Position":{
        "x":4.0,
        "y":-1.625
      },
      "BitCount":1,
      "Colour":0,
      "ValueDisplayMode":0
    }
  ],
  "SubChips":[
    {
      "Name":"PopCount, 8Bit",
      "ID":1757767756,
      "Label":"",
      "Position":{
        "x":-5.0775,
        "y":-1.625
      },
      "OutputPinColourInfo":[{"PinColour":1,"PinID":1926616319}],
      "InternalData":null
    },
    {
      "Name":"4-1BIT",
      "ID":1290285763,
      "Label":"",
      "Position":{
        "x":-2.9275,
        "y":-1.0625
      },
      "OutputPinColourInfo":[{"PinColour":0,"PinID":1},{"PinColour":0,"PinID":2},{"PinColour":0,"PinID":3},{"PinColour":0,"PinID":4}],
      "InternalData":null
    },
    {
      "Name":"NOT,4bit",
      "ID":1193079920,
      "Label":"",
      "Position":{
        "x":-4.8275,
        "y":-2.4375
      },
      "OutputPinColourInfo":[{"PinColour":0,"PinID":852283056}],
      "InternalData":null
    },
    {
      "Name":"4-1BIT",
      "ID":103635106,
      "Label":"",
      "Position":{
        "x":-2.9275,
        "y":-2.125
      },
      "OutputPinColourInfo":[{"PinColour":0,"PinID":1},{"PinColour":0,"PinID":2},{"PinColour":0,"PinID":3},{"PinColour":0,"PinID":4}],
      "InternalData":null
    },
    {
      "Name":"4AND",
      "ID":1741539623,
      "Label":"",
      "Position":{
        "x":-0.3275,
        "y":-1.0625
      },
      "OutputPinColourInfo":[{"PinColour":0,"PinID":1530993384}],
      "InternalData":null
    },
    {
      "Name":"4AND",
      "ID":1460500165,
      "Label":"",
      "Position":{
        "x":-0.3275,
        "y":-2.125
      },
      "OutputPinColourInfo":[{"PinColour":0,"PinID":1530993384}],
      "InternalData":null
    },
    {
      "Name":"AND",
      "ID":320368729,
      "Label":"",
      "Position":{
        "x":1.9225,
        "y":-1.9375
      },
      "OutputPinColourInfo":[{"PinColour":0,"PinID":726622901}],
      "InternalData":null
    },
    {
      "Name":"NOT",
      "ID":354088489,
      "Label":"",
      "Position":{
        "x":1.0475,
        "y":-2.0625
      },
      "OutputPinColourInfo":[{"PinColour":0,"PinID":84425304}],
      "InternalData":null
    },
    {
      "Name":"OR",
      "ID":724718511,
      "Label":"",
      "Position":{
        "x":0.9725,
        "y":-1.1875
      },
      "OutputPinColourInfo":[{"PinColour":0,"PinID":1165613228}],
      "InternalData":null
    },
    {
      "Name":"AND",
      "ID":646313105,
      "Label":"",
      "Position":{
        "x":1.9225,
        "y":-1.3125
      },
      "OutputPinColourInfo":[{"PinColour":0,"PinID":726622901}],
      "InternalData":null
    },
    {
      "Name":"OR",
      "ID":1787317937,
      "Label":"",
      "Position":{
        "x":2.7225,
        "y":-1.625
      },
      "OutputPinColourInfo":[{"PinColour":0,"PinID":1165613228}],
      "InternalData":null
    },
    {
      "Name":"1-8BIT",
      "ID":1814870642,
      "Label":"",
      "Position":{
        "x":-6.5525,
        "y":-1.625
      },
      "OutputPinColourInfo":[{"PinColour":0,"PinID":8}],
      "InternalData":null
    }
  ],
  "Wires":[
    {
      "SourcePinAddress":{
        "PinID":1926616319,
        "PinOwnerID":1757767756
      },
      "TargetPinAddress":{
        "PinID":619956526,
        "PinOwnerID":1193079920
      },
      "ConnectionType":0,
      "ConnectedWireIndex":-1,
      "ConnectedWireSegmentIndex":-1,
      "Points":[{"x":0.0,"y":0.0},{"x":-4.1875,"y":-1.625},{"x":-4.1875,"y":-2.0625},{"x":-5.3125,"y":-2.0625},{"x":-5.8125,"y":-2.0625},{"x":-5.8125,"y":-2.4375},{"x":0.0,"y":0.0}]
    },
    {
      "SourcePinAddress":{
        "PinID":852283056,
        "PinOwnerID":1193079920
      },
      "TargetPinAddress":{
        "PinID":0,
        "PinOwnerID":103635106
      },
      "ConnectionType":0,
      "ConnectedWireIndex":-1,
      "ConnectedWireSegmentIndex":-1,
      "Points":[{"x":0.0,"y":0.0},{"x":-3.875,"y":-2.4375},{"x":-3.875,"y":-2.125},{"x":0.0,"y":0.0}]
    },
    {
      "SourcePinAddress":{
        "PinID":4,
        "PinOwnerID":103635106
      },
      "TargetPinAddress":{
        "PinID":1246853868,
        "PinOwnerID":1741539623
      },
      "ConnectionType":0,
      "ConnectedWireIndex":-1,
      "ConnectedWireSegmentIndex":-1,
      "Points":[{"x":0.0,"y":0.0},{"x":-1.875,"y":-2.5},{"x":-1.375,"y":-1.4375},{"x":0.0,"y":0.0}]
    },
    {
      "SourcePinAddress":{
        "PinID":3,
        "PinOwnerID":103635106
      },
      "TargetPinAddress":{
        "PinID":1889905888,
        "PinOwnerID":1741539623
      },
      "ConnectionType":0,
      "ConnectedWireIndex":-1,
      "ConnectedWireSegmentIndex":-1,
      "Points":[{"x":0.0,"y":0.0},{"x":-1.875,"y":-2.25},{"x":-1.375,"y":-1.1875},{"x":0.0,"y":0.0}]
    },
    {
      "SourcePinAddress":{
        "PinID":1,
        "PinOwnerID":103635106
      },
      "TargetPinAddress":{
        "PinID":1522468253,
        "PinOwnerID":1741539623
      },
      "ConnectionType":0,
      "ConnectedWireIndex":-1,
      "ConnectedWireSegmentIndex":-1,
      "Points":[{"x":0.0,"y":0.0},{"x":-1.875,"y":-1.75},{"x":-1.375,"y":-0.9375},{"x":0.0,"y":0.0}]
    },
    {
      "SourcePinAddress":{
        "PinID":2,
        "PinOwnerID":1290285763
      },
      "TargetPinAddress":{
        "PinID":1918931069,
        "PinOwnerID":1741539623
      },
      "ConnectionType":0,
      "ConnectedWireIndex":-1,
      "ConnectedWireSegmentIndex":-1,
      "Points":[{"x":0.0,"y":0.0},{"x":-1.875,"y":-0.9375},{"x":-1.375,"y":-0.6875},{"x":0.0,"y":0.0}]
    },
    {
      "SourcePinAddress":{
        "PinID":4,
        "PinOwnerID":103635106
      },
      "TargetPinAddress":{
        "PinID":1246853868,
        "PinOwnerID":1460500165
      },
      "ConnectionType":0,
      "ConnectedWireIndex":-1,
      "ConnectedWireSegmentIndex":-1,
      "Points":[{"x":0.0,"y":0.0},{"x":-2.0,"y":-2.5},{"x":-1.375,"y":-2.5},{"x":0.0,"y":0.0}]
    },
    {
      "SourcePinAddress":{
        "PinID":3,
        "PinOwnerID":103635106
      },
      "TargetPinAddress":{
        "PinID":1889905888,
        "PinOwnerID":1460500165
      },
      "ConnectionType":0,
      "ConnectedWireIndex":-1,
      "ConnectedWireSegmentIndex":-1,
      "Points":[{"x":0.0,"y":0.0},{"x":-1.875,"y":-2.25},{"x":-1.375,"y":-2.25},{"x":0.0,"y":0.0}]
    },
    {
      "SourcePinAddress":{
        "PinID":2,
        "PinOwnerID":1290285763
      },
      "TargetPinAddress":{
        "PinID":1522468253,
        "PinOwnerID":1460500165
      },
      "ConnectionType":0,
      "ConnectedWireIndex":-1,
      "ConnectedWireSegmentIndex":-1,
      "Points":[{"x":0.0,"y":0.0},{"x":-1.875,"y":-0.9375},{"x":-1.375,"y":-2.0},{"x":0.0,"y":0.0}]
    },
    {
      "SourcePinAddress":{
        "PinID":1,
        "PinOwnerID":1290285763
      },
      "TargetPinAddress":{
        "PinID":1918931069,
        "PinOwnerID":1460500165
      },
      "ConnectionType":0,
      "ConnectedWireIndex":-1,
      "ConnectedWireSegmentIndex":-1,
      "Points":[{"x":0.0,"y":0.0},{"x":-1.875,"y":-0.6875},{"x":-1.375,"y":-1.75},{"x":0.0,"y":0.0}]
    },
    {
      "SourcePinAddress":{
        "PinID":84425304,
        "PinOwnerID":354088489
      },
      "TargetPinAddress":{
        "PinID":865093321,
        "PinOwnerID":320368729
      },
      "ConnectionType":0,
      "ConnectedWireIndex":-1,
      "ConnectedWireSegmentIndex":-1,
      "Points":[{"x":0.0,"y":0.0},{"x":0.0,"y":0.0}]
    },
    {
      "SourcePinAddress":{
        "PinID":0,
        "PinOwnerID":1574633735
      },
      "TargetPinAddress":{
        "PinID":1012375142,
        "PinOwnerID":354088489
      },
      "ConnectionType":0,
      "ConnectedWireIndex":-1,
      "ConnectedWireSegmentIndex":-1,
      "Points":[{"x":0.0,"y":0.0},{"x":-8.0,"y":-3.0},{"x":-8.0,"y":-2.75},{"x":0.625,"y":-2.75},{"x":0.625,"y":-2.0625},{"x":0.0,"y":0.0}]
    },
    {
      "SourcePinAddress":{
        "PinID":1530993384,
        "PinOwnerID":1741539623
      },
      "TargetPinAddress":{
        "PinID":70153538,
        "PinOwnerID":724718511
      },
      "ConnectionType":0,
      "ConnectedWireIndex":-1,
      "ConnectedWireSegmentIndex":-1,
      "Points":[{"x":0.0,"y":0.0},{"x":0.0,"y":0.0}]
    },
    {
      "SourcePinAddress":{
        "PinID":1530993384,
        "PinOwnerID":1460500165
      },
      "TargetPinAddress":{
        "PinID":1891478222,
        "PinOwnerID":724718511
      },
      "ConnectionType":0,
      "ConnectedWireIndex":-1,
      "ConnectedWireSegmentIndex":-1,
      "Points":[{"x":0.0,"y":0.0},{"x":0.5,"y":-2.125},{"x":0.5,"y":-1.3125},{"x":0.0,"y":0.0}]
    },
    {
      "SourcePinAddress":{
        "PinID":1165613228,
        "PinOwnerID":724718511
      },
      "TargetPinAddress":{
        "PinID":1010112276,
        "PinOwnerID":646313105
      },
      "ConnectionType":0,
      "ConnectedWireIndex":-1,
      "ConnectedWireSegmentIndex":-1,
      "Points":[{"x":0.0,"y":0.0},{"x":0.0,"y":0.0}]
    },
    {
      "SourcePinAddress":{
        "PinID":726622901,
        "PinOwnerID":646313105
      },
      "TargetPinAddress":{
        "PinID":70153538,
        "PinOwnerID":1787317937
      },
      "ConnectionType":0,
      "ConnectedWireIndex":-1,
      "ConnectedWireSegmentIndex":-1,
      "Points":[{"x":0.0,"y":0.0},{"x":2.375,"y":-1.3125},{"x":2.375,"y":-1.5},{"x":0.0,"y":0.0}]
    },
    {
      "SourcePinAddress":{
        "PinID":726622901,
        "PinOwnerID":320368729
      },
      "TargetPinAddress":{
        "PinID":1891478222,
        "PinOwnerID":1787317937
      },
      "ConnectionType":0,
      "ConnectedWireIndex":-1,
      "ConnectedWireSegmentIndex":-1,
      "Points":[{"x":0.0,"y":0.0},{"x":2.375,"y":-1.9375},{"x":2.375,"y":-1.75},{"x":0.0,"y":0.0}]
    },
    {
      "SourcePinAddress":{
        "PinID":1165613228,
        "PinOwnerID":1787317937
      },
      "TargetPinAddress":{
        "PinID":0,
        "PinOwnerID":406056842
      },
      "ConnectionType":0,
      "ConnectedWireIndex":-1,
      "ConnectedWireSegmentIndex":-1,
      "Points":[{"x":0.0,"y":0.0},{"x":0.0,"y":0.0}]
    },
    {
      "SourcePinAddress":{
        "PinID":8,
        "PinOwnerID":1814870642
      },
      "TargetPinAddress":{
        "PinID":1695366687,
        "PinOwnerID":1757767756
      },
      "ConnectionType":0,
      "ConnectedWireIndex":-1,
      "ConnectedWireSegmentIndex":-1,
      "Points":[{"x":0.0,"y":0.0},{"x":-5.6875,"y":-1.625},{"x":-5.625,"y":-1.625},{"x":0.0,"y":0.0}]
    },
    {
      "SourcePinAddress":{
        "PinID":0,
        "PinOwnerID":1373798579
      },
      "TargetPinAddress":{
        "PinID":1,
        "PinOwnerID":1814870642
      },
      "ConnectionType":0,
      "ConnectedWireIndex":-1,
      "ConnectedWireSegmentIndex":-1,
      "Points":[{"x":0.0,"y":0.0},{"x":-7.3125,"y":-1.0},{"x":0.0,"y":0.0}]
    },
    {
      "SourcePinAddress":{
        "PinID":0,
        "PinOwnerID":1933837350
      },
      "TargetPinAddress":{
        "PinID":0,
        "PinOwnerID":1814870642
      },
      "ConnectionType":0,
      "ConnectedWireIndex":-1,
      "ConnectedWireSegmentIndex":-1,
      "Points":[{"x":0.0,"y":0.0},{"x":-7.3125,"y":-0.75},{"x":0.0,"y":0.0}]
    },
    {
      "SourcePinAddress":{
        "PinID":0,
        "PinOwnerID":465806351
      },
      "TargetPinAddress":{
        "PinID":2,
        "PinOwnerID":1814870642
      },
      "ConnectionType":0,
      "ConnectedWireIndex":-1,
      "ConnectedWireSegmentIndex":-1,
      "Points":[{"x":0.0,"y":0.0},{"x":-7.3125,"y":-1.25},{"x":0.0,"y":0.0}]
    },
    {
      "SourcePinAddress":{
        "PinID":0,
        "PinOwnerID":1121928897
      },
      "TargetPinAddress":{
        "PinID":3,
        "PinOwnerID":1814870642
      },
      "ConnectionType":0,
      "ConnectedWireIndex":-1,
      "ConnectedWireSegmentIndex":-1,
      "Points":[{"x":0.0,"y":0.0},{"x":-7.3125,"y":-1.5},{"x":0.0,"y":0.0}]
    },
    {
      "SourcePinAddress":{
        "PinID":0,
        "PinOwnerID":1656864548
      },
      "TargetPinAddress":{
        "PinID":4,
        "PinOwnerID":1814870642
      },
      "ConnectionType":0,
      "ConnectedWireIndex":-1,
      "ConnectedWireSegmentIndex":-1,
      "Points":[{"x":0.0,"y":0.0},{"x":-7.3125,"y":-1.75},{"x":0.0,"y":0.0}]
    },
    {
      "SourcePinAddress":{
        "PinID":0,
        "PinOwnerID":1754598855
      },
      "TargetPinAddress":{
        "PinID":5,
        "PinOwnerID":1814870642
      },
      "ConnectionType":0,
      "ConnectedWireIndex":-1,
      "ConnectedWireSegmentIndex":-1,
      "Points":[{"x":0.0,"y":0.0},{"x":0.0,"y":0.0}]
    },
    {
      "SourcePinAddress":{
        "PinID":0,
        "PinOwnerID":546544610
      },
      "TargetPinAddress":{
        "PinID":6,
        "PinOwnerID":1814870642
      },
      "ConnectionType":0,
      "ConnectedWireIndex":-1,
      "ConnectedWireSegmentIndex":-1,
      "Points":[{"x":0.0,"y":0.0},{"x":0.0,"y":0.0}]
    },
    {
      "SourcePinAddress":{
        "PinID":0,
        "PinOwnerID":612437348
      },
      "TargetPinAddress":{
        "PinID":7,
        "PinOwnerID":1814870642
      },
      "ConnectionType":0,
      "ConnectedWireIndex":-1,
      "ConnectedWireSegmentIndex":-1,
      "Points":[{"x":0.0,"y":0.0},{"x":0.0,"y":0.0}]
    },
    {
      "SourcePinAddress":{
        "PinID":1926616319,
        "PinOwnerID":1757767756
      },
      "TargetPinAddress":{
        "PinID":0,
        "PinOwnerID":1290285763
      },
      "ConnectionType":1,
      "ConnectedWireIndex":0,
      "ConnectedWireSegmentIndex":0,
      "Points":[{"x":-4.1875,"y":-1.625},{"x":-4.1875,"y":-1.0625},{"x":0.0,"y":0.0}]
    },
    {
      "SourcePinAddress":{
        "PinID":1530993384,
        "PinOwnerID":1460500165
      },
      "TargetPinAddress":{
        "PinID":1010112276,
        "PinOwnerID":320368729
      },
      "ConnectionType":1,
      "ConnectedWireIndex":13,
      "ConnectedWireSegmentIndex":1,
      "Points":[{"x":0.5,"y":-1.8125},{"x":0.0,"y":0.0}]
    },
    {
      "SourcePinAddress":{
        "PinID":0,
        "PinOwnerID":1574633735
      },
      "TargetPinAddress":{
        "PinID":865093321,
        "PinOwnerID":646313105
      },
      "ConnectionType":1,
      "ConnectedWireIndex":11,
      "ConnectedWireSegmentIndex":3,
      "Points":[{"x":0.625,"y":-2.0625},{"x":0.625,"y":-1.625},{"x":1.3125,"y":-1.625},{"x":1.3125,"y":-1.4375},{"x":0.0,"y":0.0}]
    }
  ],
  "Displays":[]
}