{
  "DLSVersion": "2.1.6",
  "Name": "NOT,64bit w Enable",
  "NameLocation": 0,
  "ChipType": 0,
  "Size": {
    "x": 1.925,
    "y": 5.25
  },
  "Colour": {
    "r": 0.4398798,
    "g": 0.559010148,
    "b": 0.461133033,
    "a": 1
  },
  "InputPins":[
    {
      "Name":"IN",
      "ID":1060120067,
      "Position":{
        "x":15.375,
        "y":6.3125
      },
      "BitCount":8,
      "Colour":0,
      "ValueDisplayMode":0
    },
    {
      "Name":"IN",
      "ID":1506560289,
      "Position":{
        "x":15.375,
        "y":5.5
      },
      "BitCount":8,
      "Colour":0,
      "ValueDisplayMode":0
    },
    {
      "Name":"IN",
      "ID":1085742325,
      "Position":{
        "x":15.375,
        "y":4.6875
      },
      "BitCount":8,
      "Colour":0,
      "ValueDisplayMode":0
    },
    {
      "Name":"IN",
      "ID":1201761010,
      "Position":{
        "x":15.375,
        "y":3.875
      },
      "BitCount":8,
      "Colour":0,
      "ValueDisplayMode":0
    },
    {
      "Name":"IN",
      "ID":946870494,
      "Position":{
        "x":15.375,
        "y":3.0625
      },
      "BitCount":8,
      "Colour":0,
      "ValueDisplayMode":0
    },
    {
      "Name":"IN",
      "ID":49350351,
      "Position":{
        "x":15.375,
        "y":2.25
      },
      "BitCount":8,
      "Colour":0,
      "ValueDisplayMode":0
    },
    {
      "Name":"IN",
      "ID":1321256101,
      "Position":{
        "x":15.375,
        "y":1.4375
      },
      "BitCount":8,
      "Colour":0,
      "ValueDisplayMode":0
    },
    {
      "Name":"IN",
      "ID":750297693,
      "Position":{
        "x":15.375,
        "y":0.625
      },
      "BitCount":8,
      "Colour":0,
      "ValueDisplayMode":0
    },
    {
      "Name":"IN",
      "ID":4973602,
      "Position":{
        "x":15.375,
        "y":-0.3125
      },
      "BitCount":1,
      "Colour":6,
      "ValueDisplayMode":0
    }
  ],
  "OutputPins":[
    {
      "Name":"OUT",
      "ID":114084998,
      "Position":{
        "x":23.0,
        "y":6.0625
      },
      "BitCount":8,
      "Colour":0,
      "ValueDisplayMode":0
    },
    {
      "Name":"OUT",
      "ID":1482773691,
      "Position":{
        "x":23.0,
        "y":5.25
      },
      "BitCount":8,
      "Colour":0,
      "ValueDisplayMode":0
    },
    {
      "Name":"OUT",
      "ID":1410473327,
      "Position":{
        "x":23.0,
        "y":4.4375
      },
      "BitCount":8,
      "Colour":0,
      "ValueDisplayMode":0
    },
    {
      "Name":"OUT",
      "ID":1175557059,
      "Position":{
        "x":23.0,
        "y":3.625
      },
      "BitCount":8,
      "Colour":0,
      "ValueDisplayMode":0
    },
    {
      "Name":"OUT",
      "ID":2086614373,
      "Position":{
        "x":23.0,
        "y":2.8125
      },
      "BitCount":8,
      "Colour":0,
      "ValueDisplayMode":0
    },
    {
      "Name":"OUT",
      "ID":1384826734,
      "Position":{
        "x":23.0,
        "y":2.0
      },
      "BitCount":8,
      "Colour":0,
      "ValueDisplayMode":0
    },
    {
      "Name":"OUT",
      "ID":1728329227,
      "Position":{
        "x":23.0,
        "y":1.1875
      },
      "BitCount":8,
      "Colour":0,
      "ValueDisplayMode":0
    },
    {
      "Name":"OUT",
      "ID":2051714681,
      "Position":{
        "x":23.0,
        "y":0.375
      },
      "BitCount":8,
      "Colour":0,
      "ValueDisplayMode":0
    }
  ],
  "SubChips":[
    {
      "Name":"NOT,8Bit",
      "ID":2063369691,
      "Label":"",
      "Position":{
        "x":19.1725,
        "y":0.5
      },
      "OutputPinColourInfo":[{"PinColour":0,"PinID":1386793146}],
      "InternalData":null
    },
    {
      "Name":"DFF,8Bit",
      "ID":2105702759,
      "Label":"",
      "Position":{
        "x":20.9225,
        "y":0.375
      },
      "OutputPinColourInfo":[{"PinColour":0,"PinID":153081805}],
      "InternalData":null
    },
    {
      "Name":"DFF,8Bit",
      "ID":370401733,
      "Label":"",
      "Position":{
        "x":17.4225,
        "y":0.5
      },
      "OutputPinColourInfo":[{"PinColour":0,"PinID":153081805}],
      "InternalData":null
    },
    {
      "Name":"NOT",
      "ID":1823796818,
      "Label":"",
      "Position":{
        "x":17.7975,
        "y":-0.125
      },
      "OutputPinColourInfo":[{"PinColour":5,"PinID":84425304}],
      "InternalData":null
    },
    {
      "Name":"DFF,8Bit",
      "ID":1782717010,
      "Label":"",
      "Position":{
        "x":17.4225,
        "y":2.125
      },
      "OutputPinColourInfo":[{"PinColour":0,"PinID":153081805}],
      "InternalData":null
    },
    {
      "Name":"DFF,8Bit",
      "ID":1594354263,
      "Label":"",
      "Position":{
        "x":17.4225,
        "y":1.3125
      },
      "OutputPinColourInfo":[{"PinColour":0,"PinID":153081805}],
      "InternalData":null
    },
    {
      "Name":"DFF,8Bit",
      "ID":518634324,
      "Label":"",
      "Position":{
        "x":20.9225,
        "y":6.0625
      },
      "OutputPinColourInfo":[{"PinColour":0,"PinID":153081805}],
      "InternalData":null
    },
    {
      "Name":"DFF,8Bit",
      "ID":1820881034,
      "Label":"",
      "Position":{
        "x":20.9225,
        "y":5.25
      },
      "OutputPinColourInfo":[{"PinColour":0,"PinID":153081805}],
      "InternalData":null
    },
    {
      "Name":"DFF,8Bit",
      "ID":413769155,
      "Label":"",
      "Position":{
        "x":20.9225,
        "y":4.4375
      },
      "OutputPinColourInfo":[{"PinColour":0,"PinID":153081805}],
      "InternalData":null
    },
    {
      "Name":"DFF,8Bit",
      "ID":775689693,
      "Label":"",
      "Position":{
        "x":20.9225,
        "y":3.625
      },
      "OutputPinColourInfo":[{"PinColour":0,"PinID":153081805}],
      "InternalData":null
    },
    {
      "Name":"DFF,8Bit",
      "ID":1685269367,
      "Label":"",
      "Position":{
        "x":20.9225,
        "y":2.8125
      },
      "OutputPinColourInfo":[{"PinColour":0,"PinID":153081805}],
      "InternalData":null
    },
    {
      "Name":"DFF,8Bit",
      "ID":1833147293,
      "Label":"",
      "Position":{
        "x":20.9225,
        "y":2.0
      },
      "OutputPinColourInfo":[{"PinColour":0,"PinID":153081805}],
      "InternalData":null
    },
    {
      "Name":"DFF,8Bit",
      "ID":1434032644,
      "Label":"",
      "Position":{
        "x":20.9225,
        "y":1.1875
      },
      "OutputPinColourInfo":[{"PinColour":0,"PinID":153081805}],
      "InternalData":null
    },
    {
      "Name":"DFF,8Bit",
      "ID":1151651047,
      "Label":"",
      "Position":{
        "x":17.4225,
        "y":6.1875
      },
      "OutputPinColourInfo":[{"PinColour":0,"PinID":153081805}],
      "InternalData":null
    },
    {
      "Name":"DFF,8Bit",
      "ID":261572970,
      "Label":"",
      "Position":{
        "x":17.4225,
        "y":5.375
      },
      "OutputPinColourInfo":[{"PinColour":0,"PinID":153081805}],
      "InternalData":null
    },
    {
      "Name":"DFF,8Bit",
      "ID":67734419,
      "Label":"",
      "Position":{
        "x":17.4225,
        "y":4.5625
      },
      "OutputPinColourInfo":[{"PinColour":0,"PinID":153081805}],
      "InternalData":null
    },
    {
      "Name":"DFF,8Bit",
      "ID":1596719838,
      "Label":"",
      "Position":{
        "x":17.4225,
        "y":3.75
      },
      "OutputPinColourInfo":[{"PinColour":0,"PinID":153081805}],
      "InternalData":null
    },
    {
      "Name":"DFF,8Bit",
      "ID":770102950,
      "Label":"",
      "Position":{
        "x":17.4225,
        "y":2.9375
      },
      "OutputPinColourInfo":[{"PinColour":0,"PinID":153081805}],
      "InternalData":null
    },
    {
      "Name":"NOT,8Bit",
      "ID":1327485918,
      "Label":"",
      "Position":{
        "x":19.1725,
        "y":6.1875
      },
      "OutputPinColourInfo":[{"PinColour":0,"PinID":1386793146}],
      "InternalData":null
    },
    {
      "Name":"NOT,8Bit",
      "ID":1946105735,
      "Label":"",
      "Position":{
        "x":19.1725,
        "y":5.375
      },
      "OutputPinColourInfo":[{"PinColour":0,"PinID":1386793146}],
      "InternalData":null
    },
    {
      "Name":"NOT,8Bit",
      "ID":683440645,
      "Label":"",
      "Position":{
        "x":19.1725,
        "y":4.5625
      },
      "OutputPinColourInfo":[{"PinColour":0,"PinID":1386793146}],
      "InternalData":null
    },
    {
      "Name":"NOT,8Bit",
      "ID":1490440230,
      "Label":"",
      "Position":{
        "x":19.1725,
        "y":3.75
      },
      "OutputPinColourInfo":[{"PinColour":0,"PinID":1386793146}],
      "InternalData":null
    },
    {
      "Name":"NOT,8Bit",
      "ID":1899125209,
      "Label":"",
      "Position":{
        "x":19.1725,
        "y":2.9375
      },
      "OutputPinColourInfo":[{"PinColour":0,"PinID":1386793146}],
      "InternalData":null
    },
    {
      "Name":"NOT,8Bit",
      "ID":897005801,
      "Label":"",
      "Position":{
        "x":19.1725,
        "y":2.125
      },
      "OutputPinColourInfo":[{"PinColour":0,"PinID":1386793146}],
      "InternalData":null
    },
    {
      "Name":"NOT,8Bit",
      "ID":1734528741,
      "Label":"",
      "Position":{
        "x":19.1725,
        "y":1.3125
      },
      "OutputPinColourInfo":[{"PinColour":0,"PinID":1386793146}],
      "InternalData":null
    }
  ],
  "Wires":[
    {
      "SourcePinAddress":{
        "PinID":1386793146,
        "PinOwnerID":2063369691
      },
      "TargetPinAddress":{
        "PinID":90397391,
        "PinOwnerID":2105702759
      },
      "ConnectionType":0,
      "ConnectedWireIndex":-1,
      "ConnectedWireSegmentIndex":-1,
      "Points":[{"x":0.0,"y":0.0},{"x":0.0,"y":0.0}]
    },
    {
      "SourcePinAddress":{
        "PinID":153081805,
        "PinOwnerID":370401733
      },
      "TargetPinAddress":{
        "PinID":1649915574,
        "PinOwnerID":2063369691
      },
      "ConnectionType":0,
      "ConnectedWireIndex":-1,
      "ConnectedWireSegmentIndex":-1,
      "Points":[{"x":0.0,"y":0.0},{"x":0.0,"y":0.0}]
    },
    {
      "SourcePinAddress":{
        "PinID":0,
        "PinOwnerID":1060120067
      },
      "TargetPinAddress":{
        "PinID":90397391,
        "PinOwnerID":1151651047
      },
      "ConnectionType":0,
      "ConnectedWireIndex":-1,
      "ConnectedWireSegmentIndex":-1,
      "Points":[{"x":0.0,"y":0.0},{"x":0.0,"y":0.0}]
    },
    {
      "SourcePinAddress":{
        "PinID":0,
        "PinOwnerID":1506560289
      },
      "TargetPinAddress":{
        "PinID":90397391,
        "PinOwnerID":261572970
      },
      "ConnectionType":0,
      "ConnectedWireIndex":-1,
      "ConnectedWireSegmentIndex":-1,
      "Points":[{"x":0.0,"y":0.0},{"x":0.0,"y":0.0}]
    },
    {
      "SourcePinAddress":{
        "PinID":0,
        "PinOwnerID":1085742325
      },
      "TargetPinAddress":{
        "PinID":90397391,
        "PinOwnerID":67734419
      },
      "ConnectionType":0,
      "ConnectedWireIndex":-1,
      "ConnectedWireSegmentIndex":-1,
      "Points":[{"x":0.0,"y":0.0},{"x":0.0,"y":0.0}]
    },
    {
      "SourcePinAddress":{
        "PinID":0,
        "PinOwnerID":1201761010
      },
      "TargetPinAddress":{
        "PinID":90397391,
        "PinOwnerID":1596719838
      },
      "ConnectionType":0,
      "ConnectedWireIndex":-1,
      "ConnectedWireSegmentIndex":-1,
      "Points":[{"x":0.0,"y":0.0},{"x":0.0,"y":0.0}]
    },
    {
      "SourcePinAddress":{
        "PinID":0,
        "PinOwnerID":946870494
      },
      "TargetPinAddress":{
        "PinID":90397391,
        "PinOwnerID":770102950
      },
      "ConnectionType":0,
      "ConnectedWireIndex":-1,
      "ConnectedWireSegmentIndex":-1,
      "Points":[{"x":0.0,"y":0.0},{"x":0.0,"y":0.0}]
    },
    {
      "SourcePinAddress":{
        "PinID":0,
        "PinOwnerID":49350351
      },
      "TargetPinAddress":{
        "PinID":90397391,
        "PinOwnerID":1782717010
      },
      "ConnectionType":0,
      "ConnectedWireIndex":-1,
      "ConnectedWireSegmentIndex":-1,
      "Points":[{"x":0.0,"y":0.0},{"x":0.0,"y":0.0}]
    },
    {
      "SourcePinAddress":{
        "PinID":0,
        "PinOwnerID":1321256101
      },
      "TargetPinAddress":{
        "PinID":90397391,
        "PinOwnerID":1594354263
      },
      "ConnectionType":0,
      "ConnectedWireIndex":-1,
      "ConnectedWireSegmentIndex":-1,
      "Points":[{"x":0.0,"y":0.0},{"x":0.0,"y":0.0}]
    },
    {
      "SourcePinAddress":{
        "PinID":0,
        "PinOwnerID":750297693
      },
      "TargetPinAddress":{
        "PinID":90397391,
        "PinOwnerID":370401733
      },
      "ConnectionType":0,
      "ConnectedWireIndex":-1,
      "ConnectedWireSegmentIndex":-1,
      "Points":[{"x":0.0,"y":0.0},{"x":0.0,"y":0.0}]
    },
    {
      "SourcePinAddress":{
        "PinID":1386793146,
        "PinOwnerID":1327485918
      },
      "TargetPinAddress":{
        "PinID":90397391,
        "PinOwnerID":518634324
      },
      "ConnectionType":0,
      "ConnectedWireIndex":-1,
      "ConnectedWireSegmentIndex":-1,
      "Points":[{"x":0.0,"y":0.0},{"x":0.0,"y":0.0}]
    },
    {
      "SourcePinAddress":{
        "PinID":1386793146,
        "PinOwnerID":1946105735
      },
      "TargetPinAddress":{
        "PinID":90397391,
        "PinOwnerID":1820881034
      },
      "ConnectionType":0,
      "ConnectedWireIndex":-1,
      "ConnectedWireSegmentIndex":-1,
      "Points":[{"x":0.0,"y":0.0},{"x":0.0,"y":0.0}]
    },
    {
      "SourcePinAddress":{
        "PinID":1386793146,
        "PinOwnerID":683440645
      },
      "TargetPinAddress":{
        "PinID":90397391,
        "PinOwnerID":413769155
      },
      "ConnectionType":0,
      "ConnectedWireIndex":-1,
      "ConnectedWireSegmentIndex":-1,
      "Points":[{"x":0.0,"y":0.0},{"x":0.0,"y":0.0}]
    },
    {
      "SourcePinAddress":{
        "PinID":1386793146,
        "PinOwnerID":1490440230
      },
      "TargetPinAddress":{
        "PinID":90397391,
        "PinOwnerID":775689693
      },
      "ConnectionType":0,
      "ConnectedWireIndex":-1,
      "ConnectedWireSegmentIndex":-1,
      "Points":[{"x":0.0,"y":0.0},{"x":0.0,"y":0.0}]
    },
    {
      "SourcePinAddress":{
        "PinID":1386793146,
        "PinOwnerID":1899125209
      },
      "TargetPinAddress":{
        "PinID":90397391,
        "PinOwnerID":1685269367
      },
      "ConnectionType":0,
      "ConnectedWireIndex":-1,
      "ConnectedWireSegmentIndex":-1,
      "Points":[{"x":0.0,"y":0.0},{"x":0.0,"y":0.0}]
    },
    {
      "SourcePinAddress":{
        "PinID":1386793146,
        "PinOwnerID":897005801
      },
      "TargetPinAddress":{
        "PinID":90397391,
        "PinOwnerID":1833147293
      },
      "ConnectionType":0,
      "ConnectedWireIndex":-1,
      "ConnectedWireSegmentIndex":-1,
      "Points":[{"x":0.0,"y":0.0},{"x":0.0,"y":0.0}]
    },
    {
      "SourcePinAddress":{
        "PinID":1386793146,
        "PinOwnerID":1734528741
      },
      "TargetPinAddress":{
        "PinID":90397391,
        "PinOwnerID":1434032644
      },
      "ConnectionType":0,
      "ConnectedWireIndex":-1,
      "ConnectedWireSegmentIndex":-1,
      "Points":[{"x":0.0,"y":0.0},{"x":0.0,"y":0.0}]
    },
    {
      "SourcePinAddress":{
        "PinID":153081805,
        "PinOwnerID":1151651047
      },
      "TargetPinAddress":{
        "PinID":1649915574,
        "PinOwnerID":1327485918
      },
      "ConnectionType":0,
      "ConnectedWireIndex":-1,
      "ConnectedWireSegmentIndex":-1,
      "Points":[{"x":0.0,"y":0.0},{"x":0.0,"y":0.0}]
    },
    {
      "SourcePinAddress":{
        "PinID":153081805,
        "PinOwnerID":261572970
      },
      "TargetPinAddress":{
        "PinID":1649915574,
        "PinOwnerID":1946105735
      },
      "ConnectionType":0,
      "ConnectedWireIndex":-1,
      "ConnectedWireSegmentIndex":-1,
      "Points":[{"x":0.0,"y":0.0},{"x":0.0,"y":0.0}]
    },
    {
      "SourcePinAddress":{
        "PinID":153081805,
        "PinOwnerID":67734419
      },
      "TargetPinAddress":{
        "PinID":1649915574,
        "PinOwnerID":683440645
      },
      "ConnectionType":0,
      "ConnectedWireIndex":-1,
      "ConnectedWireSegmentIndex":-1,
      "Points":[{"x":0.0,"y":0.0},{"x":0.0,"y":0.0}]
    },
    {
      "SourcePinAddress":{
        "PinID":153081805,
        "PinOwnerID":1596719838
      },
      "TargetPinAddress":{
        "PinID":1649915574,
        "PinOwnerID":1490440230
      },
      "ConnectionType":0,
      "ConnectedWireIndex":-1,
      "ConnectedWireSegmentIndex":-1,
      "Points":[{"x":0.0,"y":0.0},{"x":0.0,"y":0.0}]
    },
    {
      "SourcePinAddress":{
        "PinID":153081805,
        "PinOwnerID":770102950
      },
      "TargetPinAddress":{
        "PinID":1649915574,
        "PinOwnerID":1899125209
      },
      "ConnectionType":0,
      "ConnectedWireIndex":-1,
      "ConnectedWireSegmentIndex":-1,
      "Points":[{"x":0.0,"y":0.0},{"x":0.0,"y":0.0}]
    },
    {
      "SourcePinAddress":{
        "PinID":153081805,
        "PinOwnerID":1782717010
      },
      "TargetPinAddress":{
        "PinID":1649915574,
        "PinOwnerID":897005801
      },
      "ConnectionType":0,
      "ConnectedWireIndex":-1,
      "ConnectedWireSegmentIndex":-1,
      "Points":[{"x":0.0,"y":0.0},{"x":0.0,"y":0.0}]
    },
    {
      "SourcePinAddress":{
        "PinID":153081805,
        "PinOwnerID":1594354263
      },
      "TargetPinAddress":{
        "PinID":1649915574,
        "PinOwnerID":1734528741
      },
      "ConnectionType":0,
      "ConnectedWireIndex":-1,
      "ConnectedWireSegmentIndex":-1,
      "Points":[{"x":0.0,"y":0.0},{"x":0.0,"y":0.0}]
    },
    {
      "SourcePinAddress":{
        "PinID":153081805,
        "PinOwnerID":518634324
      },
      "TargetPinAddress":{
        "PinID":0,
        "PinOwnerID":114084998
      },
      "ConnectionType":0,
      "ConnectedWireIndex":-1,
      "ConnectedWireSegmentIndex":-1,
      "Points":[{"x":0.0,"y":0.0},{"x":0.0,"y":0.0}]
    },
    {
      "SourcePinAddress":{
        "PinID":153081805,
        "PinOwnerID":1820881034
      },
      "TargetPinAddress":{
        "PinID":0,
        "PinOwnerID":1482773691
      },
      "ConnectionType":0,
      "ConnectedWireIndex":-1,
      "ConnectedWireSegmentIndex":-1,
      "Points":[{"x":0.0,"y":0.0},{"x":0.0,"y":0.0}]
    },
    {
      "SourcePinAddress":{
        "PinID":153081805,
        "PinOwnerID":413769155
      },
      "TargetPinAddress":{
        "PinID":0,
        "PinOwnerID":1410473327
      },
      "ConnectionType":0,
      "ConnectedWireIndex":-1,
      "ConnectedWireSegmentIndex":-1,
      "Points":[{"x":0.0,"y":0.0},{"x":0.0,"y":0.0}]
    },
    {
      "SourcePinAddress":{
        "PinID":153081805,
        "PinOwnerID":775689693
      },
      "TargetPinAddress":{
        "PinID":0,
        "PinOwnerID":1175557059
      },
      "ConnectionType":0,
      "ConnectedWireIndex":-1,
      "ConnectedWireSegmentIndex":-1,
      "Points":[{"x":0.0,"y":0.0},{"x":0.0,"y":0.0}]
    },
    {
      "SourcePinAddress":{
        "PinID":153081805,
        "PinOwnerID":1685269367
      },
      "TargetPinAddress":{
        "PinID":0,
        "PinOwnerID":2086614373
      },
      "ConnectionType":0,
      "ConnectedWireIndex":-1,
      "ConnectedWireSegmentIndex":-1,
      "Points":[{"x":0.0,"y":0.0},{"x":0.0,"y":0.0}]
    },
    {
      "SourcePinAddress":{
        "PinID":153081805,
        "PinOwnerID":1833147293
      },
      "TargetPinAddress":{
        "PinID":0,
        "PinOwnerID":1384826734
      },
      "ConnectionType":0,
      "ConnectedWireIndex":-1,
      "ConnectedWireSegmentIndex":-1,
      "Points":[{"x":0.0,"y":0.0},{"x":0.0,"y":0.0}]
    },
    {
      "SourcePinAddress":{
        "PinID":153081805,
        "PinOwnerID":1434032644
      },
      "TargetPinAddress":{
        "PinID":0,
        "PinOwnerID":1728329227
      },
      "ConnectionType":0,
      "ConnectedWireIndex":-1,
      "ConnectedWireSegmentIndex":-1,
      "Points":[{"x":0.0,"y":0.0},{"x":0.0,"y":0.0}]
    },
    {
      "SourcePinAddress":{
        "PinID":153081805,
        "PinOwnerID":2105702759
      },
      "TargetPinAddress":{
        "PinID":0,
        "PinOwnerID":2051714681
      },
      "ConnectionType":0,
      "ConnectedWireIndex":-1,
      "ConnectedWireSegmentIndex":-1,
      "Points":[{"x":0.0,"y":0.0},{"x":0.0,"y":0.0}]
    },
    {
      "SourcePinAddress":{
        "PinID":0,
        "PinOwnerID":4973602
      },
      "TargetPinAddress":{
        "PinID":497955897,
        "PinOwnerID":1151651047
      },
      "ConnectionType":0,
      "ConnectedWireIndex":-1,
      "ConnectedWireSegmentIndex":-1,
      "Points":[{"x":0.0,"y":0.0},{"x":16.24772,"y":-0.29577},{"x":16.25,"y":5.9375},{"x":0.0,"y":0.0}]
    },
    {
      "SourcePinAddress":{
        "PinID":0,
        "PinOwnerID":4973602
      },
      "TargetPinAddress":{
        "PinID":497955897,
        "PinOwnerID":261572970
      },
      "ConnectionType":1,
      "ConnectedWireIndex":32,
      "ConnectedWireSegmentIndex":1,
      "Points":[{"x":16.2497,"y":5.125},{"x":0.0,"y":0.0}]
    },
    {
      "SourcePinAddress":{
        "PinID":0,
        "PinOwnerID":4973602
      },
      "TargetPinAddress":{
        "PinID":497955897,
        "PinOwnerID":67734419
      },
      "ConnectionType":1,
      "ConnectedWireIndex":32,
      "ConnectedWireSegmentIndex":1,
      "Points":[{"x":16.2494,"y":4.3125},{"x":0.0,"y":0.0}]
    },
    {
      "SourcePinAddress":{
        "PinID":0,
        "PinOwnerID":4973602
      },
      "TargetPinAddress":{
        "PinID":497955897,
        "PinOwnerID":1596719838
      },
      "ConnectionType":1,
      "ConnectedWireIndex":32,
      "ConnectedWireSegmentIndex":1,
      "Points":[{"x":16.24911,"y":3.5},{"x":0.0,"y":0.0}]
    },
    {
      "SourcePinAddress":{
        "PinID":0,
        "PinOwnerID":4973602
      },
      "TargetPinAddress":{
        "PinID":497955897,
        "PinOwnerID":770102950
      },
      "ConnectionType":1,
      "ConnectedWireIndex":32,
      "ConnectedWireSegmentIndex":1,
      "Points":[{"x":16.24881,"y":2.6875},{"x":0.0,"y":0.0}]
    },
    {
      "SourcePinAddress":{
        "PinID":0,
        "PinOwnerID":4973602
      },
      "TargetPinAddress":{
        "PinID":497955897,
        "PinOwnerID":1782717010
      },
      "ConnectionType":1,
      "ConnectedWireIndex":32,
      "ConnectedWireSegmentIndex":1,
      "Points":[{"x":16.24851,"y":1.875},{"x":0.0,"y":0.0}]
    },
    {
      "SourcePinAddress":{
        "PinID":0,
        "PinOwnerID":4973602
      },
      "TargetPinAddress":{
        "PinID":497955897,
        "PinOwnerID":1594354263
      },
      "ConnectionType":1,
      "ConnectedWireIndex":32,
      "ConnectedWireSegmentIndex":1,
      "Points":[{"x":16.24822,"y":1.0625},{"x":0.0,"y":0.0}]
    },
    {
      "SourcePinAddress":{
        "PinID":0,
        "PinOwnerID":4973602
      },
      "TargetPinAddress":{
        "PinID":497955897,
        "PinOwnerID":370401733
      },
      "ConnectionType":1,
      "ConnectedWireIndex":32,
      "ConnectedWireSegmentIndex":1,
      "Points":[{"x":16.24792,"y":0.25},{"x":0.0,"y":0.0}]
    },
    {
      "SourcePinAddress":{
        "PinID":0,
        "PinOwnerID":4973602
      },
      "TargetPinAddress":{
        "PinID":1012375142,
        "PinOwnerID":1823796818
      },
      "ConnectionType":1,
      "ConnectedWireIndex":32,
      "ConnectedWireSegmentIndex":1,
      "Points":[{"x":16.24778,"y":-0.125},{"x":0.0,"y":0.0}]
    },
    {
      "SourcePinAddress":{
        "PinID":84425304,
        "PinOwnerID":1823796818
      },
      "TargetPinAddress":{
        "PinID":497955897,
        "PinOwnerID":518634324
      },
      "ConnectionType":0,
      "ConnectedWireIndex":-1,
      "ConnectedWireSegmentIndex":-1,
      "Points":[{"x":0.0,"y":0.0},{"x":20.0625,"y":-0.125},{"x":20.0625,"y":5.8125},{"x":0.0,"y":0.0}]
    },
    {
      "SourcePinAddress":{
        "PinID":84425304,
        "PinOwnerID":1823796818
      },
      "TargetPinAddress":{
        "PinID":497955897,
        "PinOwnerID":2105702759
      },
      "ConnectionType":1,
      "ConnectedWireIndex":41,
      "ConnectedWireSegmentIndex":1,
      "Points":[{"x":20.0625,"y":0.125},{"x":0.0,"y":0.0}]
    },
    {
      "SourcePinAddress":{
        "PinID":84425304,
        "PinOwnerID":1823796818
      },
      "TargetPinAddress":{
        "PinID":497955897,
        "PinOwnerID":1434032644
      },
      "ConnectionType":1,
      "ConnectedWireIndex":41,
      "ConnectedWireSegmentIndex":1,
      "Points":[{"x":20.0625,"y":0.9375},{"x":0.0,"y":0.0}]
    },
    {
      "SourcePinAddress":{
        "PinID":84425304,
        "PinOwnerID":1823796818
      },
      "TargetPinAddress":{
        "PinID":497955897,
        "PinOwnerID":1833147293
      },
      "ConnectionType":1,
      "ConnectedWireIndex":41,
      "ConnectedWireSegmentIndex":1,
      "Points":[{"x":20.0625,"y":1.75},{"x":0.0,"y":0.0}]
    },
    {
      "SourcePinAddress":{
        "PinID":84425304,
        "PinOwnerID":1823796818
      },
      "TargetPinAddress":{
        "PinID":497955897,
        "PinOwnerID":1685269367
      },
      "ConnectionType":1,
      "ConnectedWireIndex":41,
      "ConnectedWireSegmentIndex":1,
      "Points":[{"x":20.0625,"y":2.5625},{"x":0.0,"y":0.0}]
    },
    {
      "SourcePinAddress":{
        "PinID":84425304,
        "PinOwnerID":1823796818
      },
      "TargetPinAddress":{
        "PinID":497955897,
        "PinOwnerID":1820881034
      },
      "ConnectionType":1,
      "ConnectedWireIndex":41,
      "ConnectedWireSegmentIndex":1,
      "Points":[{"x":20.0625,"y":5.0},{"x":0.0,"y":0.0}]
    },
    {
      "SourcePinAddress":{
        "PinID":84425304,
        "PinOwnerID":1823796818
      },
      "TargetPinAddress":{
        "PinID":497955897,
        "PinOwnerID":413769155
      },
      "ConnectionType":1,
      "ConnectedWireIndex":41,
      "ConnectedWireSegmentIndex":1,
      "Points":[{"x":20.0625,"y":4.1875},{"x":0.0,"y":0.0}]
    },
    {
      "SourcePinAddress":{
        "PinID":84425304,
        "PinOwnerID":1823796818
      },
      "TargetPinAddress":{
        "PinID":497955897,
        "PinOwnerID":775689693
      },
      "ConnectionType":1,
      "ConnectedWireIndex":41,
      "ConnectedWireSegmentIndex":1,
      "Points":[{"x":20.0625,"y":3.375},{"x":0.0,"y":0.0}]
    }
  ],
  "Displays": null
}