{
  "DLSVersion": "2.1.6",
  "Name": "NOT,8Bit",
  "NameLocation": 0,
  "ChipType": 0,
  "Size": {
    "x": 1.325,
    "y": 0.5
  },
  "Colour": {
    "r": 0.7276042,
    "g": 0.8731266,
    "b": 0.170972973,
    "a": 1
  },
  "InputPins":[
    {
      "Name":"IN",
      "ID":1649915574,
      "Position":{
        "x":-10.75,
        "y":-3.125
      },
      "BitCount":8,
      "Colour":0,
      "ValueDisplayMode":0
    }
  ],
  "OutputPins":[
    {
      "Name":"OUT",
      "ID":1386793146,
      "Position":{
        "x":-3.75,
        "y":-3.125
      },
      "BitCount":8,
      "Colour":0,
      "ValueDisplayMode":0
    }
  ],
  "SubChips":[
    {
      "Name":"8-1BIT",
      "ID":1397286794,
      "Label":"",
      "Position":{
        "x":-8.8025,
        "y":-3.125
      },
      "OutputPinColourInfo":[{"PinColour":0,"PinID":1},{"PinColour":0,"PinID":2},{"PinColour":0,"PinID":3},{"PinColour":0,"PinID":4},{"PinColour":0,"PinID":5},{"PinColour":0,"PinID":6},{"PinColour":0,"PinID":7},{"PinColour":0,"PinID":8}],
      "InternalData":null
    },
    {
      "Name":"NOT",
      "ID":1370244248,
      "Label":"",
      "Position":{
        "x":-7.7025,
        "y":-4.0
      },
      "OutputPinColourInfo":[{"PinColour":0,"PinID":84425304}],
      "InternalData":null
    },
    {
      "Name":"NOT",
      "ID":1272980396,
      "Label":"",
      "Position":{
        "x":-6.8275,
        "y":-3.75
      },
      "OutputPinColourInfo":[{"PinColour":0,"PinID":84425304}],
      "InternalData":null
    },
    {
      "Name":"NOT",
      "ID":312974666,
      "Label":"",
      "Position":{
        "x":-7.7025,
        "y":-3.5
      },
      "OutputPinColourInfo":[{"PinColour":0,"PinID":84425304}],
      "InternalData":null
    },
    {
      "Name":"NOT",
      "ID":710087361,
      "Label":"",
      "Position":{
        "x":-6.8275,
        "y":-3.25
      },
      "OutputPinColourInfo":[{"PinColour":0,"PinID":84425304}],
      "InternalData":null
    },
    {
      "Name":"NOT",
      "ID":618868287,
      "Label":"",
      "Position":{
        "x":-7.7025,
        "y":-3.0
      },
      "OutputPinColourInfo":[{"PinColour":0,"PinID":84425304}],
      "InternalData":null
    },
    {
      "Name":"NOT",
      "ID":487195024,
      "Label":"",
      "Position":{
        "x":-6.8275,
        "y":-2.75
      },
      "OutputPinColourInfo":[{"PinColour":0,"PinID":84425304}],
      "InternalData":null
    },
    {
      "Name":"NOT",
      "ID":1307587467,
      "Label":"",
      "Position":{
        "x":-7.7025,
        "y":-2.5
      },
      "OutputPinColourInfo":[{"PinColour":0,"PinID":84425304}],
      "InternalData":null
    },
    {
      "Name":"NOT",
      "ID":1406492029,
      "Label":"",
      "Position":{
        "x":-6.8275,
        "y":-2.25
      },
      "OutputPinColourInfo":[{"PinColour":0,"PinID":84425304}],
      "InternalData":null
    },
    {
      "Name":"1-8BIT",
      "ID":1481491280,
      "Label":"",
      "Position":{
        "x":-5.6775,
        "y":-3.125
      },
      "OutputPinColourInfo":[{"PinColour":0,"PinID":8}],
      "InternalData":null
    }
  ],
  "Wires":[
    {
      "SourcePinAddress":{
        "PinID":0,
        "PinOwnerID":1649915574
      },
      "TargetPinAddress":{
        "PinID":0,
        "PinOwnerID":1397286794
      },
      "ConnectionType":0,
      "ConnectedWireIndex":-1,
      "ConnectedWireSegmentIndex":-1,
      "Points":[{"x":0.0,"y":0.0},{"x":0.0,"y":0.0}]
    },
    {
      "SourcePinAddress":{
        "PinID":1,
        "PinOwnerID":1397286794
      },
      "TargetPinAddress":{
        "PinID":1012375142,
        "PinOwnerID":1406492029
      },
      "ConnectionType":0,
      "ConnectedWireIndex":-1,
      "ConnectedWireSegmentIndex":-1,
      "Points":[{"x":0.0,"y":0.0},{"x":0.0,"y":0.0}]
    },
    {
      "SourcePinAddress":{
        "PinID":2,
        "PinOwnerID":1397286794
      },
      "TargetPinAddress":{
        "PinID":1012375142,
        "PinOwnerID":1307587467
      },
      "ConnectionType":0,
      "ConnectedWireIndex":-1,
      "ConnectedWireSegmentIndex":-1,
      "Points":[{"x":0.0,"y":0.0},{"x":0.0,"y":0.0}]
    },
    {
      "SourcePinAddress":{
        "PinID":3,
        "PinOwnerID":1397286794
      },
      "TargetPinAddress":{
        "PinID":1012375142,
        "PinOwnerID":487195024
      },
      "ConnectionType":0,
      "ConnectedWireIndex":-1,
      "ConnectedWireSegmentIndex":-1,
      "Points":[{"x":0.0,"y":0.0},{"x":0.0,"y":0.0}]
    },
    {
      "SourcePinAddress":{
        "PinID":4,
        "PinOwnerID":1397286794
      },
      "TargetPinAddress":{
        "PinID":1012375142,
        "PinOwnerID":618868287
      },
      "ConnectionType":0,
      "ConnectedWireIndex":-1,
      "ConnectedWireSegmentIndex":-1,
      "Points":[{"x":0.0,"y":0.0},{"x":0.0,"y":0.0}]
    },
    {
      "SourcePinAddress":{
        "PinID":5,
        "PinOwnerID":1397286794
      },
      "TargetPinAddress":{
        "PinID":1012375142,
        "PinOwnerID":710087361
      },
      "ConnectionType":0,
      "ConnectedWireIndex":-1,
      "ConnectedWireSegmentIndex":-1,
      "Points":[{"x":0.0,"y":0.0},{"x":0.0,"y":0.0}]
    },
    {
      "SourcePinAddress":{
        "PinID":6,
        "PinOwnerID":1397286794
      },
      "TargetPinAddress":{
        "PinID":1012375142,
        "PinOwnerID":312974666
      },
      "ConnectionType":0,
      "ConnectedWireIndex":-1,
      "ConnectedWireSegmentIndex":-1,
      "Points":[{"x":0.0,"y":0.0},{"x":0.0,"y":0.0}]
    },
    {
      "SourcePinAddress":{
        "PinID":7,
        "PinOwnerID":1397286794
      },
      "TargetPinAddress":{
        "PinID":1012375142,
        "PinOwnerID":1272980396
      },
      "ConnectionType":0,
      "ConnectedWireIndex":-1,
      "ConnectedWireSegmentIndex":-1,
      "Points":[{"x":0.0,"y":0.0},{"x":0.0,"y":0.0}]
    },
    {
      "SourcePinAddress":{
        "PinID":8,
        "PinOwnerID":1397286794
      },
      "TargetPinAddress":{
        "PinID":1012375142,
        "PinOwnerID":1370244248
      },
      "ConnectionType":0,
      "ConnectedWireIndex":-1,
      "ConnectedWireSegmentIndex":-1,
      "Points":[{"x":0.0,"y":0.0},{"x":0.0,"y":0.0}]
    },
    {
      "SourcePinAddress":{
        "PinID":84425304,
        "PinOwnerID":1406492029
      },
      "TargetPinAddress":{
        "PinID":0,
        "PinOwnerID":1481491280
      },
      "ConnectionType":0,
      "ConnectedWireIndex":-1,
      "ConnectedWireSegmentIndex":-1,
      "Points":[{"x":0.0,"y":0.0},{"x":0.0,"y":0.0}]
    },
    {
      "SourcePinAddress":{
        "PinID":84425304,
        "PinOwnerID":1307587467
      },
      "TargetPinAddress":{
        "PinID":1,
        "PinOwnerID":1481491280
      },
      "ConnectionType":0,
      "ConnectedWireIndex":-1,
      "ConnectedWireSegmentIndex":-1,
      "Points":[{"x":0.0,"y":0.0},{"x":0.0,"y":0.0}]
    },
    {
      "SourcePinAddress":{
        "PinID":84425304,
        "PinOwnerID":487195024
      },
      "TargetPinAddress":{
        "PinID":2,
        "PinOwnerID":1481491280
      },
      "ConnectionType":0,
      "ConnectedWireIndex":-1,
      "ConnectedWireSegmentIndex":-1,
      "Points":[{"x":0.0,"y":0.0},{"x":0.0,"y":0.0}]
    },
    {
      "SourcePinAddress":{
        "PinID":84425304,
        "PinOwnerID":710087361
      },
      "TargetPinAddress":{
        "PinID":4,
        "PinOwnerID":1481491280
      },
      "ConnectionType":0,
      "ConnectedWireIndex":-1,
      "ConnectedWireSegmentIndex":-1,
      "Points":[{"x":0.0,"y":0.0},{"x":0.0,"y":0.0}]
    },
    {
      "SourcePinAddress":{
        "PinID":84425304,
        "PinOwnerID":618868287
      },
      "TargetPinAddress":{
        "PinID":3,
        "PinOwnerID":1481491280
      },
      "ConnectionType":0,
      "ConnectedWireIndex":-1,
      "ConnectedWireSegmentIndex":-1,
      "Points":[{"x":0.0,"y":0.0},{"x":0.0,"y":0.0}]
    },
    {
      "SourcePinAddress":{
        "PinID":84425304,
        "PinOwnerID":312974666
      },
      "TargetPinAddress":{
        "PinID":5,
        "PinOwnerID":1481491280
      },
      "ConnectionType":0,
      "ConnectedWireIndex":-1,
      "ConnectedWireSegmentIndex":-1,
      "Points":[{"x":0.0,"y":0.0},{"x":0.0,"y":0.0}]
    },
    {
      "SourcePinAddress":{
        "PinID":84425304,
        "PinOwnerID":1272980396
      },
      "TargetPinAddress":{
        "PinID":6,
        "PinOwnerID":1481491280
      },
      "ConnectionType":0,
      "ConnectedWireIndex":-1,
      "ConnectedWireSegmentIndex":-1,
      "Points":[{"x":0.0,"y":0.0},{"x":0.0,"y":0.0}]
    },
    {
      "SourcePinAddress":{
        "PinID":84425304,
        "PinOwnerID":1370244248
      },
      "TargetPinAddress":{
        "PinID":7,
        "PinOwnerID":1481491280
      },
      "ConnectionType":0,
      "ConnectedWireIndex":-1,
      "ConnectedWireSegmentIndex":-1,
      "Points":[{"x":0.0,"y":0.0},{"x":0.0,"y":0.0}]
    },
    {
      "SourcePinAddress":{
        "PinID":8,
        "PinOwnerID":1481491280
      },
      "TargetPinAddress":{
        "PinID":0,
        "PinOwnerID":1386793146
      },
      "ConnectionType":0,
      "ConnectedWireIndex":-1,
      "ConnectedWireSegmentIndex":-1,
      "Points":[{"x":0.0,"y":0.0},{"x":0.0,"y":0.0}]
    }
  ],
  "Displays": null
}