{
  "DLSVersion": "2.1.6",
  "Name": "NOT,4bit",
  "NameLocation": 0,
  "ChipType": 0,
  "Size": {
    "x": 1.325,
    "y": 0.375
  },
  "Colour": {
    "r": 0.6574252,
    "g": 0.489502817,
    "b": 0.06492027,
    "a": 1
  },
  "InputPins":[
    {
      "Name":"IN",
      "ID":619956526,
      "Position":{
        "x":-7.625,
        "y":-3.0
      },
      "BitCount":4,
      "Colour":0,
      "ValueDisplayMode":0
    }
  ],
  "OutputPins":[
    {
      "Name":"OUT",
      "ID":852283056,
      "Position":{
        "x":-2.25,
        "y":-3.0
      },
      "BitCount":4,
      "Colour":0,
      "ValueDisplayMode":0
    }
  ],
  "SubChips":[
    {
      "Name":"4-1BIT",
      "ID":605291319,
      "Label":"",
      "Position":{
        "x":-6.0525,
        "y":-3.0
      },
      "OutputPinColourInfo":[{"PinColour":0,"PinID":1},{"PinColour":0,"PinID":2},{"PinColour":0,"PinID":3},{"PinColour":0,"PinID":4}],
      "InternalData":null
    },
    {
      "Name":"1-4BIT",
      "ID":1676958300,
      "Label":"",
      "Position":{
        "x":-3.8025,
        "y":-3.0
      },
      "OutputPinColourInfo":[{"PinColour":0,"PinID":4}],
      "InternalData":null
    },
    {
      "Name":"NOT",
      "ID":1461429413,
      "Label":"",
      "Position":{
        "x":-4.9525,
        "y":-2.3125
      },
      "OutputPinColourInfo":[{"PinColour":0,"PinID":84425304}],
      "InternalData":null
    },
    {
      "Name":"NOT",
      "ID":1982373786,
      "Label":"",
      "Position":{
        "x":-4.9525,
        "y":-2.75
      },
      "OutputPinColourInfo":[{"PinColour":0,"PinID":84425304}],
      "InternalData":null
    },
    {
      "Name":"NOT",
      "ID":1800552280,
      "Label":"",
      "Position":{
        "x":-4.9525,
        "y":-3.1875
      },
      "OutputPinColourInfo":[{"PinColour":0,"PinID":84425304}],
      "InternalData":null
    },
    {
      "Name":"NOT",
      "ID":2017345293,
      "Label":"",
      "Position":{
        "x":-4.9525,
        "y":-3.625
      },
      "OutputPinColourInfo":[{"PinColour":0,"PinID":84425304}],
      "InternalData":null
    }
  ],
  "Wires":[
    {
      "SourcePinAddress":{
        "PinID":4,
        "PinOwnerID":1676958300
      },
      "TargetPinAddress":{
        "PinID":0,
        "PinOwnerID":852283056
      },
      "ConnectionType":0,
      "ConnectedWireIndex":-1,
      "ConnectedWireSegmentIndex":-1,
      "Points":[{"x":0.0,"y":0.0},{"x":0.0,"y":0.0}]
    },
    {
      "SourcePinAddress":{
        "PinID":0,
        "PinOwnerID":619956526
      },
      "TargetPinAddress":{
        "PinID":0,
        "PinOwnerID":605291319
      },
      "ConnectionType":0,
      "ConnectedWireIndex":-1,
      "ConnectedWireSegmentIndex":-1,
      "Points":[{"x":0.0,"y":0.0},{"x":0.0,"y":0.0}]
    },
    {
      "SourcePinAddress":{
        "PinID":1,
        "PinOwnerID":605291319
      },
      "TargetPinAddress":{
        "PinID":1012375142,
        "PinOwnerID":1461429413
      },
      "ConnectionType":0,
      "ConnectedWireIndex":-1,
      "ConnectedWireSegmentIndex":-1,
      "Points":[{"x":0.0,"y":0.0},{"x":0.0,"y":0.0}]
    },
    {
      "SourcePinAddress":{
        "PinID":2,
        "PinOwnerID":605291319
      },
      "TargetPinAddress":{
        "PinID":1012375142,
        "PinOwnerID":1982373786
      },
      "ConnectionType":0,
      "ConnectedWireIndex":-1,
      "ConnectedWireSegmentIndex":-1,
      "Points":[{"x":0.0,"y":0.0},{"x":0.0,"y":0.0}]
    },
    {
      "SourcePinAddress":{
        "PinID":3,
        "PinOwnerID":605291319
      },
      "TargetPinAddress":{
        "PinID":1012375142,
        "PinOwnerID":1800552280
      },
      "ConnectionType":0,
      "ConnectedWireIndex":-1,
      "ConnectedWireSegmentIndex":-1,
      "Points":[{"x":0.0,"y":0.0},{"x":0.0,"y":0.0}]
    },
    {
      "SourcePinAddress":{
        "PinID":4,
        "PinOwnerID":605291319
      },
      "TargetPinAddress":{
        "PinID":1012375142,
        "PinOwnerID":2017345293
      },
      "ConnectionType":0,
      "ConnectedWireIndex":-1,
      "ConnectedWireSegmentIndex":-1,
      "Points":[{"x":0.0,"y":0.0},{"x":0.0,"y":0.0}]
    },
    {
      "SourcePinAddress":{
        "PinID":84425304,
        "PinOwnerID":2017345293
      },
      "TargetPinAddress":{
        "PinID":3,
        "PinOwnerID":1676958300
      },
      "ConnectionType":0,
      "ConnectedWireIndex":-1,
      "ConnectedWireSegmentIndex":-1,
      "Points":[{"x":0.0,"y":0.0},{"x":0.0,"y":0.0}]
    },
    {
      "SourcePinAddress":{
        "PinID":84425304,
        "PinOwnerID":1800552280
      },
      "TargetPinAddress":{
        "PinID":2,
        "PinOwnerID":1676958300
      },
      "ConnectionType":0,
      "ConnectedWireIndex":-1,
      "ConnectedWireSegmentIndex":-1,
      "Points":[{"x":0.0,"y":0.0},{"x":0.0,"y":0.0}]
    },
    {
      "SourcePinAddress":{
        "PinID":84425304,
        "PinOwnerID":1982373786
      },
      "TargetPinAddress":{
        "PinID":1,
        "PinOwnerID":1676958300
      },
      "ConnectionType":0,
      "ConnectedWireIndex":-1,
      "ConnectedWireSegmentIndex":-1,
      "Points":[{"x":0.0,"y":0.0},{"x":0.0,"y":0.0}]
    },
    {
      "SourcePinAddress":{
        "PinID":84425304,
        "PinOwnerID":1461429413
      },
      "TargetPinAddress":{
        "PinID":0,
        "PinOwnerID":1676958300
      },
      "ConnectionType":0,
      "ConnectedWireIndex":-1,
      "ConnectedWireSegmentIndex":-1,
      "Points":[{"x":0.0,"y":0.0},{"x":0.0,"y":0.0}]
    }
  ],
  "Displays": null
}