{
  "DLSVersion": "2.1.6",
  "Name": "OR,8bit",
  "NameLocation": 0,
  "ChipType": 0,
  "Size": {
    "x": 1.175,
    "y": 1.0
  },
  "Colour": {
    "r": 0.112242319,
    "g": 0.06969252,
    "b": 0.320744425,
    "a": 1
  },
  "InputPins":[
    {
      "Name":"IN",
      "ID":1963344705,
      "Position":{
        "x":-6.875,
        "y":-1.4375
      },
      "BitCount":8,
      "Colour":0,
      "ValueDisplayMode":0
    },
    {
      "Name":"IN",
      "ID":1458329600,
      "Position":{
        "x":-6.875,
        "y":-2.0625
      },
      "BitCount":8,
      "Colour":0,
      "ValueDisplayMode":0
    }
  ],
  "OutputPins":[
    {
      "Name":"OUT",
      "ID":1951175664,
      "Position":{
        "x":0.5,
        "y":-1.75
      },
      "BitCount":8,
      "Colour":0,
      "ValueDisplayMode":0
    }
  ],
  "SubChips":[
    {
      "Name":"AND,8bit",
      "ID":1936441006,
      "Label":"",
      "Position":{
        "x":-3.2025,
        "y":-1.75
      },
      "OutputPinColourInfo":[{"PinColour":0,"PinID":828109446}],
      "InternalData":null
    },
    {
      "Name":"NOT,8Bit",
      "ID":218912963,
      "Label":"",
      "Position":{
        "x":-1.5775,
        "y":-1.75
      },
      "OutputPinColourInfo":[{"PinColour":0,"PinID":1386793146}],
      "InternalData":null
    },
    {
      "Name":"NOT,8Bit",
      "ID":702084852,
      "Label":"",
      "Position":{
        "x":-4.8275,
        "y":-1.4375
      },
      "OutputPinColourInfo":[{"PinColour":0,"PinID":1386793146}],
      "InternalData":null
    },
    {
      "Name":"NOT,8Bit",
      "ID":225347447,
      "Label":"",
      "Position":{
        "x":-4.8275,
        "y":-2.0625
      },
      "OutputPinColourInfo":[{"PinColour":0,"PinID":1386793146}],
      "InternalData":null
    }
  ],
  "Wires":[
    {
      "SourcePinAddress":{
        "PinID":1386793146,
        "PinOwnerID":218912963
      },
      "TargetPinAddress":{
        "PinID":0,
        "PinOwnerID":1951175664
      },
      "ConnectionType":0,
      "ConnectedWireIndex":-1,
      "ConnectedWireSegmentIndex":-1,
      "Points":[{"x":0.0,"y":0.0},{"x":0.0,"y":0.0}]
    },
    {
      "SourcePinAddress":{
        "PinID":828109446,
        "PinOwnerID":1936441006
      },
      "TargetPinAddress":{
        "PinID":1649915574,
        "PinOwnerID":218912963
      },
      "ConnectionType":0,
      "ConnectedWireIndex":-1,
      "ConnectedWireSegmentIndex":-1,
      "Points":[{"x":0.0,"y":0.0},{"x":0.0,"y":0.0}]
    },
    {
      "SourcePinAddress":{
        "PinID":1386793146,
        "PinOwnerID":225347447
      },
      "TargetPinAddress":{
        "PinID":54106984,
        "PinOwnerID":1936441006
      },
      "ConnectionType":0,
      "ConnectedWireIndex":-1,
      "ConnectedWireSegmentIndex":-1,
      "Points":[{"x":0.0,"y":0.0},{"x":0.0,"y":0.0}]
    },
    {
      "SourcePinAddress":{
        "PinID":1386793146,
        "PinOwnerID":702084852
      },
      "TargetPinAddress":{
        "PinID":185371680,
        "PinOwnerID":1936441006
      },
      "ConnectionType":0,
      "ConnectedWireIndex":-1,
      "ConnectedWireSegmentIndex":-1,
      "Points":[{"x":0.0,"y":0.0},{"x":0.0,"y":0.0}]
    },
    {
      "SourcePinAddress":{
        "PinID":0,
        "PinOwnerID":1963344705
      },
      "TargetPinAddress":{
        "PinID":1649915574,
        "PinOwnerID":702084852
      },
      "ConnectionType":0,
      "ConnectedWireIndex":-1,
      "ConnectedWireSegmentIndex":-1,
      "Points":[{"x":0.0,"y":0.0},{"x":0.0,"y":0.0}]
    },
    {
      "SourcePinAddress":{
        "PinID":0,
        "PinOwnerID":1458329600
      },
      "TargetPinAddress":{
        "PinID":1649915574,
        "PinOwnerID":225347447
      },
      "ConnectionType":0,
      "ConnectedWireIndex":-1,
      "ConnectedWireSegmentIndex":-1,
      "Points":[{"x":0.0,"y":0.0},{"x":0.0,"y":0.0}]
    }
  ],
  "Displays": null
}