{
  "DLSVersion": "2.1.6",
  "Name": "OR",
  "NameLocation": 0,
  "ChipType": 0,
  "Size": {
    "x": 0.425,
    "y": 0.5
  },
  "Colour": {
    "r": 0.212377757,
    "g": 0.167966008,
    "b": 0.563016,
    "a": 1
  },
  "InputPins":[
    {
      "Name":"IN",
      "ID":70153538,
      "Position":{
        "x":29.75,
        "y":18.75
      },
      "BitCount":1,
      "Colour":0,
      "ValueDisplayMode":0
    },
    {
      "Name":"IN",
      "ID":1891478222,
      "Position":{
        "x":29.75,
        "y":18.25
      },
      "BitCount":1,
      "Colour":0,
      "ValueDisplayMode":0
    }
  ],
  "OutputPins":[
    {
      "Name":"OUT",
      "ID":1165613228,
      "Position":{
        "x":33.62667,
        "y":18.51782
      },
      "BitCount":1,
      "Colour":0,
      "ValueDisplayMode":0
    }
  ],
  "SubChips":[
    {
      "Name":"NAND",
      "ID":1692770318,
      "Label":"",
      "Position":{
        "x":32.125,
        "y":18.5
      },
      "OutputPinColourInfo":[{"PinColour":0,"PinID":2}],
      "InternalData":null
    },
    {
      "Name":"NOT",
      "ID":892381606,
      "Label":"",
      "Position":{
        "x":31.0475,
        "y":18.75
      },
      "OutputPinColourInfo":[{"PinColour":0,"PinID":84425304}],
      "InternalData":null
    },
    {
      "Name":"NOT",
      "ID":1226927892,
      "Label":"",
      "Position":{
        "x":31.0475,
        "y":18.25
      },
      "OutputPinColourInfo":[{"PinColour":0,"PinID":84425304}],
      "InternalData":null
    }
  ],
  "Wires":[
    {
      "SourcePinAddress":{
        "PinID":2,
        "PinOwnerID":1692770318
      },
      "TargetPinAddress":{
        "PinID":0,
        "PinOwnerID":1165613228
      },
      "ConnectionType":0,
      "ConnectedWireIndex":-1,
      "ConnectedWireSegmentIndex":-1,
      "Points":[{"x":0.0,"y":0.0},{"x":0.0,"y":0.0}]
    },
    {
      "SourcePinAddress":{
        "PinID":84425304,
        "PinOwnerID":892381606
      },
      "TargetPinAddress":{
        "PinID":0,
        "PinOwnerID":1692770318
      },
      "ConnectionType":0,
      "ConnectedWireIndex":-1,
      "ConnectedWireSegmentIndex":-1,
      "Points":[{"x":0.0,"y":0.0},{"x":0.0,"y":0.0}]
    },
    {
      "SourcePinAddress":{
        "PinID":84425304,
        "PinOwnerID":1226927892
      },
      "TargetPinAddress":{
        "PinID":1,
        "PinOwnerID":1692770318
      },
      "ConnectionType":0,
      "ConnectedWireIndex":-1,
      "ConnectedWireSegmentIndex":-1,
      "Points":[{"x":0.0,"y":0.0},{"x":0.0,"y":0.0}]
    },
    {
      "SourcePinAddress":{
        "PinID":0,
        "PinOwnerID":1891478222
      },
      "TargetPinAddress":{
        "PinID":1012375142,
        "PinOwnerID":1226927892
      },
      "ConnectionType":0,
      "ConnectedWireIndex":-1,
      "ConnectedWireSegmentIndex":-1,
      "Points":[{"x":0.0,"y":0.0},{"x":0.0,"y":0.0}]
    },
    {
      "SourcePinAddress":{
        "PinID":0,
        "PinOwnerID":70153538
      },
      "TargetPinAddress":{
        "PinID":1012375142,
        "PinOwnerID":892381606
      },
      "ConnectionType":0,
      "ConnectedWireIndex":-1,
      "ConnectedWireSegmentIndex":-1,
      "Points":[{"x":0.0,"y":0.0},{"x":0.0,"y":0.0}]
    }
  ],
  "Displays": null
}