{
  "DLSVersion": "2.1.6",
  "Name": "Output Enable",
  "NameLocation": 0,
  "ChipType": 0,
  "Size": {
    "x": 1.1,
    "y": 0.75
  },
  "Colour": {
    "r": 0.232224271,
    "g": 0.32407096,
    "b": 0.183327422,
    "a": 1
  },
  "InputPins":[
    {
      "Name":"IN",
      "ID":1182006170,
      "Position":{
        "x":26.5,
        "y":21.8125
      },
      "BitCount":8,
      "Colour":0,
      "ValueDisplayMode":0
    },
    {
      "Name":"CLEAR",
      "ID":1964345202,
      "Position":{
        "x":27.0,
        "y":19.625
      },
      "BitCount":1,
      "Colour":4,
      "ValueDisplayMode":0
    }
  ],
  "OutputPins":[
    {
      "Name":"OUT",
      "ID":1797695358,
      "Position":{
        "x":36.5,
        "y":21.5
      },
      "BitCount":8,
      "Colour":0,
      "ValueDisplayMode":0
    }
  ],
  "SubChips":[
    {
      "Name":"8-1BIT",
      "ID":423850656,
      "Label":"",
      "Position":{
        "x":28.5725,
        "y":21.8125
      },
      "OutputPinColourInfo":[{"PinColour":0,"PinID":1},{"PinColour":0,"PinID":2},{"PinColour":0,"PinID":3},{"PinColour":0,"PinID":4},{"PinColour":0,"PinID":5},{"PinColour":0,"PinID":6},{"PinColour":0,"PinID":7},{"PinColour":0,"PinID":8}],
      "InternalData":null
    },
    {
      "Name":"OR",
      "ID":1071850248,
      "Label":"",
      "Position":{
        "x":31.2225,
        "y":23.6875
      },
      "OutputPinColourInfo":[{"PinColour":0,"PinID":1165613228}],
      "InternalData":null
    },
    {
      "Name":"OR",
      "ID":152559152,
      "Label":"",
      "Position":{
        "x":31.2225,
        "y":23.125
      },
      "OutputPinColourInfo":[{"PinColour":0,"PinID":1165613228}],
      "InternalData":null
    },
    {
      "Name":"OR",
      "ID":2036867407,
      "Label":"",
      "Position":{
        "x":31.2225,
        "y":22.5625
      },
      "OutputPinColourInfo":[{"PinColour":0,"PinID":1165613228}],
      "InternalData":null
    },
    {
      "Name":"OR",
      "ID":250167745,
      "Label":"",
      "Position":{
        "x":31.2225,
        "y":21.4375
      },
      "OutputPinColourInfo":[{"PinColour":0,"PinID":1165613228}],
      "InternalData":null
    },
    {
      "Name":"OR",
      "ID":28814361,
      "Label":"",
      "Position":{
        "x":31.2225,
        "y":20.875
      },
      "OutputPinColourInfo":[{"PinColour":0,"PinID":1165613228}],
      "InternalData":null
    },
    {
      "Name":"OR",
      "ID":1692223656,
      "Label":"",
      "Position":{
        "x":31.2225,
        "y":20.3125
      },
      "OutputPinColourInfo":[{"PinColour":0,"PinID":1165613228}],
      "InternalData":null
    },
    {
      "Name":"OR",
      "ID":880510242,
      "Label":"",
      "Position":{
        "x":31.2225,
        "y":22.0
      },
      "OutputPinColourInfo":[{"PinColour":0,"PinID":1165613228}],
      "InternalData":null
    },
    {
      "Name":"OR",
      "ID":1989956056,
      "Label":"",
      "Position":{
        "x":31.2225,
        "y":19.75
      },
      "OutputPinColourInfo":[{"PinColour":0,"PinID":1165613228}],
      "InternalData":null
    },
    {
      "Name":"1-8BIT",
      "ID":120241459,
      "Label":"",
      "Position":{
        "x":33.9475,
        "y":21.4375
      },
      "OutputPinColourInfo":[{"PinColour":0,"PinID":8}],
      "InternalData":null
    },
    {
      "Name":"NOT",
      "ID":1837771335,
      "Label":"",
      "Position":{
        "x":32.1725,
        "y":23.6875
      },
      "OutputPinColourInfo":[{"PinColour":0,"PinID":84425304}],
      "InternalData":null
    },
    {
      "Name":"NOT",
      "ID":124067644,
      "Label":"",
      "Position":{
        "x":30.0475,
        "y":22.125
      },
      "OutputPinColourInfo":[{"PinColour":0,"PinID":84425304}],
      "InternalData":null
    },
    {
      "Name":"NOT",
      "ID":1424998308,
      "Label":"",
      "Position":{
        "x":30.0475,
        "y":20.4375
      },
      "OutputPinColourInfo":[{"PinColour":0,"PinID":84425304}],
      "InternalData":null
    },
    {
      "Name":"NOT",
      "ID":863699446,
      "Label":"",
      "Position":{
        "x":30.0475,
        "y":19.875
      },
      "OutputPinColourInfo":[{"PinColour":0,"PinID":84425304}],
      "InternalData":null
    },
    {
      "Name":"NOT",
      "ID":1615308709,
      "Label":"",
      "Position":{
        "x":30.0475,
        "y":22.6875
      },
      "OutputPinColourInfo":[{"PinColour":0,"PinID":84425304}],
      "InternalData":null
    },
    {
      "Name":"NOT",
      "ID":735918680,
      "Label":"",
      "Position":{
        "x":30.0475,
        "y":23.8125
      },
      "OutputPinColourInfo":[{"PinColour":0,"PinID":84425304}],
      "InternalData":null
    },
    {
      "Name":"NOT",
      "ID":645388478,
      "Label":"",
      "Position":{
        "x":30.0475,
        "y":21.0
      },
      "OutputPinColourInfo":[{"PinColour":0,"PinID":84425304}],
      "InternalData":null
    },
    {
      "Name":"NOT",
      "ID":1364688999,
      "Label":"",
      "Position":{
        "x":30.0475,
        "y":21.5625
      },
      "OutputPinColourInfo":[{"PinColour":0,"PinID":84425304}],
      "InternalData":null
    },
    {
      "Name":"NOT",
      "ID":1448672239,
      "Label":"",
      "Position":{
        "x":30.0475,
        "y":23.25
      },
      "OutputPinColourInfo":[{"PinColour":0,"PinID":84425304}],
      "InternalData":null
    },
    {
      "Name":"NOT",
      "ID":898508454,
      "Label":"",
      "Position":{
        "x":32.1725,
        "y":20.3125
      },
      "OutputPinColourInfo":[{"PinColour":0,"PinID":84425304}],
      "InternalData":null
    },
    {
      "Name":"NOT",
      "ID":191323317,
      "Label":"",
      "Position":{
        "x":32.1725,
        "y":23.125
      },
      "OutputPinColourInfo":[{"PinColour":0,"PinID":84425304}],
      "InternalData":null
    },
    {
      "Name":"NOT",
      "ID":2092756366,
      "Label":"",
      "Position":{
        "x":32.1725,
        "y":20.875
      },
      "OutputPinColourInfo":[{"PinColour":0,"PinID":84425304}],
      "InternalData":null
    },
    {
      "Name":"NOT",
      "ID":1266202293,
      "Label":"",
      "Position":{
        "x":32.1725,
        "y":21.4375
      },
      "OutputPinColourInfo":[{"PinColour":0,"PinID":84425304}],
      "InternalData":null
    },
    {
      "Name":"NOT",
      "ID":1599994953,
      "Label":"",
      "Position":{
        "x":32.1725,
        "y":22.0
      },
      "OutputPinColourInfo":[{"PinColour":0,"PinID":84425304}],
      "InternalData":null
    },
    {
      "Name":"NOT",
      "ID":497934407,
      "Label":"",
      "Position":{
        "x":32.1725,
        "y":22.5625
      },
      "OutputPinColourInfo":[{"PinColour":0,"PinID":84425304}],
      "InternalData":null
    },
    {
      "Name":"NOT",
      "ID":838440287,
      "Label":"",
      "Position":{
        "x":32.1725,
        "y":19.75
      },
      "OutputPinColourInfo":[{"PinColour":0,"PinID":84425304}],
      "InternalData":null
    }
  ],
  "Wires":[
    {
      "SourcePinAddress":{
        "PinID":8,
        "PinOwnerID":120241459
      },
      "TargetPinAddress":{
        "PinID":0,
        "PinOwnerID":1797695358
      },
      "ConnectionType":0,
      "ConnectedWireIndex":-1,
      "ConnectedWireSegmentIndex":-1,
      "Points":[{"x":0.0,"y":0.0},{"x":0.0,"y":0.0}]
    },
    {
      "SourcePinAddress":{
        "PinID":1165613228,
        "PinOwnerID":1071850248
      },
      "TargetPinAddress":{
        "PinID":1012375142,
        "PinOwnerID":1837771335
      },
      "ConnectionType":0,
      "ConnectedWireIndex":-1,
      "ConnectedWireSegmentIndex":-1,
      "Points":[{"x":0.0,"y":0.0},{"x":0.0,"y":0.0}]
    },
    {
      "SourcePinAddress":{
        "PinID":84425304,
        "PinOwnerID":1837771335
      },
      "TargetPinAddress":{
        "PinID":0,
        "PinOwnerID":120241459
      },
      "ConnectionType":0,
      "ConnectedWireIndex":-1,
      "ConnectedWireSegmentIndex":-1,
      "Points":[{"x":0.0,"y":0.0},{"x":0.0,"y":0.0}]
    },
    {
      "SourcePinAddress":{
        "PinID":0,
        "PinOwnerID":1964345202
      },
      "TargetPinAddress":{
        "PinID":1891478222,
        "PinOwnerID":1989956056
      },
      "ConnectionType":0,
      "ConnectedWireIndex":-1,
      "ConnectedWireSegmentIndex":-1,
      "Points":[{"x":0.0,"y":0.0},{"x":0.0,"y":0.0}]
    },
    {
      "SourcePinAddress":{
        "PinID":0,
        "PinOwnerID":1964345202
      },
      "TargetPinAddress":{
        "PinID":1891478222,
        "PinOwnerID":1692223656
      },
      "ConnectionType":1,
      "ConnectedWireIndex":3,
      "ConnectedWireSegmentIndex":0,
      "Points":[{"x":30.68754,"y":19.625},{"x":30.6875,"y":20.1875},{"x":0.0,"y":0.0}]
    },
    {
      "SourcePinAddress":{
        "PinID":0,
        "PinOwnerID":1964345202
      },
      "TargetPinAddress":{
        "PinID":1891478222,
        "PinOwnerID":28814361
      },
      "ConnectionType":1,
      "ConnectedWireIndex":4,
      "ConnectedWireSegmentIndex":0,
      "Points":[{"x":30.6875,"y":20.125},{"x":30.6875,"y":20.75},{"x":0.0,"y":0.0}]
    },
    {
      "SourcePinAddress":{
        "PinID":0,
        "PinOwnerID":1964345202
      },
      "TargetPinAddress":{
        "PinID":1891478222,
        "PinOwnerID":250167745
      },
      "ConnectionType":1,
      "ConnectedWireIndex":5,
      "ConnectedWireSegmentIndex":0,
      "Points":[{"x":30.6875,"y":20.75},{"x":30.6875,"y":21.3125},{"x":0.0,"y":0.0}]
    },
    {
      "SourcePinAddress":{
        "PinID":0,
        "PinOwnerID":1964345202
      },
      "TargetPinAddress":{
        "PinID":1891478222,
        "PinOwnerID":880510242
      },
      "ConnectionType":1,
      "ConnectedWireIndex":6,
      "ConnectedWireSegmentIndex":0,
      "Points":[{"x":30.6875,"y":21.3125},{"x":30.6875,"y":21.875},{"x":0.0,"y":0.0}]
    },
    {
      "SourcePinAddress":{
        "PinID":0,
        "PinOwnerID":1964345202
      },
      "TargetPinAddress":{
        "PinID":1891478222,
        "PinOwnerID":2036867407
      },
      "ConnectionType":1,
      "ConnectedWireIndex":7,
      "ConnectedWireSegmentIndex":0,
      "Points":[{"x":30.6875,"y":21.875},{"x":30.6875,"y":21.9375},{"x":30.6875,"y":22.4375},{"x":0.0,"y":0.0}]
    },
    {
      "SourcePinAddress":{
        "PinID":0,
        "PinOwnerID":1964345202
      },
      "TargetPinAddress":{
        "PinID":1891478222,
        "PinOwnerID":152559152
      },
      "ConnectionType":1,
      "ConnectedWireIndex":8,
      "ConnectedWireSegmentIndex":1,
      "Points":[{"x":30.6875,"y":22.4375},{"x":30.6875,"y":23.0},{"x":0.0,"y":0.0}]
    },
    {
      "SourcePinAddress":{
        "PinID":0,
        "PinOwnerID":1964345202
      },
      "TargetPinAddress":{
        "PinID":1891478222,
        "PinOwnerID":1071850248
      },
      "ConnectionType":1,
      "ConnectedWireIndex":9,
      "ConnectedWireSegmentIndex":0,
      "Points":[{"x":30.6875,"y":23.0},{"x":30.6875,"y":23.5625},{"x":0.0,"y":0.0}]
    },
    {
      "SourcePinAddress":{
        "PinID":1,
        "PinOwnerID":423850656
      },
      "TargetPinAddress":{
        "PinID":1012375142,
        "PinOwnerID":735918680
      },
      "ConnectionType":0,
      "ConnectedWireIndex":-1,
      "ConnectedWireSegmentIndex":-1,
      "Points":[{"x":0.0,"y":0.0},{"x":0.0,"y":0.0}]
    },
    {
      "SourcePinAddress":{
        "PinID":2,
        "PinOwnerID":423850656
      },
      "TargetPinAddress":{
        "PinID":1012375142,
        "PinOwnerID":1448672239
      },
      "ConnectionType":0,
      "ConnectedWireIndex":-1,
      "ConnectedWireSegmentIndex":-1,
      "Points":[{"x":0.0,"y":0.0},{"x":0.0,"y":0.0}]
    },
    {
      "SourcePinAddress":{
        "PinID":3,
        "PinOwnerID":423850656
      },
      "TargetPinAddress":{
        "PinID":1012375142,
        "PinOwnerID":1615308709
      },
      "ConnectionType":0,
      "ConnectedWireIndex":-1,
      "ConnectedWireSegmentIndex":-1,
      "Points":[{"x":0.0,"y":0.0},{"x":0.0,"y":0.0}]
    },
    {
      "SourcePinAddress":{
        "PinID":4,
        "PinOwnerID":423850656
      },
      "TargetPinAddress":{
        "PinID":1012375142,
        "PinOwnerID":124067644
      },
      "ConnectionType":0,
      "ConnectedWireIndex":-1,
      "ConnectedWireSegmentIndex":-1,
      "Points":[{"x":0.0,"y":0.0},{"x":0.0,"y":0.0}]
    },
    {
      "SourcePinAddress":{
        "PinID":5,
        "PinOwnerID":423850656
      },
      "TargetPinAddress":{
        "PinID":1012375142,
        "PinOwnerID":1364688999
      },
      "ConnectionType":0,
      "ConnectedWireIndex":-1,
      "ConnectedWireSegmentIndex":-1,
      "Points":[{"x":0.0,"y":0.0},{"x":0.0,"y":0.0}]
    },
    {
      "SourcePinAddress":{
        "PinID":6,
        "PinOwnerID":423850656
      },
      "TargetPinAddress":{
        "PinID":1012375142,
        "PinOwnerID":645388478
      },
      "ConnectionType":0,
      "ConnectedWireIndex":-1,
      "ConnectedWireSegmentIndex":-1,
      "Points":[{"x":0.0,"y":0.0},{"x":0.0,"y":0.0}]
    },
    {
      "SourcePinAddress":{
        "PinID":7,
        "PinOwnerID":423850656
      },
      "TargetPinAddress":{
        "PinID":1012375142,
        "PinOwnerID":1424998308
      },
      "ConnectionType":0,
      "ConnectedWireIndex":-1,
      "ConnectedWireSegmentIndex":-1,
      "Points":[{"x":0.0,"y":0.0},{"x":0.0,"y":0.0}]
    },
    {
      "SourcePinAddress":{
        "PinID":8,
        "PinOwnerID":423850656
      },
      "TargetPinAddress":{
        "PinID":1012375142,
        "PinOwnerID":863699446
      },
      "ConnectionType":0,
      "ConnectedWireIndex":-1,
      "ConnectedWireSegmentIndex":-1,
      "Points":[{"x":0.0,"y":0.0},{"x":0.0,"y":0.0}]
    },
    {
      "SourcePinAddress":{
        "PinID":84425304,
        "PinOwnerID":863699446
      },
      "TargetPinAddress":{
        "PinID":70153538,
        "PinOwnerID":1989956056
      },
      "ConnectionType":0,
      "ConnectedWireIndex":-1,
      "ConnectedWireSegmentIndex":-1,
      "Points":[{"x":0.0,"y":0.0},{"x":0.0,"y":0.0}]
    },
    {
      "SourcePinAddress":{
        "PinID":84425304,
        "PinOwnerID":1424998308
      },
      "TargetPinAddress":{
        "PinID":70153538,
        "PinOwnerID":1692223656
      },
      "ConnectionType":0,
      "ConnectedWireIndex":-1,
      "ConnectedWireSegmentIndex":-1,
      "Points":[{"x":0.0,"y":0.0},{"x":0.0,"y":0.0}]
    },
    {
      "SourcePinAddress":{
        "PinID":84425304,
        "PinOwnerID":645388478
      },
      "TargetPinAddress":{
        "PinID":70153538,
        "PinOwnerID":28814361
      },
      "ConnectionType":0,
      "ConnectedWireIndex":-1,
      "ConnectedWireSegmentIndex":-1,
      "Points":[{"x":0.0,"y":0.0},{"x":0.0,"y":0.0}]
    },
    {
      "SourcePinAddress":{
        "PinID":84425304,
        "PinOwnerID":1364688999
      },
      "TargetPinAddress":{
        "PinID":70153538,
        "PinOwnerID":250167745
      },
      "ConnectionType":0,
      "ConnectedWireIndex":-1,
      "ConnectedWireSegmentIndex":-1,
      "Points":[{"x":0.0,"y":0.0},{"x":0.0,"y":0.0}]
    },
    {
      "SourcePinAddress":{
        "PinID":84425304,
        "PinOwnerID":124067644
      },
      "TargetPinAddress":{
        "PinID":70153538,
        "PinOwnerID":880510242
      },
      "ConnectionType":0,
      "ConnectedWireIndex":-1,
      "ConnectedWireSegmentIndex":-1,
      "Points":[{"x":0.0,"y":0.0},{"x":0.0,"y":0.0}]
    },
    {
      "SourcePinAddress":{
        "PinID":84425304,
        "PinOwnerID":1615308709
      },
      "TargetPinAddress":{
        "PinID":70153538,
        "PinOwnerID":2036867407
      },
      "ConnectionType":0,
      "ConnectedWireIndex":-1,
      "ConnectedWireSegmentIndex":-1,
      "Points":[{"x":0.0,"y":0.0},{"x":0.0,"y":0.0}]
    },
    {
      "SourcePinAddress":{
        "PinID":84425304,
        "PinOwnerID":1448672239
      },
      "TargetPinAddress":{
        "PinID":70153538,
        "PinOwnerID":152559152
      },
      "ConnectionType":0,
      "ConnectedWireIndex":-1,
      "ConnectedWireSegmentIndex":-1,
      "Points":[{"x":0.0,"y":0.0},{"x":0.0,"y":0.0}]
    },
    {
      "SourcePinAddress":{
        "PinID":84425304,
        "PinOwnerID":735918680
      },
      "TargetPinAddress":{
        "PinID":70153538,
        "PinOwnerID":1071850248
      },
      "ConnectionType":0,
      "ConnectedWireIndex":-1,
      "ConnectedWireSegmentIndex":-1,
      "Points":[{"x":0.0,"y":0.0},{"x":0.0,"y":0.0}]
    },
    {
      "SourcePinAddress":{
        "PinID":0,
        "PinOwnerID":1182006170
      },
      "TargetPinAddress":{
        "PinID":0,
        "PinOwnerID":423850656
      },
      "ConnectionType":0,
      "ConnectedWireIndex":-1,
      "ConnectedWireSegmentIndex":-1,
      "Points":[{"x":0.0,"y":0.0},{"x":0.0,"y":0.0}]
    },
    {
      "SourcePinAddress":{
        "PinID":1165613228,
        "PinOwnerID":1989956056
      },
      "TargetPinAddress":{
        "PinID":1012375142,
        "PinOwnerID":838440287
      },
      "ConnectionType":0,
      "ConnectedWireIndex":-1,
      "ConnectedWireSegmentIndex":-1,
      "Points":[{"x":0.0,"y":0.0},{"x":0.0,"y":0.0}]
    },
    {
      "SourcePinAddress":{
        "PinID":1165613228,
        "PinOwnerID":1692223656
      },
      "TargetPinAddress":{
        "PinID":1012375142,
        "PinOwnerID":898508454
      },
      "ConnectionType":0,
      "ConnectedWireIndex":-1,
      "ConnectedWireSegmentIndex":-1,
      "Points":[{"x":0.0,"y":0.0},{"x":0.0,"y":0.0}]
    },
    {
      "SourcePinAddress":{
        "PinID":1165613228,
        "PinOwnerID":28814361
      },
      "TargetPinAddress":{
        "PinID":1012375142,
        "PinOwnerID":2092756366
      },
      "ConnectionType":0,
      "ConnectedWireIndex":-1,
      "ConnectedWireSegmentIndex":-1,
      "Points":[{"x":0.0,"y":0.0},{"x":0.0,"y":0.0}]
    },
    {
      "SourcePinAddress":{
        "PinID":1165613228,
        "PinOwnerID":250167745
      },
      "TargetPinAddress":{
        "PinID":1012375142,
        "PinOwnerID":1266202293
      },
      "ConnectionType":0,
      "ConnectedWireIndex":-1,
      "ConnectedWireSegmentIndex":-1,
      "Points":[{"x":0.0,"y":0.0},{"x":0.0,"y":0.0}]
    },
    {
      "SourcePinAddress":{
        "PinID":1165613228,
        "PinOwnerID":880510242
      },
      "TargetPinAddress":{
        "PinID":1012375142,
        "PinOwnerID":1599994953
      },
      "ConnectionType":0,
      "ConnectedWireIndex":-1,
      "ConnectedWireSegmentIndex":-1,
      "Points":[{"x":0.0,"y":0.0},{"x":0.0,"y":0.0}]
    },
    {
      "SourcePinAddress":{
        "PinID":1165613228,
        "PinOwnerID":2036867407
      },
      "TargetPinAddress":{
        "PinID":1012375142,
        "PinOwnerID":497934407
      },
      "ConnectionType":0,
      "ConnectedWireIndex":-1,
      "ConnectedWireSegmentIndex":-1,
      "Points":[{"x":0.0,"y":0.0},{"x":0.0,"y":0.0}]
    },
    {
      "SourcePinAddress":{
        "PinID":1165613228,
        "PinOwnerID":152559152
      },
      "TargetPinAddress":{
        "PinID":1012375142,
        "PinOwnerID":191323317
      },
      "ConnectionType":0,
      "ConnectedWireIndex":-1,
      "ConnectedWireSegmentIndex":-1,
      "Points":[{"x":0.0,"y":0.0},{"x":0.0,"y":0.0}]
    },
    {
      "SourcePinAddress":{
        "PinID":84425304,
        "PinOwnerID":191323317
      },
      "TargetPinAddress":{
        "PinID":1,
        "PinOwnerID":120241459
      },
      "ConnectionType":0,
      "ConnectedWireIndex":-1,
      "ConnectedWireSegmentIndex":-1,
      "Points":[{"x":0.0,"y":0.0},{"x":0.0,"y":0.0}]
    },
    {
      "SourcePinAddress":{
        "PinID":84425304,
        "PinOwnerID":497934407
      },
      "TargetPinAddress":{
        "PinID":2,
        "PinOwnerID":120241459
      },
      "ConnectionType":0,
      "ConnectedWireIndex":-1,
      "ConnectedWireSegmentIndex":-1,
      "Points":[{"x":0.0,"y":0.0},{"x":0.0,"y":0.0}]
    },
    {
      "SourcePinAddress":{
        "PinID":84425304,
        "PinOwnerID":1599994953
      },
      "TargetPinAddress":{
        "PinID":3,
        "PinOwnerID":120241459
      },
      "ConnectionType":0,
      "ConnectedWireIndex":-1,
      "ConnectedWireSegmentIndex":-1,
      "Points":[{"x":0.0,"y":0.0},{"x":0.0,"y":0.0}]
    },
    {
      "SourcePinAddress":{
        "PinID":84425304,
        "PinOwnerID":1266202293
      },
      "TargetPinAddress":{
        "PinID":4,
        "PinOwnerID":120241459
      },
      "ConnectionType":0,
      "ConnectedWireIndex":-1,
      "ConnectedWireSegmentIndex":-1,
      "Points":[{"x":0.0,"y":0.0},{"x":0.0,"y":0.0}]
    },
    {
      "SourcePinAddress":{
        "PinID":84425304,
        "PinOwnerID":2092756366
      },
      "TargetPinAddress":{
        "PinID":5,
        "PinOwnerID":120241459
      },
      "ConnectionType":0,
      "ConnectedWireIndex":-1,
      "ConnectedWireSegmentIndex":-1,
      "Points":[{"x":0.0,"y":0.0},{"x":0.0,"y":0.0}]
    },
    {
      "SourcePinAddress":{
        "PinID":84425304,
        "PinOwnerID":898508454
      },
      "TargetPinAddress":{
        "PinID":6,
        "PinOwnerID":120241459
      },
      "ConnectionType":0,
      "ConnectedWireIndex":-1,
      "ConnectedWireSegmentIndex":-1,
      "Points":[{"x":0.0,"y":0.0},{"x":0.0,"y":0.0}]
    },
    {
      "SourcePinAddress":{
        "PinID":84425304,
        "PinOwnerID":838440287
      },
      "TargetPinAddress":{
        "PinID":7,
        "PinOwnerID":120241459
      },
      "ConnectionType":0,
      "ConnectedWireIndex":-1,
      "ConnectedWireSegmentIndex":-1,
      "Points":[{"x":0.0,"y":0.0},{"x":0.0,"y":0.0}]
    },
    {
      "SourcePinAddress":{
        "PinID":8,
        "PinOwnerID":120241459
      },
      "TargetPinAddress":{
        "PinID":0,
        "PinOwnerID":1797695358
      },
      "ConnectionType":1,
      "ConnectedWireIndex":0,
      "ConnectedWireSegmentIndex":0,
      "Points":[{"x":35.32638,"y":21.49645},{"x":0.0,"y":0.0}]
    }
  ],
  "Displays": null
}