{
  "DLSVersion": "2.1.6",
  "Name": "PopCount, 8Bit",
  "NameLocation": 0,
  "ChipType": 0,
  "Size": {
    "x": 2.0,
    "y": 0.5
  },
  "Colour": {
    "r": 0.916860044,
    "g": 0.7779927,
    "b": 0.483259261,
    "a": 1
  },
  "InputPins":[
    {
      "Name":"IN",
      "ID":1695366687,
      "Position":{
        "x":-9.125,
        "y":-2.4375
      },
      "BitCount":8,
      "Colour":0,
      "ValueDisplayMode":0
    }
  ],
  "OutputPins":[
    {
      "Name":"OUT",
      "ID":1926616319,
      "Position":{
        "x":1.875,
        "y":-2.375
      },
      "BitCount":4,
      "Colour":0,
      "ValueDisplayMode":0
    }
  ],
  "SubChips":[
    {
      "Name":"Adder",
      "ID":967286982,
      "Label":"",
      "Position":{
        "x":-3.5525,
        "y":-1.125
      },
      "OutputPinColourInfo":[{"PinColour":0,"PinID":147812677},{"PinColour":0,"PinID":81369502}],
      "InternalData":null
    },
    {
      "Name":"8-1BIT",
      "ID":362041704,
      "Label":"",
      "Position":{
        "x":-7.1775,
        "y":-2.4375
      },
      "OutputPinColourInfo":[{"PinColour":0,"PinID":1},{"PinColour":1,"PinID":2},{"PinColour":2,"PinID":3},{"PinColour":3,"PinID":4},{"PinColour":4,"PinID":5},{"PinColour":5,"PinID":6},{"PinColour":6,"PinID":7},{"PinColour":7,"PinID":8}],
      "InternalData":null
    },
    {
      "Name":"XOR",
      "ID":1982512012,
      "Label":"",
      "Position":{
        "x":-5.2025,
        "y":-0.375
      },
      "OutputPinColourInfo":[{"PinColour":0,"PinID":821742823}],
      "InternalData":null
    },
    {
      "Name":"AND",
      "ID":550074880,
      "Label":"",
      "Position":{
        "x":-5.2025,
        "y":-0.9375
      },
      "OutputPinColourInfo":[{"PinColour":0,"PinID":726622901}],
      "InternalData":null
    },
    {
      "Name":"Adder",
      "ID":1525840793,
      "Label":"",
      "Position":{
        "x":-3.5525,
        "y":-1.9375
      },
      "OutputPinColourInfo":[{"PinColour":0,"PinID":147812677},{"PinColour":0,"PinID":81369502}],
      "InternalData":null
    },
    {
      "Name":"XOR",
      "ID":985113136,
      "Label":"",
      "Position":{
        "x":-5.2025,
        "y":-1.5
      },
      "OutputPinColourInfo":[{"PinColour":0,"PinID":821742823}],
      "InternalData":null
    },
    {
      "Name":"XOR",
      "ID":140058141,
      "Label":"",
      "Position":{
        "x":-5.2025,
        "y":-3.75
      },
      "OutputPinColourInfo":[{"PinColour":0,"PinID":821742823}],
      "InternalData":null
    },
    {
      "Name":"XOR",
      "ID":1995228966,
      "Label":"",
      "Position":{
        "x":-5.2025,
        "y":-2.625
      },
      "OutputPinColourInfo":[{"PinColour":0,"PinID":821742823}],
      "InternalData":null
    },
    {
      "Name":"AND",
      "ID":683348235,
      "Label":"",
      "Position":{
        "x":-5.2025,
        "y":-2.0625
      },
      "OutputPinColourInfo":[{"PinColour":0,"PinID":726622901}],
      "InternalData":null
    },
    {
      "Name":"AND",
      "ID":1413802735,
      "Label":"",
      "Position":{
        "x":-5.2025,
        "y":-3.1875
      },
      "OutputPinColourInfo":[{"PinColour":0,"PinID":726622901}],
      "InternalData":null
    },
    {
      "Name":"AND",
      "ID":1287242409,
      "Label":"",
      "Position":{
        "x":-5.2025,
        "y":-4.3125
      },
      "OutputPinColourInfo":[{"PinColour":0,"PinID":726622901}],
      "InternalData":null
    },
    {
      "Name":"Adder",
      "ID":126873122,
      "Label":"",
      "Position":{
        "x":-3.5525,
        "y":-2.75
      },
      "OutputPinColourInfo":[{"PinColour":0,"PinID":147812677},{"PinColour":0,"PinID":81369502}],
      "InternalData":null
    },
    {
      "Name":"Adder",
      "ID":1021681165,
      "Label":"",
      "Position":{
        "x":-3.5525,
        "y":-3.5625
      },
      "OutputPinColourInfo":[{"PinColour":0,"PinID":147812677},{"PinColour":0,"PinID":81369502}],
      "InternalData":null
    },
    {
      "Name":"Adder",
      "ID":841751071,
      "Label":"",
      "Position":{
        "x":-1.8025,
        "y":-1.5625
      },
      "OutputPinColourInfo":[{"PinColour":0,"PinID":147812677},{"PinColour":0,"PinID":81369502}],
      "InternalData":null
    },
    {
      "Name":"Adder",
      "ID":1898836176,
      "Label":"",
      "Position":{
        "x":-1.8025,
        "y":-2.375
      },
      "OutputPinColourInfo":[{"PinColour":0,"PinID":147812677},{"PinColour":0,"PinID":81369502}],
      "InternalData":null
    },
    {
      "Name":"Adder",
      "ID":2042384599,
      "Label":"",
      "Position":{
        "x":-1.8025,
        "y":-3.1875
      },
      "OutputPinColourInfo":[{"PinColour":0,"PinID":147812677},{"PinColour":0,"PinID":81369502}],
      "InternalData":null
    },
    {
      "Name":"1-4BIT",
      "ID":808511416,
      "Label":"",
      "Position":{
        "x":0.3225,
        "y":-2.375
      },
      "OutputPinColourInfo":[{"PinColour":0,"PinID":4}],
      "InternalData":null
    }
  ],
  "Wires":[
    {
      "SourcePinAddress":{
        "PinID":0,
        "PinOwnerID":1695366687
      },
      "TargetPinAddress":{
        "PinID":0,
        "PinOwnerID":362041704
      },
      "ConnectionType":0,
      "ConnectedWireIndex":-1,
      "ConnectedWireSegmentIndex":-1,
      "Points":[{"x":0.0,"y":0.0},{"x":0.0,"y":0.0}]
    },
    {
      "SourcePinAddress":{
        "PinID":1,
        "PinOwnerID":362041704
      },
      "TargetPinAddress":{
        "PinID":256332544,
        "PinOwnerID":1982512012
      },
      "ConnectionType":0,
      "ConnectedWireIndex":-1,
      "ConnectedWireSegmentIndex":-1,
      "Points":[{"x":0.0,"y":0.0},{"x":-5.875,"y":-1.5625},{"x":-5.875,"y":-0.25},{"x":0.0,"y":0.0}]
    },
    {
      "SourcePinAddress":{
        "PinID":2,
        "PinOwnerID":362041704
      },
      "TargetPinAddress":{
        "PinID":92039841,
        "PinOwnerID":1982512012
      },
      "ConnectionType":0,
      "ConnectedWireIndex":-1,
      "ConnectedWireSegmentIndex":-1,
      "Points":[{"x":0.0,"y":0.0},{"x":-5.8125,"y":-1.8125},{"x":-5.8125,"y":-0.5},{"x":0.0,"y":0.0}]
    },
    {
      "SourcePinAddress":{
        "PinID":2,
        "PinOwnerID":362041704
      },
      "TargetPinAddress":{
        "PinID":865093321,
        "PinOwnerID":550074880
      },
      "ConnectionType":0,
      "ConnectedWireIndex":-1,
      "ConnectedWireSegmentIndex":-1,
      "Points":[{"x":0.0,"y":0.0},{"x":-5.8125,"y":-1.8125},{"x":-5.8125,"y":-1.0625},{"x":0.0,"y":0.0}]
    },
    {
      "SourcePinAddress":{
        "PinID":821742823,
        "PinOwnerID":1982512012
      },
      "TargetPinAddress":{
        "PinID":821781895,
        "PinOwnerID":967286982
      },
      "ConnectionType":0,
      "ConnectedWireIndex":-1,
      "ConnectedWireSegmentIndex":-1,
      "Points":[{"x":0.0,"y":0.0},{"x":-4.625,"y":-0.375},{"x":-4.25,"y":-0.875},{"x":0.0,"y":0.0}]
    },
    {
      "SourcePinAddress":{
        "PinID":726622901,
        "PinOwnerID":550074880
      },
      "TargetPinAddress":{
        "PinID":821781895,
        "PinOwnerID":1525840793
      },
      "ConnectionType":0,
      "ConnectedWireIndex":-1,
      "ConnectedWireSegmentIndex":-1,
      "Points":[{"x":0.0,"y":0.0},{"x":-4.625,"y":-0.9375},{"x":-4.25,"y":-1.6875},{"x":0.0,"y":0.0}]
    },
    {
      "SourcePinAddress":{
        "PinID":3,
        "PinOwnerID":362041704
      },
      "TargetPinAddress":{
        "PinID":256332544,
        "PinOwnerID":985113136
      },
      "ConnectionType":0,
      "ConnectedWireIndex":-1,
      "ConnectedWireSegmentIndex":-1,
      "Points":[{"x":0.0,"y":0.0},{"x":-5.75,"y":-2.0625},{"x":-5.75,"y":-1.375},{"x":0.0,"y":0.0}]
    },
    {
      "SourcePinAddress":{
        "PinID":3,
        "PinOwnerID":362041704
      },
      "TargetPinAddress":{
        "PinID":1010112276,
        "PinOwnerID":683348235
      },
      "ConnectionType":0,
      "ConnectedWireIndex":-1,
      "ConnectedWireSegmentIndex":-1,
      "Points":[{"x":0.0,"y":0.0},{"x":-5.75,"y":-2.0625},{"x":-5.75,"y":-1.9375},{"x":0.0,"y":0.0}]
    },
    {
      "SourcePinAddress":{
        "PinID":4,
        "PinOwnerID":362041704
      },
      "TargetPinAddress":{
        "PinID":865093321,
        "PinOwnerID":683348235
      },
      "ConnectionType":0,
      "ConnectedWireIndex":-1,
      "ConnectedWireSegmentIndex":-1,
      "Points":[{"x":0.0,"y":0.0},{"x":-5.875,"y":-2.3125},{"x":-5.875,"y":-2.1875},{"x":0.0,"y":0.0}]
    },
    {
      "SourcePinAddress":{
        "PinID":5,
        "PinOwnerID":362041704
      },
      "TargetPinAddress":{
        "PinID":256332544,
        "PinOwnerID":1995228966
      },
      "ConnectionType":0,
      "ConnectedWireIndex":-1,
      "ConnectedWireSegmentIndex":-1,
      "Points":[{"x":0.0,"y":0.0},{"x":-5.625,"y":-2.5625},{"x":0.0,"y":0.0}]
    },
    {
      "SourcePinAddress":{
        "PinID":6,
        "PinOwnerID":362041704
      },
      "TargetPinAddress":{
        "PinID":865093321,
        "PinOwnerID":1413802735
      },
      "ConnectionType":0,
      "ConnectedWireIndex":-1,
      "ConnectedWireSegmentIndex":-1,
      "Points":[{"x":0.0,"y":0.0},{"x":-5.8125,"y":-2.8125},{"x":-5.8125,"y":-3.25},{"x":-5.625,"y":-3.25},{"x":0.0,"y":0.0}]
    },
    {
      "SourcePinAddress":{
        "PinID":5,
        "PinOwnerID":362041704
      },
      "TargetPinAddress":{
        "PinID":1010112276,
        "PinOwnerID":1413802735
      },
      "ConnectionType":0,
      "ConnectedWireIndex":-1,
      "ConnectedWireSegmentIndex":-1,
      "Points":[{"x":0.0,"y":0.0},{"x":-5.875,"y":-2.5625},{"x":-5.875,"y":-3.0},{"x":-5.625,"y":-3.0},{"x":0.0,"y":0.0}]
    },
    {
      "SourcePinAddress":{
        "PinID":7,
        "PinOwnerID":362041704
      },
      "TargetPinAddress":{
        "PinID":1010112276,
        "PinOwnerID":1287242409
      },
      "ConnectionType":0,
      "ConnectedWireIndex":-1,
      "ConnectedWireSegmentIndex":-1,
      "Points":[{"x":0.0,"y":0.0},{"x":-5.75,"y":-3.0625},{"x":-5.75,"y":-4.1875},{"x":0.0,"y":0.0}]
    },
    {
      "SourcePinAddress":{
        "PinID":8,
        "PinOwnerID":362041704
      },
      "TargetPinAddress":{
        "PinID":865093321,
        "PinOwnerID":1287242409
      },
      "ConnectionType":0,
      "ConnectedWireIndex":-1,
      "ConnectedWireSegmentIndex":-1,
      "Points":[{"x":0.0,"y":0.0},{"x":-5.6875,"y":-3.3125},{"x":-5.6875,"y":-4.4375},{"x":0.0,"y":0.0}]
    },
    {
      "SourcePinAddress":{
        "PinID":821742823,
        "PinOwnerID":985113136
      },
      "TargetPinAddress":{
        "PinID":2089255897,
        "PinOwnerID":967286982
      },
      "ConnectionType":0,
      "ConnectedWireIndex":-1,
      "ConnectedWireSegmentIndex":-1,
      "Points":[{"x":0.0,"y":0.0},{"x":-4.625,"y":-1.5},{"x":-4.25,"y":-1.125},{"x":0.0,"y":0.0}]
    },
    {
      "SourcePinAddress":{
        "PinID":726622901,
        "PinOwnerID":683348235
      },
      "TargetPinAddress":{
        "PinID":2089255897,
        "PinOwnerID":1525840793
      },
      "ConnectionType":0,
      "ConnectedWireIndex":-1,
      "ConnectedWireSegmentIndex":-1,
      "Points":[{"x":0.0,"y":0.0},{"x":-4.625,"y":-2.0625},{"x":-4.25,"y":-1.9375},{"x":0.0,"y":0.0}]
    },
    {
      "SourcePinAddress":{
        "PinID":81369502,
        "PinOwnerID":967286982
      },
      "TargetPinAddress":{
        "PinID":381679663,
        "PinOwnerID":1525840793
      },
      "ConnectionType":0,
      "ConnectedWireIndex":-1,
      "ConnectedWireSegmentIndex":-1,
      "Points":[{"x":0.0,"y":0.0},{"x":0.0,"y":0.0}]
    },
    {
      "SourcePinAddress":{
        "PinID":821742823,
        "PinOwnerID":1995228966
      },
      "TargetPinAddress":{
        "PinID":821781895,
        "PinOwnerID":126873122
      },
      "ConnectionType":0,
      "ConnectedWireIndex":-1,
      "ConnectedWireSegmentIndex":-1,
      "Points":[{"x":0.0,"y":0.0},{"x":-4.625,"y":-2.625},{"x":-4.25,"y":-2.5},{"x":0.0,"y":0.0}]
    },
    {
      "SourcePinAddress":{
        "PinID":81369502,
        "PinOwnerID":126873122
      },
      "TargetPinAddress":{
        "PinID":381679663,
        "PinOwnerID":1021681165
      },
      "ConnectionType":0,
      "ConnectedWireIndex":-1,
      "ConnectedWireSegmentIndex":-1,
      "Points":[{"x":0.0,"y":0.0},{"x":0.0,"y":0.0}]
    },
    {
      "SourcePinAddress":{
        "PinID":81369502,
        "PinOwnerID":841751071
      },
      "TargetPinAddress":{
        "PinID":381679663,
        "PinOwnerID":1898836176
      },
      "ConnectionType":0,
      "ConnectedWireIndex":-1,
      "ConnectedWireSegmentIndex":-1,
      "Points":[{"x":0.0,"y":0.0},{"x":0.0,"y":0.0}]
    },
    {
      "SourcePinAddress":{
        "PinID":81369502,
        "PinOwnerID":1898836176
      },
      "TargetPinAddress":{
        "PinID":381679663,
        "PinOwnerID":2042384599
      },
      "ConnectionType":0,
      "ConnectedWireIndex":-1,
      "ConnectedWireSegmentIndex":-1,
      "Points":[{"x":0.0,"y":0.0},{"x":0.0,"y":0.0}]
    },
    {
      "SourcePinAddress":{
        "PinID":147812677,
        "PinOwnerID":967286982
      },
      "TargetPinAddress":{
        "PinID":821781895,
        "PinOwnerID":841751071
      },
      "ConnectionType":0,
      "ConnectedWireIndex":-1,
      "ConnectedWireSegmentIndex":-1,
      "Points":[{"x":0.0,"y":0.0},{"x":-2.875,"y":-0.875},{"x":-2.5,"y":-1.3125},{"x":0.0,"y":0.0}]
    },
    {
      "SourcePinAddress":{
        "PinID":147812677,
        "PinOwnerID":1525840793
      },
      "TargetPinAddress":{
        "PinID":821781895,
        "PinOwnerID":1898836176
      },
      "ConnectionType":0,
      "ConnectedWireIndex":-1,
      "ConnectedWireSegmentIndex":-1,
      "Points":[{"x":0.0,"y":0.0},{"x":-2.875,"y":-1.6875},{"x":-2.5,"y":-2.125},{"x":0.0,"y":0.0}]
    },
    {
      "SourcePinAddress":{
        "PinID":81369502,
        "PinOwnerID":1525840793
      },
      "TargetPinAddress":{
        "PinID":821781895,
        "PinOwnerID":2042384599
      },
      "ConnectionType":0,
      "ConnectedWireIndex":-1,
      "ConnectedWireSegmentIndex":-1,
      "Points":[{"x":0.0,"y":0.0},{"x":-2.875,"y":-2.1875},{"x":-2.5,"y":-2.9375},{"x":0.0,"y":0.0}]
    },
    {
      "SourcePinAddress":{
        "PinID":147812677,
        "PinOwnerID":126873122
      },
      "TargetPinAddress":{
        "PinID":2089255897,
        "PinOwnerID":841751071
      },
      "ConnectionType":0,
      "ConnectedWireIndex":-1,
      "ConnectedWireSegmentIndex":-1,
      "Points":[{"x":0.0,"y":0.0},{"x":-2.875,"y":-2.5},{"x":-2.5,"y":-1.5625},{"x":0.0,"y":0.0}]
    },
    {
      "SourcePinAddress":{
        "PinID":147812677,
        "PinOwnerID":1021681165
      },
      "TargetPinAddress":{
        "PinID":2089255897,
        "PinOwnerID":1898836176
      },
      "ConnectionType":0,
      "ConnectedWireIndex":-1,
      "ConnectedWireSegmentIndex":-1,
      "Points":[{"x":0.0,"y":0.0},{"x":-2.875,"y":-3.3125},{"x":-2.5,"y":-2.375},{"x":0.0,"y":0.0}]
    },
    {
      "SourcePinAddress":{
        "PinID":81369502,
        "PinOwnerID":1021681165
      },
      "TargetPinAddress":{
        "PinID":2089255897,
        "PinOwnerID":2042384599
      },
      "ConnectionType":0,
      "ConnectedWireIndex":-1,
      "ConnectedWireSegmentIndex":-1,
      "Points":[{"x":0.0,"y":0.0},{"x":-2.875,"y":-3.8125},{"x":-2.5,"y":-3.1875},{"x":0.0,"y":0.0}]
    },
    {
      "SourcePinAddress":{
        "PinID":726622901,
        "PinOwnerID":1413802735
      },
      "TargetPinAddress":{
        "PinID":821781895,
        "PinOwnerID":1021681165
      },
      "ConnectionType":0,
      "ConnectedWireIndex":-1,
      "ConnectedWireSegmentIndex":-1,
      "Points":[{"x":0.0,"y":0.0},{"x":-4.625,"y":-3.1875},{"x":-4.25,"y":-3.3125},{"x":0.0,"y":0.0}]
    },
    {
      "SourcePinAddress":{
        "PinID":821742823,
        "PinOwnerID":140058141
      },
      "TargetPinAddress":{
        "PinID":2089255897,
        "PinOwnerID":126873122
      },
      "ConnectionType":0,
      "ConnectedWireIndex":-1,
      "ConnectedWireSegmentIndex":-1,
      "Points":[{"x":0.0,"y":0.0},{"x":-4.625,"y":-3.75},{"x":-4.25,"y":-2.75},{"x":0.0,"y":0.0}]
    },
    {
      "SourcePinAddress":{
        "PinID":726622901,
        "PinOwnerID":1287242409
      },
      "TargetPinAddress":{
        "PinID":2089255897,
        "PinOwnerID":1021681165
      },
      "ConnectionType":0,
      "ConnectedWireIndex":-1,
      "ConnectedWireSegmentIndex":-1,
      "Points":[{"x":0.0,"y":0.0},{"x":-4.625,"y":-4.3125},{"x":-4.25,"y":-3.5625},{"x":0.0,"y":0.0}]
    },
    {
      "SourcePinAddress":{
        "PinID":4,
        "PinOwnerID":808511416
      },
      "TargetPinAddress":{
        "PinID":0,
        "PinOwnerID":1926616319
      },
      "ConnectionType":0,
      "ConnectedWireIndex":-1,
      "ConnectedWireSegmentIndex":-1,
      "Points":[{"x":0.0,"y":0.0},{"x":0.0,"y":0.0}]
    },
    {
      "SourcePinAddress":{
        "PinID":147812677,
        "PinOwnerID":841751071
      },
      "TargetPinAddress":{
        "PinID":0,
        "PinOwnerID":808511416
      },
      "ConnectionType":0,
      "ConnectedWireIndex":-1,
      "ConnectedWireSegmentIndex":-1,
      "Points":[{"x":0.0,"y":0.0},{"x":-1.0,"y":-1.3125},{"x":-0.5,"y":-2.0},{"x":0.0,"y":0.0}]
    },
    {
      "SourcePinAddress":{
        "PinID":147812677,
        "PinOwnerID":1898836176
      },
      "TargetPinAddress":{
        "PinID":1,
        "PinOwnerID":808511416
      },
      "ConnectionType":0,
      "ConnectedWireIndex":-1,
      "ConnectedWireSegmentIndex":-1,
      "Points":[{"x":0.0,"y":0.0},{"x":-1.0,"y":-2.125},{"x":-0.5,"y":-2.25},{"x":0.0,"y":0.0}]
    },
    {
      "SourcePinAddress":{
        "PinID":147812677,
        "PinOwnerID":2042384599
      },
      "TargetPinAddress":{
        "PinID":2,
        "PinOwnerID":808511416
      },
      "ConnectionType":0,
      "ConnectedWireIndex":-1,
      "ConnectedWireSegmentIndex":-1,
      "Points":[{"x":0.0,"y":0.0},{"x":-1.0,"y":-2.9375},{"x":-0.5,"y":-2.5},{"x":0.0,"y":0.0}]
    },
    {
      "SourcePinAddress":{
        "PinID":81369502,
        "PinOwnerID":2042384599
      },
      "TargetPinAddress":{
        "PinID":3,
        "PinOwnerID":808511416
      },
      "ConnectionType":0,
      "ConnectedWireIndex":-1,
      "ConnectedWireSegmentIndex":-1,
      "Points":[{"x":0.0,"y":0.0},{"x":-1.0,"y":-3.4375},{"x":-0.5,"y":-2.75},{"x":0.0,"y":0.0}]
    },
    {
      "SourcePinAddress":{
        "PinID":8,
        "PinOwnerID":362041704
      },
      "TargetPinAddress":{
        "PinID":92039841,
        "PinOwnerID":140058141
      },
      "ConnectionType":1,
      "ConnectedWireIndex":13,
      "ConnectedWireSegmentIndex":1,
      "Points":[{"x":-5.6875,"y":-3.875},{"x":0.0,"y":0.0}]
    },
    {
      "SourcePinAddress":{
        "PinID":7,
        "PinOwnerID":362041704
      },
      "TargetPinAddress":{
        "PinID":256332544,
        "PinOwnerID":140058141
      },
      "ConnectionType":1,
      "ConnectedWireIndex":12,
      "ConnectedWireSegmentIndex":1,
      "Points":[{"x":-5.75,"y":-3.625},{"x":0.0,"y":0.0}]
    },
    {
      "SourcePinAddress":{
        "PinID":6,
        "PinOwnerID":362041704
      },
      "TargetPinAddress":{
        "PinID":92039841,
        "PinOwnerID":1995228966
      },
      "ConnectionType":1,
      "ConnectedWireIndex":10,
      "ConnectedWireSegmentIndex":0,
      "Points":[{"x":-5.8125,"y":-2.8125},{"x":-5.625,"y":-2.8125},{"x":0.0,"y":0.0}]
    },
    {
      "SourcePinAddress":{
        "PinID":4,
        "PinOwnerID":362041704
      },
      "TargetPinAddress":{
        "PinID":92039841,
        "PinOwnerID":985113136
      },
      "ConnectionType":1,
      "ConnectedWireIndex":8,
      "ConnectedWireSegmentIndex":1,
      "Points":[{"x":-5.875,"y":-2.1875},{"x":-5.875,"y":-1.625},{"x":0.0,"y":0.0}]
    },
    {
      "SourcePinAddress":{
        "PinID":1,
        "PinOwnerID":362041704
      },
      "TargetPinAddress":{
        "PinID":1010112276,
        "PinOwnerID":550074880
      },
      "ConnectionType":1,
      "ConnectedWireIndex":1,
      "ConnectedWireSegmentIndex":1,
      "Points":[{"x":-5.875,"y":-0.8125},{"x":0.0,"y":0.0}]
    }
  ],
  "Displays":[]
}