{
  "DLSVersion": "2.1.6",
  "Name": "T Latch",
  "NameLocation": 0,
  "ChipType": 0,
  "Size": {
    "x": 1.025,
    "y": 0.5
  },
  "Colour": {
    "r": 0.327602416,
    "g": 0.5766156,
    "b": 0.421298385,
    "a": 1
  },
  "InputPins":[
    {
      "Name":"IN",
      "ID":1263699465,
      "Position":{
        "x":29.125,
        "y":19.375
      },
      "BitCount":1,
      "Colour":0,
      "ValueDisplayMode":0
    },
    {
      "Name":"CLS",
      "ID":284877230,
      "Position":{
        "x":29.125,
        "y":18.25
      },
      "BitCount":1,
      "Colour":0,
      "ValueDisplayMode":0
    }
  ],
  "OutputPins":[
    {
      "Name":"OUT",
      "ID":88060233,
      "Position":{
        "x":35.5,
        "y":19.25
      },
      "BitCount":1,
      "Colour":0,
      "ValueDisplayMode":0
    }
  ],
  "SubChips":[
    {
      "Name":"D Latch",
      "ID":266222350,
      "Label":"",
      "Position":{
        "x":33.7725,
        "y":19.125
      },
      "OutputPinColourInfo":[{"PinColour":4,"PinID":1866451594},{"PinColour":0,"PinID":345729972}],
      "InternalData":null
    },
    {
      "Name":"D Latch",
      "ID":271708820,
      "Label":"",
      "Position":{
        "x":32.3975,
        "y":19.375
      },
      "OutputPinColourInfo":[{"PinColour":0,"PinID":1866451594},{"PinColour":0,"PinID":345729972}],
      "InternalData":null
    },
    {
      "Name":"NOT",
      "ID":2110746333,
      "Label":"",
      "Position":{
        "x":31.2975,
        "y":19.25
      },
      "OutputPinColourInfo":[{"PinColour":0,"PinID":84425304}],
      "InternalData":null
    },
    {
      "Name":"D Latch",
      "ID":217496333,
      "Label":"",
      "Position":{
        "x":33.7725,
        "y":18.375
      },
      "OutputPinColourInfo":[{"PinColour":0,"PinID":1866451594},{"PinColour":0,"PinID":345729972}],
      "InternalData":null
    },
    {
      "Name":"OR",
      "ID":590917327,
      "Label":"",
      "Position":{
        "x":30.3475,
        "y":19.25
      },
      "OutputPinColourInfo":[{"PinColour":1,"PinID":1165613228}],
      "InternalData":null
    },
    {
      "Name":"AND",
      "ID":1660868775,
      "Label":"",
      "Position":{
        "x":32.4225,
        "y":18.375
      },
      "OutputPinColourInfo":[{"PinColour":3,"PinID":726622901}],
      "InternalData":null
    }
  ],
  "Wires":[
    {
      "SourcePinAddress":{
        "PinID":84425304,
        "PinOwnerID":2110746333
      },
      "TargetPinAddress":{
        "PinID":1190534317,
        "PinOwnerID":271708820
      },
      "ConnectionType":0,
      "ConnectedWireIndex":-1,
      "ConnectedWireSegmentIndex":-1,
      "Points":[{"x":0.0,"y":0.0},{"x":0.0,"y":0.0}]
    },
    {
      "SourcePinAddress":{
        "PinID":345729972,
        "PinOwnerID":271708820
      },
      "TargetPinAddress":{
        "PinID":77774206,
        "PinOwnerID":266222350
      },
      "ConnectionType":0,
      "ConnectedWireIndex":-1,
      "ConnectedWireSegmentIndex":-1,
      "Points":[{"x":0.0,"y":0.0},{"x":0.0,"y":0.0}]
    },
    {
      "SourcePinAddress":{
        "PinID":1866451594,
        "PinOwnerID":266222350
      },
      "TargetPinAddress":{
        "PinID":77774206,
        "PinOwnerID":271708820
      },
      "ConnectionType":0,
      "ConnectedWireIndex":-1,
      "ConnectedWireSegmentIndex":-1,
      "Points":[{"x":0.0,"y":0.0},{"x":34.5625,"y":19.25},{"x":34.5625,"y":19.75},{"x":31.6875,"y":19.75},{"x":31.6875,"y":19.5},{"x":0.0,"y":0.0}]
    },
    {
      "SourcePinAddress":{
        "PinID":1866451594,
        "PinOwnerID":266222350
      },
      "TargetPinAddress":{
        "PinID":0,
        "PinOwnerID":88060233
      },
      "ConnectionType":1,
      "ConnectedWireIndex":2,
      "ConnectedWireSegmentIndex":1,
      "Points":[{"x":34.5625,"y":19.25},{"x":0.0,"y":0.0}]
    },
    {
      "SourcePinAddress":{
        "PinID":0,
        "PinOwnerID":1263699465
      },
      "TargetPinAddress":{
        "PinID":70153538,
        "PinOwnerID":590917327
      },
      "ConnectionType":0,
      "ConnectedWireIndex":-1,
      "ConnectedWireSegmentIndex":-1,
      "Points":[{"x":0.0,"y":0.0},{"x":0.0,"y":0.0}]
    },
    {
      "SourcePinAddress":{
        "PinID":1165613228,
        "PinOwnerID":590917327
      },
      "TargetPinAddress":{
        "PinID":1012375142,
        "PinOwnerID":2110746333
      },
      "ConnectionType":0,
      "ConnectedWireIndex":-1,
      "ConnectedWireSegmentIndex":-1,
      "Points":[{"x":0.0,"y":0.0},{"x":30.75,"y":19.25},{"x":30.75,"y":19.25},{"x":0.0,"y":0.0}]
    },
    {
      "SourcePinAddress":{
        "PinID":1165613228,
        "PinOwnerID":590917327
      },
      "TargetPinAddress":{
        "PinID":1190534317,
        "PinOwnerID":266222350
      },
      "ConnectionType":1,
      "ConnectedWireIndex":5,
      "ConnectedWireSegmentIndex":1,
      "Points":[{"x":30.75,"y":19.25},{"x":30.75,"y":19.0},{"x":0.0,"y":0.0}]
    },
    {
      "SourcePinAddress":{
        "PinID":1866451594,
        "PinOwnerID":266222350
      },
      "TargetPinAddress":{
        "PinID":77774206,
        "PinOwnerID":217496333
      },
      "ConnectionType":1,
      "ConnectedWireIndex":2,
      "ConnectedWireSegmentIndex":1,
      "Points":[{"x":34.5625,"y":19.25},{"x":34.5625,"y":18.75},{"x":33.0625,"y":18.75},{"x":33.0625,"y":18.5},{"x":0.0,"y":0.0}]
    },
    {
      "SourcePinAddress":{
        "PinID":726622901,
        "PinOwnerID":1660868775
      },
      "TargetPinAddress":{
        "PinID":1891478222,
        "PinOwnerID":590917327
      },
      "ConnectionType":0,
      "ConnectedWireIndex":-1,
      "ConnectedWireSegmentIndex":-1,
      "Points":[{"x":0.0,"y":0.0},{"x":32.9375,"y":18.375},{"x":32.9375,"y":18.875},{"x":29.9375,"y":18.875},{"x":29.9375,"y":19.125},{"x":0.0,"y":0.0}]
    },
    {
      "SourcePinAddress":{
        "PinID":1866451594,
        "PinOwnerID":266222350
      },
      "TargetPinAddress":{
        "PinID":1010112276,
        "PinOwnerID":1660868775
      },
      "ConnectionType":1,
      "ConnectedWireIndex":7,
      "ConnectedWireSegmentIndex":1,
      "Points":[{"x":33.0625,"y":18.75},{"x":31.875,"y":18.75},{"x":31.875,"y":18.5},{"x":0.0,"y":0.0}]
    },
    {
      "SourcePinAddress":{
        "PinID":0,
        "PinOwnerID":284877230
      },
      "TargetPinAddress":{
        "PinID":865093321,
        "PinOwnerID":1660868775
      },
      "ConnectionType":0,
      "ConnectedWireIndex":-1,
      "ConnectedWireSegmentIndex":-1,
      "Points":[{"x":0.0,"y":0.0},{"x":0.0,"y":0.0}]
    },
    {
      "SourcePinAddress":{
        "PinID":0,
        "PinOwnerID":284877230
      },
      "TargetPinAddress":{
        "PinID":1190534317,
        "PinOwnerID":217496333
      },
      "ConnectionType":0,
      "ConnectedWireIndex":-1,
      "ConnectedWireSegmentIndex":-1,
      "Points":[{"x":0.0,"y":0.0},{"x":32.0,"y":18.25},{"x":32.0,"y":18.0625},{"x":33.0,"y":18.0625},{"x":33.0,"y":18.25},{"x":0.0,"y":0.0}]
    }
  ],
  "Displays":[]
}