{
  "DLSVersion": "2.1.6",
  "Name": "XOR",
  "NameLocation": 0,
  "ChipType": 0,
  "Size": {
    "x": 0.575,
    "y": 0.5
  },
  "Colour": {
    "r": 0.8614203,
    "g": 0.699267864,
    "b": 0.978984058,
    "a": 1
  },
  "InputPins":[
    {
      "Name":"IN",
      "ID":256332544,
      "Position":{
        "x":-5.625,
        "y":-1.0625
      },
      "BitCount":1,
      "Colour":0,
      "ValueDisplayMode":0
    },
    {
      "Name":"IN",
      "ID":92039841,
      "Position":{
        "x":-5.625,
        "y":-2.25
      },
      "BitCount":1,
      "Colour":0,
      "ValueDisplayMode":0
    }
  ],
  "OutputPins":[
    {
      "Name":"OUT",
      "ID":821742823,
      "Position":{
        "x":-1.125,
        "y":-1.6875
      },
      "BitCount":1,
      "Colour":0,
      "ValueDisplayMode":0
    }
  ],
  "SubChips":[
    {
      "Name":"NOT",
      "ID":1760415513,
      "Label":"",
      "Position":{
        "x":-4.3275,
        "y":-1.375
      },
      "OutputPinColourInfo":[{"PinColour":0,"PinID":84425304}],
      "InternalData":null
    },
    {
      "Name":"NOT",
      "ID":431073161,
      "Label":"",
      "Position":{
        "x":-4.3275,
        "y":-1.9375
      },
      "OutputPinColourInfo":[{"PinColour":0,"PinID":84425304}],
      "InternalData":null
    },
    {
      "Name":"AND",
      "ID":1393475357,
      "Label":"",
      "Position":{
        "x":-3.2025,
        "y":-1.375
      },
      "OutputPinColourInfo":[{"PinColour":0,"PinID":726622901}],
      "InternalData":null
    },
    {
      "Name":"OR",
      "ID":918048968,
      "Label":"",
      "Position":{
        "x":-2.4025,
        "y":-1.6875
      },
      "OutputPinColourInfo":[{"PinColour":0,"PinID":1165613228}],
      "InternalData":null
    },
    {
      "Name":"AND",
      "ID":1059716158,
      "Label":"",
      "Position":{
        "x":-3.2025,
        "y":-1.9375
      },
      "OutputPinColourInfo":[{"PinColour":0,"PinID":726622901}],
      "InternalData":null
    }
  ],
  "Wires":[
    {
      "SourcePinAddress":{
        "PinID":726622901,
        "PinOwnerID":1393475357
      },
      "TargetPinAddress":{
        "PinID":70153538,
        "PinOwnerID":918048968
      },
      "ConnectionType":0,
      "ConnectedWireIndex":-1,
      "ConnectedWireSegmentIndex":-1,
      "Points":[{"x":0.0,"y":0.0},{"x":0.0,"y":0.0}]
    },
    {
      "SourcePinAddress":{
        "PinID":726622901,
        "PinOwnerID":1059716158
      },
      "TargetPinAddress":{
        "PinID":1891478222,
        "PinOwnerID":918048968
      },
      "ConnectionType":0,
      "ConnectedWireIndex":-1,
      "ConnectedWireSegmentIndex":-1,
      "Points":[{"x":0.0,"y":0.0},{"x":0.0,"y":0.0}]
    },
    {
      "SourcePinAddress":{
        "PinID":1165613228,
        "PinOwnerID":918048968
      },
      "TargetPinAddress":{
        "PinID":0,
        "PinOwnerID":821742823
      },
      "ConnectionType":0,
      "ConnectedWireIndex":-1,
      "ConnectedWireSegmentIndex":-1,
      "Points":[{"x":0.0,"y":0.0},{"x":0.0,"y":0.0}]
    },
    {
      "SourcePinAddress":{
        "PinID":0,
        "PinOwnerID":92039841
      },
      "TargetPinAddress":{
        "PinID":1012375142,
        "PinOwnerID":431073161
      },
      "ConnectionType":0,
      "ConnectedWireIndex":-1,
      "ConnectedWireSegmentIndex":-1,
      "Points":[{"x":0.0,"y":0.0},{"x":-4.75,"y":-2.25},{"x":-4.75,"y":-1.9375},{"x":0.0,"y":0.0}]
    },
    {
      "SourcePinAddress":{
        "PinID":0,
        "PinOwnerID":256332544
      },
      "TargetPinAddress":{
        "PinID":1012375142,
        "PinOwnerID":1760415513
      },
      "ConnectionType":0,
      "ConnectedWireIndex":-1,
      "ConnectedWireSegmentIndex":-1,
      "Points":[{"x":0.0,"y":0.0},{"x":-4.75,"y":-1.0625},{"x":-4.75,"y":-1.375},{"x":0.0,"y":0.0}]
    },
    {
      "SourcePinAddress":{
        "PinID":0,
        "PinOwnerID":256332544
      },
      "TargetPinAddress":{
        "PinID":1010112276,
        "PinOwnerID":1393475357
      },
      "ConnectionType":0,
      "ConnectedWireIndex":-1,
      "ConnectedWireSegmentIndex":-1,
      "Points":[{"x":0.0,"y":0.0},{"x":-3.6875,"y":-1.0625},{"x":-3.6875,"y":-1.25},{"x":0.0,"y":0.0}]
    },
    {
      "SourcePinAddress":{
        "PinID":84425304,
        "PinOwnerID":431073161
      },
      "TargetPinAddress":{
        "PinID":865093321,
        "PinOwnerID":1393475357
      },
      "ConnectionType":0,
      "ConnectedWireIndex":-1,
      "ConnectedWireSegmentIndex":-1,
      "Points":[{"x":0.0,"y":0.0},{"x":-3.875,"y":-1.9375},{"x":-3.6875,"y":-1.5},{"x":0.0,"y":0.0}]
    },
    {
      "SourcePinAddress":{
        "PinID":84425304,
        "PinOwnerID":1760415513
      },
      "TargetPinAddress":{
        "PinID":1010112276,
        "PinOwnerID":1059716158
      },
      "ConnectionType":0,
      "ConnectedWireIndex":-1,
      "ConnectedWireSegmentIndex":-1,
      "Points":[{"x":0.0,"y":0.0},{"x":-3.875,"y":-1.375},{"x":-3.6875,"y":-1.8125},{"x":0.0,"y":0.0}]
    },
    {
      "SourcePinAddress":{
        "PinID":0,
        "PinOwnerID":92039841
      },
      "TargetPinAddress":{
        "PinID":865093321,
        "PinOwnerID":1059716158
      },
      "ConnectionType":0,
      "ConnectedWireIndex":-1,
      "ConnectedWireSegmentIndex":-1,
      "Points":[{"x":0.0,"y":0.0},{"x":-3.6875,"y":-2.25},{"x":-3.6875,"y":-2.0625},{"x":0.0,"y":0.0}]
    }
  ],
  "Displays": null
}